100000
3792 909504 227879 377147 426546 643795 471083 968254 593113 594702 387071 175171 867069 453780 528593 932413 900370 425394 731861 254725
877521 528161 615218 902320 385768 114914 485027 205798 391035 775869 585533 731422 720176 199223 132067 306328 861817 686029 575733 938582
746509 389800 702580 567621 889740 837770 681579 52300 57911 953339 982054 599249 95817 44506 65381 341599 479853 334063 981604 958668
202746 373592 82239 482638 246441 554663 822230 863448 595117 753836 720923 894455 437529 959 792102 247505 424105 66672 954962 498891
154424 483464 998169 861822 775819 325245 729576 780893 89645 91093 30691 283135 412006 302635 385985 306635 679095 427550 803645 88488
73885 736420 210825 129572 567021 742588 907341 618396 121645 350861 562822 992039 3188 153186 308096 554724 898000 214847 599785 825690
266379 197825 135979 386912 333304 33368 327111 161724 302847 968534 912636 528793 856146 469817 446895 491983 702601 737563 765475 819335
219571 286561 576368 972301 781578 727087 105092 505032 410882 706586 338424 281203 723047 998907 103155 753709 852785 451002 885616 500132
172233 721083 680935 379621 114766 154180 174070 472415 298631 404088 422281 776180 923531 487753 850171 120986 938174 688083 943500 315990
650176 865330 139853 609732 536460 126759 584477 553820 533005 782170 961944 300353 101601 199373 196853 393482 643715 190960 794015 414127
221638 318170 68992 718129 467465 661294 231905 529231 311252 582254 446645 567543 203240 351356 934423 327708 968388 385123 210818 149014
503956 807405 985540 215626 531391 515759 263596 409389 788682 943182 737785 910244 317270 204487 612959 27676 310132 738047 490095 374080
635897 620678 109138 749661 481941 457518 526516 595636 441662 869376 890194 122120 322766 188882 180179 650763 320446 591445 337835 365483
187743 414289 469751 84759 866234 272645 237464 911185 20975 262500 45896 774916 16620 786313 532223 571456 863971 379304 42624 37497
636726 54601 372888 133594 474087 85210 53893 478177 796007 256233 207586 429873 543568 721033 144748 967499 432798 110921 363672 82592
165927 445278 912045 752148 499547 575756 508731 826502 800650 267580 879200 45844 581813 278865 492617 171358 577130 872437 335599 921542
853440 926633 569124 250582 588659 602991 802405 546103 71227 95769 430759 955780 623614 539082 206749 204200 113537 335811 61651 390298
316602 833850 754315 37306 498104 984829 528511 628841 81445 643107 297213 673085 398141 903149 935692 725030 56380 833268 590167 550915
875191 687989 679999 742272 937 854773 395154 145058 866277 83676 457311 38271 529700 472791 787325 852517 694849 901125 460218 991051
342114 257067 643114 716751 168140 740998 988701 279412 602014 261818 765007 622029 877100 783283 595391 127618 339042 281005 683052 707682
337380 161566 821520 413386 67833 54624 855297 713296 251122 619897 8246 122133 455920 82712 27186 831910 483236 3361 483973 44706
738325 858681 17160 272323 540469 711505 356848 754359 982746 60137 986671 622233 690692 249235 599151 737372 910441 25078 986568 217957
90901 164794 544809 243953 226618 47566 178131 636819 935529 375381 955126 992477 230643 162735 185740 53473 953699 138595 517112 8833
48327 455870 592518 485208 389073 7681 476214 666382 243908 46668 425823 943433 81203 17095 418942 744427 961672 224756 660547 770861
31157 453594 831320 376483 549763 356759 39312 667986 754294 263928 206376 546047 464291 297696 697209 369535 149935 954081 673349 273665
999934 281237 574904 881798 561727 365537 455503 336553 309195 737668 578819 490092 423742 401840 148371 905644 558195 217002 345883 795855
818657 35214 453551 758050 653616 768683 928879 946322 83497 172632 27996 551603 616430 846139 744201 132007 775317 72108 818722 998685
786352 67489 903442 667938 914277 930210 712853 978621 323394 853870 688206 426371 359643 665029 295660 713799 889993 550388 948588 553140
617497 795400 145873 22910 505057 517905 330689 119783 743465 243274 452510 308668 541107 297511 454478 147166 168951 457309 314428 127047
915482 436440 217664 253980 961396 193283 378874 41452 586543 527140 719668 617588 975210 65507 526871 850386 639273 665805 690804 230367
285544 683089 969896 471890 590961 31470 909572 843652 974913 881566 276416 274241 200772 27193 870477 556148 698963 107817 477297 882546
343127 98365 432657 460776 616107 344242 713123 984905 877009 582536 210606 173611 732050 750227 935182 17941 969070 944181 188474 833730
537486 697898 718467 583778 326861 957343 841648 440261 178508 431600 45716 635535 120324 332507 803607 786354 910186 89654 372141 472971
143281 188385 974898 909631 668592 870872 952984 109327 835914 834555 282136 658465 156144 773025 836692 65994 882074 327623 866880 665335
166084 907875 159619 905558 960386 66682 133725 196628 803371 322686 977288 728487 483464 728755 889122 964471 70345 680 355544 244586
214807 864591 874473 256340 533495 646617 899341 648359 559074 644069 200418 121435 788732 524960 174325 37635 321555 790174 957474 360949
809700 726310 839958 295629 50396 486755 28443 839667 622041 102549 821742 258109 372635 368159 761841 175015 860408 997978 349652 614590
372478 217750 53952 838398 745121 315423 10978 912446 468750 437726 877368 130578 615791 459508 195440 369315 40045 611279 767133 830858
717464 309958 191657 456529 421290 539760 355563 239439 487620 656281 882639 841879 915648 685979 149245 130963 493180 168859 322513 784550
462033 605863 120464 564511 855049 73867 515811 16148 361165 140320 31190 318889 572940 163634 565202 660675 57024 570770 83658 251421
305225 194874 524725 77062 793156 522626 487795 724181 229991 662407 95764 595649 949257 569979 808948 434574 120049 340274 440179 899526
575949 468169 773051 888142 390185 713358 263275 246469 884751 279859 884730 267217 483991 625982 312024 909310 553991 735452 483916 579750
270507 208859 495692 978604 339725 414341 500426 751239 12068 919644 546001 685953 501861 35934 149316 132097 643240 448512 250027 702691
322002 438187 180964 600459 103591 602067 943199 877672 872652 432367 304499 146558 96585 806008 636793 490701 937289 251567 834247 352191
94588 37543 319535 83740 183051 972594 160810 429540 279124 495872 608066 169138 920331 341124 170220 770940 281988 495387 223470 190297
573220 339994 370669 544235 711423 496509 310740 379788 455740 820511 585393 869603 628410 143385 135269 80675 62048 833143 241972 64775
223995 297520 240470 188946 874711 533384 63658 377028 984097 515507 102642 677393 43839 575115 616412 792024 806213 979757 403336 489102
923177 476734 566747 547915 922581 771530 698887 875254 223557 922278 502553 282809 432629 195842 842804 244658 994041 752134 393663 678866
348742 803423 547731 232664 831535 462663 5281 745483 342617 952018 314781 309085 414116 777542 217837 876236 174694 285129 949683 44359
401903 39203 606861 369195 252111 146310 42096 758040 99640 69093 509272 422436 313786 501652 504947 702830 134190 347025 149829 527290
885731 343362 415179 579755 321301 235991 798664 471067 364132 909885 719065 740507 898661 753333 776502 652315 439109 169399 365628 862145
636556 221197 202060 538509 949923 803169 550662 574635 29509 714579 292986 967749 338305 760671 400772 207313 175240 712094 666516 167490
491337 17970 356570 624204 1243 398549 23229 448266 67790 755514 2788 850756 628228 7902 10639 546392 702345 876309 566639 13926
728257 691341 829251 859648 307054 839935 118442 331055 504627 184939 428542 162923 151578 934843 749028 611356 146010 264409 847729 135171
523362 31140 19960 533680 353880 988908 51862 715754 582321 336696 778491 265343 804057 296984 107031 843946 988499 685483 69906 464062
869970 679050 709328 903870 744671 863472 859574 332982 622381 113414 406335 767812 670418 357318 45187 872217 729993 89974 700092 569215
970431 376729 38351 965081 970906 721270 744218 176488 369720 373813 282724 141969 896338 882377 726172 747959 310787 878677 392821 675225
927467 9850 140534 664615 82397 597561 594384 658052 683814 646676 923678 531451 997344 875760 43280 815606 354146 218342 269008 899614
127250 651364 608326 272189 865141 469964 91208 31704 559473 396068 452507 776772 30099 243089 799611 635208 979337 967101 764524 14732
247375 122358 784757 646048 31204 198254 534628 814457 801380 203462 794565 502155 262000 39361 21461 795186 9247 845274 930704 397500
672393 906097 321170 905577 683339 226817 360621 153170 754542 189329 330777 572941 78326 508979 533325 3446 263911 986493 910795 54035
425265 853881 211360 522031 655884 243932 239688 8544 356606 752737 689327 107724 249375 354917 437931 352276 98987 130792 575919 819480
514224 515978 151904 160454 767205 392434 727491 188506 646577 669748 354633 554105 739894 712628 618753 856853 414331 966862 104649 695647
398303 166407 486184 347820 352802 905317 188813 425174 693376 242450 404642 51943 152194 916056 650093 850751 242117 303146 705979 343337
388073 789384 794998 832879 212729 749263 235821 374177 223614 223214 106934 125377 431951 497843 831032 502984 66479 705950 439818 566628
119155 943351 951839 780595 866176 503815 124844 752040 23733 345694 621232 322677 947473 75269 948466 193013 574192 816201 247518 700012
706904 368191 887803 528117 23379 90234 350301 813351 563388 574951 35458 415344 51567 59091 122410 757549 559982 768069 585314 370971
865130 893728 773511 487962 238303 872233 209063 135839 379783 941912 31627 338289 453901 914721 806264 979964 310252 994168 931862 296060
603543 246136 565258 705036 630272 605726 386190 395635 891410 866427 600717 278480 389851 224391 389342 963948 170347 41167 415042 886437
67638 892871 146180 608242 838753 89239 49464 68180 383739 979374 146858 603253 745512 180126 856959 191091 415146 666185 110302 464692
63969 933836 911620 525361 438799 963157 986691 50950 896753 604887 977050 985475 179809 490548 806795 437552 486005 355173 198946 692959
131786 122969 203329 959591 122062 920139 918307 372915 365295 525154 693453 782437 994807 36465 172227 491824 996733 195259 787054 948894
134474 858489 467298 734792 80486 475072 169415 829762 230786 825510 696530 593127 509347 252388 651252 402449 744432 427705 590672 816801
370758 395134 869288 49122 892003 16110 939043 451448 1752 251551 524523 356718 529364 101264 574101 759974 696408 419071 110754 29636
744580 229535 29011 880207 895255 366855 677063 296388 538167 952644 833480 999614 776287 951603 489632 684621 551635 896 380132 932698
767226 39283 421591 623008 833295 47996 401387 384198 225949 785251 916887 707975 413580 789925 967753 688735 564048 508818 163023 365684
754019 745481 284981 619699 945993 695880 396265 129096 500838 99105 154126 80365 966583 750700 738009 989457 714955 246719 278815 435472
526870 368012 411514 355563 722428 221533 523268 691947 23178 789553 805171 43283 645193 886381 342425 314995 168943 109302 480036 144477
124768 137273 669364 180778 86775 401726 255634 201554 484755 429858 36772 481215 352224 549505 528736 588252 182655 126889 875795 720324
168336 60814 726646 985829 913132 923658 825177 68551 542678 481758 926091 744596 441098 323681 442684 494231 218969 414349 94202 361412
709668 23328 846735 961061 810498 948518 26124 709546 162748 541721 79856 491106 70319 537658 752349 171887 112522 199945 638701 255549
359870 125029 519815 571198 393067 892154 375311 538848 38268 990580 272823 867012 967828 294237 107893 448337 443823 714872 112203 920864
816621 536279 593208 864778 12377 375316 35873 834911 91615 88691 881623 449468 292702 209945 740247 705914 356571 946545 616490 37560
716338 937795 567774 396244 536137 829645 795994 967942 552895 753519 940023 171351 865317 542890 23925 909046 413372 215030 111338 41196
131478 807672 322432 999149 70970 701602 355314 736330 42521 324318 149412 929298 323635 218081 774366 611101 21373 534410 743230 915794
622150 939477 511604 464658 6228 352414 933245 40681 838147 912137 2702 596588 966812 49743 344507 98418 90728 538047 643673 742646
608271 121110 30590 436567 837413 539277 712805 928023 603956 23676 452696 60460 773375 584924 769339 41397 376588 201494 451298 10154
61626 994653 258072 470518 183410 906081 926011 213019 786724 637647 52719 370253 139371 654923 25859 36112 581676 154035 317815 401074
369345 119649 796939 875872 30747 720925 116543 701890 120779 380435 46312 30585 382805 974921 139485 809962 973448 954962 57329 995301
526605 252986 4316 648072 497451 306332 748492 858625 293124 475676 995318 988784 225890 320657 15329 952677 85264 992056 363480 998918
173799 853537 906650 21615 438821 83462 957866 337300 399475 950867 481452 404740 28259 140949 746886 776592 283599 968653 987543 804660
677522 826627 432584 819466 219344 788184 625734 786319 831310 729484 657229 93404 831226 774569 419608 116321 862933 109318 17602 418133
149698 112884 541825 439861 339575 227526 153840 652797 697937 523293 226747 976693 709899 851148 141981 444491 569931 412119 556417 489313
50605 711205 164053 453330 890525 360791 921423 855463 306626 230712 248612 944608 445234 784337 261319 903872 163088 93134 470762 132650
78520 866472 322468 121916 699033 521893 220357 478257 657416 350322 267078 518155 480453 506135 276719 832225 835514 335898 453599 257368
94654 832611 375766 475208 619987 391204 526127 660470 401416 849841 578974 662379 533489 127777 298088 743027 840175 472830 160457 673445
672669 935719 771063 662104 694927 231670 290241 348087 307928 8554 723159 796129 928352 408571 231213 27334 644395 396574 800972 996887
261514 548776 315287 885946 322134 826327 490539 272449 120039 878244 515238 726531 699855 814598 110749 26552 449878 784174 478663 107150
86203 446171 416798 336688 743390 15551 632252 254370 39204 144513 575333 423404 669298 896032 690166 670181 665902 110525 475009 436316
595252 697711 111467 451922 188288 24845 600206 93963 577434 554326 6593 662644 100915 750347 250273 885503 782335 191930 311991 891523
378999 525146 128442 563726 362578 755053 628685 351042 408796 77142 840749 437620 300462 443997 873552 502249 159908 110014 812571 136271
802560 831693 653181 926623 198715 893270 858715 415188 850765 516576 326937 543014 327082 128891 990166 700020 211385 689652 270974 387646
55259 943739 990337 451176 932984 94725 209118 68425 739309 884584 3213 770647 849614 832649 121682 630393 475770 5072 866876 859903
840190 227610 11041 868896 108649 667045 622403 333529 541161 411019 590842 646323 322469 70678 266776 300596 32048 203089 593037 438817
232603 577028 154558 673017 21020 328656 969142 556262 188274 514907 242877 97273 549635 525531 774540 648985 264048 671832 173718 203508
984204 936359 531669 47129 789260 94 259124 17229 328825 234878 367310 757244 797098 356065 224397 744391 406886 992627 206467 480424
987238 385692 859640 392286 310335 582734 41698 379047 333377 467521 44485 8166 382020 158149 415496 977331 985623 122004 144299 969466
197103 948053 502846 544057 737177 564948 421512 292019 75064 778495 152046 439116 411706 130339 143250 91030 41055 54763 373816 631635
673639 700947 25331 886679 903512 402054 132677 831668 127912 608572 643919 61499 39320 218076 430894 3407 986079 398989 715965 483960
963771 676093 56481 680417 86328 475786 98086 881490 461187 273603 284905 205404 294141 439470 814085 440505 642432 207548 477560 983247
658351 469366 250504 659358 473699 79764 886746 255888 127323 326028 89844 608616 250761 997605 308328 909103 290234 592096 526486 688857
705351 878372 556495 295828 938913 287181 736652 528899 946678 232674 582270 631377 55183 900303 751099 532166 539792 43133 292808 823513
961117 348905 844610 972274 610599 239754 185595 550855 884193 742144 655060 954860 89249 341107 653370 584002 615784 996209 420730 365734
885670 431965 38323 297445 216641 577480 199395 919884 846767 731301 960280 33832 242400 583075 711966 255998 19081 525160 31150 862804
53631 465925 663537 514574 85490 28171 870163 359170 864301 580978 739481 475148 610706 838542 657916 348761 473455 808299 399324 473550
791767 744719 242285 831059 764054 397896 563506 980751 681160 296232 218404 879823 805478 749533 682001 374400 229996 333747 366110 274851
705313 494627 11061 254214 428263 436422 104154 88364 117009 521714 360489 239208 439352 477387 191164 769164 853432 297127 635570 214663
235936 427809 59068 817034 792531 20920 463061 776884 86025 887049 954863 824635 258200 8388 896045 992086 707072 710813 148382 657545
695295 617576 385227 696756 705230 250028 236394 773491 200554 79510 911610 796844 338848 925561 705593 540164 834973 225653 867218 602397
205765 104502 943110 860229 97553 84504 667377 592465 427365 249430 530663 366462 272395 572257 192419 346894 568871 79684 166962 794530
563008 745136 315448 432394 272703 801491 790597 556257 842372 243559 33074 423846 265494 573662 419010 198427 490381 327460 655174 247855
520768 476538 164370 402907 786018 561713 24202 818083 222484 399343 24424 386735 521536 767122 142537 114216 441854 69786 516983 435768
854233 150152 82996 792229 27848 503440 671136 743996 466617 924784 831659 37696 437421 710450 223124 828923 182882 430255 5061 371510
793501 202744 960738 92983 155849 985277 59990 218307 267629 512641 990084 991097 561602 712565 180092 598142 538024 339863 109210 121991
879335 805250 75120 164440 326960 135686 279773 671100 342576 884835 764905 229021 440097 839467 999941 34615 413648 209158 236400 605671
990233 596612 280000 149517 467076 935592 686502 34801 2050 342491 112371 897888 102530 723958 650501 820317 742631 278786 380668 883874
5619 690062 881052 207663 942709 843584 399328 103051 179463 123003 726719 755901 674110 294672 886437 743618 482975 875502 279736 256125
420191 184325 543027 983876 999808 745681 534985 442209 240780 95544 858055 225568 270201 699163 785527 983749 549751 741122 595564 645622
454759 352710 61833 530187 600425 236278 213589 453953 493394 166479 665169 197845 990279 825371 65669 26185 320389 852648 461121 848979
143845 994968 651726 731370 612470 222694 732394 306646 685946 229216 928380 827854 995605 297816 899908 784070 957008 128287 461729 456034
937142 171798 273717 228534 775721 759284 160350 342972 330088 92099 872912 189808 404739 264388 680887 692852 77611 176513 16901 642488
659998 161244 453788 376331 563619 143478 94609 805099 308868 335292 816287 677606 744436 93106 3043 125398 185783 159897 151428 497389
378492 332293 253105 644801 170557 666474 222261 205477 287169 358252 473561 39153 336951 83228 181120 336760 320277 729899 964464 297382
556133 99230 406503 854524 235964 818474 264269 39631 564186 933340 763961 218421 620775 941818 593773 612368 484937 510422 953212 37632
681834 715685 73446 193310 176746 561115 432414 82312 871826 148249 571112 356763 893878 109918 71185 998365 254842 266068 808545 228039
661877 111745 656608 423429 547988 646451 364914 696982 553693 705130 913503 741734 368201 421750 262971 681946 992305 865856 528132 583335
869896 265800 102458 614770 437213 969331 875202 912771 226063 54345 852288 53445 966817 91691 589908 681744 525523 270138 876654 591880
784495 660793 478268 241298 895583 741672 478008 783036 859203 531938 878549 262176 58041 756623 464607 625385 596062 50346 818549 975615
951502 856508 638630 903002 873261 104053 933466 591356 308518 873020 344489 579592 950085 194350 67464 943582 936434 572746 227478 80684
677634 505932 56775 262523 468569 506749 741397 622558 865111 966885 470456 392957 937929 502041 862991 270296 386768 419265 61945 23928
198382 114625 336811 40568 950820 62426 605140 906051 574565 81461 47625 698332 108593 906252 316640 388016 201013 746085 345605 596577
901752 307868 625679 68923 339634 348301 913007 477873 87831 166360 686527 537852 110022 334685 462509 62471 160766 853097 818350 600503
704464 176511 201207 2327 504389 335155 532694 373091 568094 576708 998824 239410 421341 397695 858418 569198 356274 37192 734254 203097
701599 585078 613662 678366 266494 842273 267910 188117 303274 91828 836123 695524 889667 822773 827437 631198 290784 650006 321608 769943
8770 415151 263466 774587 919202 994184 758829 326252 948681 660408 893883 961132 881616 915227 807823 669540 540317 684847 883049 12579
766174 708481 923909 314719 278053 341577 804228 822205 100583 450381 505937 658432 381958 139586 115753 558065 414514 93510 563663 744460
612077 994326 303370 990974 505446 936817 654924 182555 9283 510579 675266 346699 651984 860569 206467 336415 449233 599180 565383 582579
298093 582786 747750 666811 801728 747341 923108 215173 734735 327605 714668 679652 678530 448644 42295 840798 911541 209602 909649 684788
201733 100141 274525 845948 183069 383466 360665 405376 98960 346730 801085 401315 808081 721813 244235 544278 543640 976536 913290 56184
729089 240323 682661 270286 25060 832171 987245 251505 695417 610510 840000 558209 684939 449400 382000 38904 561128 716519 656232 649922
118493 432635 257721 65413 310082 894952 681082 347292 314998 258222 118610 292990 213048 147451 340851 162455 493150 800356 361068 274356
804931 87261 350006 961205 413313 202044 937859 152528 446916 165944 925858 219403 616913 649075 363324 933327 949851 498169 178220 303893
81148 866486 139330 13243 506138 294969 735359 806458 750767 562381 482349 379743 820001 196686 113631 649292 250146 139841 889542 209728
801581 853783 690529 869425 800370 379848 127085 979743 530818 608566 712938 656152 190970 322574 796383 476400 327982 97349 160410 417033
210411 169830 833582 375438 955392 496804 271927 832982 817892 240554 663179 497327 814876 699968 864449 699656 552826 761899 509825 5478
885880 283026 28084 386212 255578 856803 182960 585265 842171 593277 51078 358671 596887 49983 61780 825770 433267 399918 22998 595984
831195 805598 703888 348703 365488 314234 288666 735442 44062 476725 330599 407999 349615 874968 278924 508748 606435 896840 885613 791704
725508 703121 292095 951516 758387 820946 164600 740326 802499 271422 453949 555051 996850 375079 977651 188988 815075 880556 639570 199893
264445 866760 767231 202443 270432 680493 352985 68222 405622 599193 399035 653910 860859 406190 688018 854337 467233 882287 723024 702759
172454 504266 358601 403442 893370 680449 988665 448120 154388 327684 705150 229490 607011 388719 880109 835019 588849 894637 985917 595203
468505 92409 578039 774246 70791 551994 397191 304645 225993 459333 988791 880143 883129 403137 928941 587092 19520 566190 603970 855226
59669 471204 920965 178143 608099 340772 293972 268520 918273 114355 436217 179775 504993 418405 891294 618557 293149 680051 781213 740
566236 795135 66558 857098 562127 833033 942507 146103 601480 721293 986149 456661 682816 809443 784809 646058 908853 86552 775982 832366
903183 367719 962487 340119 124756 37240 885664 405656 683618 124416 641315 645357 281706 581991 370749 913502 609226 700302 616829 89982
233496 597743 370496 369275 355544 553385 878785 209344 375744 624127 675238 736029 131445 359839 895749 404431 524953 426472 68165 441999
962023 941537 54835 585677 152369 930255 552621 301802 26702 38325 554038 904969 48295 315905 306227 592530 869057 797813 501863 805900
659779 987250 876278 743269 186310 611539 996763 957138 399053 223940 567437 506842 67891 737942 167338 262115 187423 240537 271681 878293
56635 822679 144415 7263 652925 522307 539423 703729 638447 344794 370880 595668 475893 132648 123480 516234 335212 149891 739128 362871
278975 820432 172488 613350 547055 423203 755783 416371 231965 227288 313058 780727 176062 715294 376521 333709 794473 193027 65212 354692
620238 824644 787789 800429 137161 288921 404774 137819 734925 51774 579059 322148 797789 800778 790165 753817 611228 739490 524230 739472
489924 44520 785952 498774 172390 500962 593956 576782 30321 24556 429752 250436 152198 854111 114749 611030 593533 338958 59376 705949
489381 404010 825934 544432 266557 631369 504668 25047 542019 181183 850758 477225 341697 662902 371031 703442 737925 85669 399481 475301
958663 45651 164617 182035 317292 551045 470234 645767 936321 398291 47359 347434 344179 479823 49473 557338 737515 192275 95316 601384
62695 983867 320813 506761 816456 342004 455432 244620 589979 356815 917714 167017 356707 822646 319084 210489 908500 174130 83329 585095
884611 952209 939585 726896 528237 649331 64116 685875 448621 219009 725495 479885 49019 76162 447181 930801 982612 618248 595251 398197
691117 544736 973660 813299 67151 855963 489414 232380 605868 288747 215628 960606 462051 379126 180088 951125 296474 684021 956706 889112
262092 988076 932073 969240 381480 611561 685536 925673 12539 206655 547580 129279 798733 314354 697133 789053 724267 597448 115965 643392
496846 135989 218036 261823 244475 700598 372139 222466 756544 797878 984506 662281 711007 809756 512089 231832 385488 370103 414901 517088
77898 883596 270724 547792 897198 780901 822274 468491 598904 790873 15822 606068 592331 607401 818911 440949 349358 22045 355032 752507
782214 975702 957789 362526 543036 537657 9846 351611 400490 723161 326721 729631 239096 721203 150394 123401 673155 860047 155983 559019
488274 294399 495614 950350 717022 57740 999119 814115 890850 854005 528624 327192 398124 18759 405416 769895 39772 844773 867708 6107
204091 928768 19038 408155 648528 659507 85022 456501 323084 369591 847286 476294 189826 91473 533655 137822 551938 116634 401126 394619
934319 93928 530924 712451 983040 228768 872136 921924 950212 435755 918095 857781 548579 64958 682047 236366 856058 561377 87304 846231
787833 440849 306382 72201 95670 684521 368353 238646 351016 747197 634524 955431 322851 784625 57997 532974 690718 6612 767899 489867
751643 118766 564437 305765 501832 816126 842497 204411 908112 20638 567290 746961 205148 559994 398951 11344 862273 547946 694565 531090
165594 96165 897402 90545 341342 230392 697642 988480 868014 131969 830314 410729 630483 652855 809 159756 422457 392149 692535 198298
405778 230471 83757 838501 849536 65889 766882 482939 225676 474309 673184 326489 622106 971714 462211 837553 190665 6856 230364 80362
443927 460224 804932 136400 675362 815738 331833 231316 799661 824674 867242 242629 727910 323273 764665 926657 276279 468223 971563 682449
315718 379844 88893 552456 48523 929356 430921 582072 196884 70358 280720 136433 813577 249537 825684 563652 276396 818606 423467 859588
611595 864472 513484 691382 36119 415025 194774 166361 80152 700798 101633 178908 115706 285047 613398 461187 392848 676565 77317 167726
467306 827038 837242 242152 991963 913307 877284 906972 637236 451389 694776 670896 127876 198827 794485 206446 243465 716881 1027 345168
35331 75688 668593 983948 129865 134646 513135 408113 795912 865823 23355 11515 886420 13573 501048 497846 150890 667220 862576 211468
339516 134896 765756 674670 506494 844145 475714 804369 616325 112694 184957 286835 511354 212286 966117 82376 51675 83179 636301 75012
438185 476242 859824 979634 806231 255394 37540 430032 572953 4911 581929 656237 325357 169102 441262 834220 899731 36203 587516 828783
9103 26677 49192 369951 548635 560923 185876 635815 49649 545291 376111 634625 315818 344526 909003 564381 830170 357219 425366 550100
19635 380810 463915 624293 898214 533525 391631 971083 588432 547558 743136 795482 524221 165942 609187 645342 153368 445453 692907 510602
77043 76262 85852 775600 617594 832396 114872 460046 427571 603664 373220 344525 97144 535124 805275 175452 31607 909992 532582 104130
481208 261598 205484 959088 848065 215221 211500 996242 421286 33091 190807 76231 261996 842408 132072 708883 91445 245081 821647 45800
871247 137035 821287 541738 797023 638363 18602 32604 259919 202571 72894 857481 252292 358180 263683 709993 661935 838633 516935 432846
179097 252329 844922 11461 412527 457900 409049 947827 452814 46608 819542 194792 431485 461319 749836 865475 108769 293304 780322 130324
897624 165109 791293 796596 784859 742470 642406 811121 302157 671138 110612 653450 842254 588340 592051 176348 366964 371070 481958 49841
40999 387980 470390 737078 221294 324140 99773 494438 986165 414050 836055 364631 4031 111671 95958 974556 731850 748937 550212 754821
9493 487445 820289 340047 90363 277675 400383 64911 441452 486604 572578 127787 495867 544946 748334 525133 869178 946722 726541 341535
606989 693140 16537 408134 900232 256493 900362 121482 731616 847679 634060 605957 452763 542760 218682 46740 205176 934919 154862 181110
729157 719795 234747 932008 25284 9174 170781 580868 884697 756067 329445 165505 562133 795810 169165 823537 986329 682290 261353 317349
993746 581494 417341 741784 118577 239839 214434 29019 365223 382008 850605 958621 167518 99077 737049 891561 332992 621435 206303 556535
406908 282244 531585 555649 198711 603213 53467 585825 508503 336175 464493 325770 894451 458975 63879 80256 571486 311453 451389 177851
457225 676084 790829 217091 304645 466342 843302 47913 518003 289526 503986 753682 386943 704477 366781 305840 770272 404123 121232 203474
158860 904282 724700 207264 471651 558500 278990 582365 761492 132370 874584 840735 53338 887999 566978 927469 127663 207726 162193 994806
952196 892913 64954 202136 477483 918462 704947 152248 848998 498752 416304 680397 316342 778946 628703 710819 491806 323560 944479 285435
717698 284543 499639 725851 734199 749590 819136 409485 452731 670846 165902 87899 645750 321049 353747 308799 420891 828764 748176 614743
733966 980921 740004 303947 84035 203274 81913 568873 338186 429659 460013 416615 695029 157751 389463 377842 553412 129244 410292 461760
404530 925175 754409 662707 634930 38012 60039 343148 349355 340206 657356 458779 200005 661609 376211 437179 230985 14327 457986 326221
17826 999873 638449 980273 410791 471110 62832 265654 493817 430607 239418 794104 184325 695222 969119 70122 519225 578355 435599 390291
46563 276617 610619 260814 27366 167569 866138 430880 918205 458662 740604 558329 143879 585143 576793 645080 605088 768342 800781 453418
115331 864664 774370 869279 426861 938497 325698 938899 545715 422889 930613 332394 184689 879512 105935 150331 164772 832064 247017 541784
961019 225214 273148 538915 470605 667794 156798 704627 180739 820684 177996 157661 680099 573886 531059 71910 96912 825944 642693 901363
560501 920004 596066 54502 417270 120684 209135 45380 855396 44421 109753 572457 924289 380586 24531 283735 475505 791944 110032 943919
693557 205125 244157 991982 756489 283926 778202 230275 296608 549378 140268 739158 889871 843409 704499 421105 488312 393870 802578 359423
464271 56404 911983 598484 324886 361623 158294 752784 380351 77706 821829 657190 211303 441586 893565 842265 385807 774504 504219 43390
908334 304545 657108 768910 408940 800478 717135 88924 646692 710133 838999 759056 69265 981754 540451 601693 137447 452378 5852 878207
787276 405871 503744 4994 667634 505979 465048 555643 113573 384678 456910 742441 522600 300143 579939 855588 355863 882659 2598 874288
604994 857265 670893 408076 587883 160173 156481 134277 511838 763618 637428 641148 541536 550851 639101 78715 734999 238159 215863 781166
859230 280704 519655 281333 543306 961013 821267 924273 582190 30891 6572 396974 580960 559203 384157 724152 4418 141109 976743 188595
478854 760312 306977 779140 170284 947937 168249 17321 185861 649915 899644 60521 302368 587424 683085 932869 427494 122675 836269 78453
370829 208084 724756 397565 2772 103719 475692 312051 503399 761236 639155 789165 801480 23408 962538 868331 521601 273227 399373 906650
495785 416717 97215 388781 834298 98178 601298 80674 374584 446881 33448 57591 359884 311231 222901 276319 879187 804391 122449 260141
388023 517146 958877 850713 482582 755781 751471 61545 810600 208760 395150 929036 325389 801839 294641 360001 423656 928052 647487 731201
693027 385331 297846 130947 754340 57599 345512 990766 517262 142170 829125 630035 508894 761687 844105 980860 158076 614600 20465 177069
506211 917603 494200 93622 796665 493337 581952 511033 378477 926598 699207 252196 499312 884938 820726 795831 762874 388163 609392 608430
85123 457428 298869 870302 836722 940389 617999 116437 851326 866306 281892 833666 426284 854312 564471 457156 22424 275558 364415 267939
450986 142514 158706 230198 907376 307849 496718 293157 267240 480595 56303 486231 229851 804968 373664 874129 275040 480968 891604 531979
186574 274365 509449 245497 165307 461512 916772 399473 151756 82758 595191 641044 495597 468307 41106 52147 229249 84093 693619 540645
294610 178557 840995 360250 600563 810070 330476 763792 929204 791056 901897 101772 591744 359699 630678 542138 131880 831281 125153 741251
857054 574471 830217 279539 4236 207726 192824 124614 373781 122051 447579 125884 364545 940454 906312 507740 936513 575057 61474 470437
799644 848333 49185 836979 387008 771 883265 875321 920231 240478 875424 334070 307030 103066 938272 896659 481823 386668 56366 54455
37219 291223 623493 73096 338218 280618 23076 805958 841681 501493 910073 415154 99817 762627 96060 323320 467653 834731 176056 63771
426510 507358 720035 133501 720569 532013 13270 265788 668966 309968 676445 149383 488882 668234 638610 452307 891709 884374 312441 670484
812768 935849 345484 723997 283439 179492 297585 271894 849739 825298 275962 49097 417202 502775 752544 602935 544425 578560 389884 426670
880457 411526 676157 238387 54527 502268 489843 338197 420683 352921 18173 595467 616079 314689 493074 515552 531130 441745 361345 217742
480918 475827 871825 466887 360077 885753 834477 319157 22577 699607 443727 127683 65779 815299 619519 650494 979516 787930 691118 596261
330847 384096 4857 896293 642811 272206 45260 266551 748832 672505 44138 92644 169267 208941 717468 225664 769125 751350 890405 167234
338417 831050 135884 172215 179705 616016 655856 965933 239962 288334 518987 584035 265324 170680 260964 885331 463920 655117 361054 890939
687535 428217 346532 593496 936926 333448 352478 982568 581709 891131 808665 156773 887577 219697 408881 434461 607937 43152 17649 407524
739536 79427 717509 686098 697342 351579 575605 178700 323213 934461 974842 654489 36892 82774 307564 309272 857462 512269 183329 380825
410074 133496 264234 478623 451904 786049 11074 342840 294104 940532 972249 67145 146668 58054 368570 266346 486029 872979 865720 727458
824008 247437 122588 447773 230272 360926 657448 343809 430862 811065 228367 870284 345433 259229 541570 380101 328624 751626 935081 969689
857488 964444 149954 134840 232068 514295 393792 763789 69120 426096 535484 556530 54968 873030 143520 590769 532262 695596 803193 315454
974157 439974 729453 958781 204627 282106 833111 377160 720479 442832 786033 894040 816795 427485 219094 99609 548651 742649 349727 604883
302170 590340 968275 189174 445263 748852 724399 604895 503127 362622 122965 531319 449945 377481 507767 711527 744847 761244 264291 78509
119129 486784 902305 207272 951016 67642 409635 780835 87722 987497 381067 130301 195674 755331 365292 240596 660100 265500 230094 430373
540288 754178 329214 285111 438370 352824 68969 311657 994503 263533 137285 352731 39883 478735 694793 603312 212321 786883 635858 474692
940720 513734 879742 149889 134546 536183 392012 105299 367732 39155 921024 715043 705734 962969 922526 818032 337445 964489 771098 320021
90534 950238 989777 986593 744334 269258 745343 335535 847734 739378 58438 264589 115966 319358 22753 780554 7150 278312 697400 565356
685199 654903 315371 589994 516490 817745 992575 371115 383195 524131 756539 470936 396880 705912 189732 80996 837306 973092 539370 43567
141394 309900 90101 230844 942815 193321 604728 825649 872151 70637 142128 691447 203980 534653 44922 54455 423208 847751 526453 871968
734155 322878 276917 171500 158550 448166 564703 160961 202542 824109 664957 967304 675897 928016 700077 422869 478241 713201 530645 814043
794791 406892 560346 380484 626637 355673 633397 479153 331771 333460 156280 854217 555756 223579 363670 21755 996331 673307 318137 27345
830040 994948 889098 650498 996456 789957 19281 633082 52385 364248 73768 101735 904659 405046 343016 202075 665298 437203 292220 93581
160477 459789 828545 634523 341327 24225 434861 974255 532244 573188 584783 251208 414732 289512 687644 766355 901784 16252 549770 831066
856093 526235 574698 350211 282303 902702 289716 32232 954552 872999 418865 146924 179670 950977 468822 317341 873467 631045 692648 659450
788755 891811 925554 680002 725933 843082 726375 221768 756490 823421 904604 845558 529661 299415 603718 331175 40284 988720 474162 448752
48795 480537 933391 127150 35524 487515 818317 551453 816088 751828 301977 270642 777533 583263 444049 899968 20479 264071 156782 275116
472624 875643 561390 735431 127989 669190 127290 967806 944258 288115 963039 358287 707137 661552 382441 45277 460906 678740 436917 172202
16667 413390 546393 840016 287117 826055 282677 233271 931434 163216 196784 316317 140845 221273 822127 628146 245477 550526 399020 190672
55227 960493 94797 65309 17656 791786 56521 979064 129507 570668 257265 286367 61924 681867 95749 579747 404246 69991 604608 492241
532899 392475 359988 749139 771090 664031 731875 62038 758961 452112 911278 708263 488456 940981 173398 959352 891186 395676 759865 114423
893712 584071 240987 516063 777179 848452 466642 152692 292545 481207 214617 457408 256874 643046 853947 999142 820888 818977 155746 50638
691901 324080 765889 435356 865213 752706 922438 592465 304004 421223 740973 257366 875647 764725 246729 23966 572284 381908 692818 144145
574164 750268 656753 258060 703078 300101 864590 482291 565860 722868 834478 936567 394897 573919 294481 307544 403381 367114 742643 796950
992461 451362 763438 799884 883991 584260 92127 318253 115704 755975 323894 623241 526381 514697 860437 963843 113070 97781 920754 498104
167264 571775 645340 136742 858582 809902 421658 236688 866644 693792 324496 472740 422660 748657 869126 697751 94415 198230 889085 581164
773436 88360 494780 453623 781176 264597 296097 338910 907065 106994 311987 817290 644551 39911 217622 583923 100841 124416 894052 147435
388333 207182 806141 874165 275327 950931 932447 628550 142783 678003 205722 585999 666734 417112 411533 691621 114754 214249 360703 791147
712810 45816 88387 363535 350198 22597 991294 876995 197726 853084 474564 465417 430586 722240 257260 29377 734210 321977 962033 459597
264759 98664 552016 257747 38043 312567 757839 139065 197754 80432 306755 285308 904939 897624 428367 131602 568851 161047 840932 230705
589029 965825 171434 627399 566738 803518 162697 377475 641913 729015 698983 106289 662378 282193 536937 310733 276958 205686 691160 660872
955115 101023 758753 616589 884937 787430 328044 701962 634151 291125 633439 678341 960583 439607 284227 708907 575248 297746 407041 823465
233989 558386 812286 681202 210802 162975 49730 646860 995716 253618 348834 330696 377431 103036 543471 853800 252923 700202 199699 981660
5243 790358 442651 956515 253215 225151 701009 239346 927915 393839 191063 773371 304033 289931 159632 272924 989524 349461 809721 757471
594975 320761 8169 550521 563867 363207 467519 875810 49468 467946 704018 2027 143816 50492 161835 111659 218002 929379 91689 230419
629817 241184 293290 916725 975935 766441 637215 884123 399183 166686 913846 162655 708554 733092 911191 301379 722224 570430 13043 617620
291240 282467 791888 769334 607584 518133 587463 814536 413124 217387 358321 463566 951636 559815 850510 576364 96205 364340 151792 872054
309622 731493 67403 607133 559880 90085 715514 45686 137461 259576 795624 807421 996458 234683 345885 78550 718831 938297 992038 986855
506883 47926 617515 939710 517445 244423 304890 622299 687989 304898 723419 622584 340907 389481 476446 177309 143842 221262 361585 322673
758910 42003 389629 298290 603382 653887 54549 407957 826844 608297 941844 404954 593099 228741 115115 98419 509407 811867 194428 156697
269575 604246 656849 542891 974233 223299 693289 520528 797261 998010 495511 720681 83859 426516 979060 977261 899002 557477 142507 355600
593965 321615 340257 589238 89550 372194 867175 716485 875609 949082 272518 24275 372693 735640 679839 23451 790867 702043 995024 18601
570708 298869 617468 722742 787033 68998 225245 638908 814925 35387 49973 500173 846221 262143 359460 299314 869240 880788 404396 492598
192753 903133 645268 481018 692189 543121 807381 995045 743973 425354 359413 248492 912385 514602 296219 52944 55709 577700 772351 333676
438819 273899 151397 172034 492070 809547 953981 102872 59840 811288 747363 234321 280138 705422 276861 193877 5198 506170 243612 875270
274404 706367 639484 757418 739185 539617 737138 906777 32114 834662 844032 649250 190825 114116 792375 131847 492028 266020 81676 377878
990194 30942 564870 390670 118937 89778 810234 574580 724245 689455 738077 507596 359702 698076 549634 936867 196085 229572 263461 627812
218208 895553 503102 332039 687265 328001 486418 969481 63601 968354 848305 350311 882265 39681 415012 947958 469756 681172 912509 978302
266636 665814 763738 522056 763315 406073 906755 950124 642701 48810 336097 267667 55965 266970 975037 732610 544573 644528 800150 953232
246177 692002 825660 180822 233888 82296 338102 530695 962822 912677 87988 344709 370029 58829 568737 116018 217158 55254 89336 720272
917543 208101 860416 52986 169070 245785 140516 648714 747491 413064 224769 510330 973665 580874 603232 485321 146368 877766 526333 170082
550582 240159 751477 127315 366618 754296 367994 537631 781833 852890 929243 265365 73133 630692 791123 531670 656812 496644 19066 384317
572060 627963 693341 970538 263125 728668 894571 282148 170447 297534 622478 903892 463016 959409 668931 177133 444487 65016 442736 520086
302884 780278 386396 114909 228862 348585 377285 183411 162765 698328 296061 767320 693090 456482 330399 618584 869888 132753 899871 370748
67433 523560 825862 461081 651953 912918 750167 452029 946547 995421 854842 676901 826414 873001 576017 294753 267816 382198 845027 978921
954619 925870 749522 347488 555959 109983 756555 740030 542737 396855 378184 231868 450786 837704 823755 216800 657286 707881 902230 863465
675139 720368 804414 310909 946869 30339 502399 580539 914504 282531 80664 670583 542500 876478 356215 894258 336565 438010 495721 732751
290355 681124 196797 931962 553064 693381 670420 6490 388024 112903 340305 433749 512692 253581 68559 282902 7556 949967 561098 117577
195616 303555 44621 212809 727169 938097 971637 862843 290519 921679 422830 701281 284936 376356 249336 742361 930462 216285 449985 59297
164449 179349 62363 259160 27053 977124 486646 899357 543219 82559 36124 289568 425374 993169 665565 268737 422682 82197 38131 662830
269941 344286 478180 181687 318268 357145 114840 132910 888763 431085 226051 19490 442980 958687 797136 533691 619239 374924 343753 825838
8262 941197 479349 514453 49399 919691 360371 438049 766766 920251 997370 346752 233315 349203 725540 985259 987672 247913 142396 449274
241165 305894 940263 777045 219412 491793 487830 493093 925204 841673 58816 864660 824538 256041 700501 476789 123818 884401 172461 936066
484120 767405 206143 587157 382752 441656 964618 435636 104288 735655 483923 567909 622908 967597 99640 147659 713313 179330 331681 237521
725256 275097 303135 562560 746445 19993 476490 844772 878078 957404 627781 460895 512428 945208 820067 768754 353292 945521 857231 449105
25421 237174 560236 868413 256250 620562 436078 457809 141345 224185 162964 213006 576605 154312 602609 140967 982132 749736 266340 192494
20162 199652 72725 480644 744668 18301 745901 480445 413233 501112 341939 25555 478452 209181 87204 282985 580517 629968 154692 756992
273736 435710 779066 244443 85376 594416 640420 665101 389654 197788 23029 782267 469024 531885 920838 940721 301564 850362 19598 882857
940387 811085 858603 159608 834824 718408 30453 82736 152646 550041 312896 919091 337747 715644 423795 404382 981352 760521 36713 323851
109222 420077 31410 951583 215352 959777 758874 630034 779140 353732 466534 836364 210144 60235 355711 194818 591831 548252 224458 343253
55846 368831 200284 793333 235125 860051 820909 720174 357829 952274 99714 194172 130262 984741 352196 584179 875201 219415 886700 807009
792905 278644 215843 516594 129149 917460 479047 723227 996375 939486 996469 239571 532164 476539 31980 131838 328631 460984 393243 113035
737263 234593 364545 306172 34130 252126 900230 522454 358591 333475 835113 454812 733949 466983 560493 828235 518617 26284 326409 846117
277081 924689 667135 879157 345397 701860 318203 40859 711230 506653 240702 218632 532125 837549 81279 626619 80486 760020 558468 719057
165966 119812 525071 728222 574552 320933 283430 307992 310882 445717 596590 802464 321445 713846 820680 297185 296956 728446 259880 922675
295738 593668 299146 864697 927060 463393 388988 141664 733876 190811 617540 618457 667849 285219 656390 747511 778332 756303 420064 904395
58042 958231 846599 449881 863341 434022 177555 510601 992889 115581 228806 390284 207873 898380 368884 407497 722332 968062 644447 191346
667149 200968 466726 537191 497189 446452 927521 794923 726915 21923 262973 340164 888589 902698 962640 260712 499902 143225 775451 685136
997008 104276 641218 297668 658015 267353 725403 255607 233063 948543 568315 48201 128237 827068 354338 204562 694693 558949 819396 210173
89890 565036 810821 605858 908432 232505 554943 931833 762303 229248 476753 344417 886795 685782 278770 168788 456031 817023 772871 362915
371998 524128 935526 44915 167302 140314 890549 832412 377183 309784 608283 365843 17972 208944 85673 486010 903938 19362 899478 580515
12361 586140 275360 285979 945716 768319 458516 383042 279928 66748 680972 965620 965807 94575 907834 695606 284169 809173 535073 783100
633808 224633 898763 755382 114689 591511 773727 83015 590731 21268 833246 431879 571836 737455 167523 694987 752616 362704 483343 364037
723118 787607 350767 533836 199396 876821 113811 78661 153727 362190 977275 136270 661606 291607 566296 338467 470915 627931 418631 57728
728675 942214 848902 938169 403619 968038 525161 805186 897522 899801 825198 709511 157172 125561 826189 30499 416385 875135 829129 868215
490148 844125 737632 116016 82108 585868 147893 206158 200218 713294 190882 443500 223325 680109 495130 925171 140790 307303 612615 654708
208444 181728 445085 804189 311501 90559 577983 889358 401287 528968 320432 849799 457575 371313 800959 252490 142098 825875 659523 780063
317947 677218 989216 343907 882862 226334 453078 533758 571538 771914 130414 419321 737038 403976 173306 900754 136181 323208 779969 589158
616328 797794 828170 369007 928337 685035 708822 532088 252110 705737 698016 576599 690631 529019 558838 597247 423892 628384 425650 310506
918965 882060 440347 896606 571634 579437 246763 411659 467633 210154 364907 667027 493126 850633 802109 520713 17669 223904 315160 3912
785996 736088 494 331385 246939 38595 316389 16559 894759 228210 516767 638260 343695 734398 272691 271250 704242 343203 255394 896454
672799 45813 901943 38194 152958 976911 705878 705460 974370 558034 617998 242355 351767 813320 533887 817278 989346 196754 134235 787571
148364 16531 910270 842882 305063 320477 415497 611591 408004 34919 88430 533526 21472 371973 144221 508006 56834 728302 626762 838847
991188 3649 526404 946268 750115 323799 91405 40840 192741 999927 301861 649381 337767 47420 737411 869692 28173 188680 427467 893868
908229 61906 819482 619518 114404 648034 172417 586984 475113 580995 23863 772759 787009 270595 101639 501446 426259 277272 680712 72898
127234 734527 755734 770603 292073 504843 397405 223943 264987 21458 791285 297200 820098 368293 159350 6813 258915 746305 744848 614180
185955 866164 602818 417629 460682 720944 182433 781495 970159 205678 702485 272927 351104 307841 532201 730385 354519 755786 287505 724461
257447 120104 311617 61478 203174 917430 976746 27514 522867 684702 652546 798770 712676 93611 462291 960093 267840 765553 173494 126233
140629 660412 243875 790693 594721 785014 122815 934145 975646 335093 886316 298487 927972 881529 833943 919018 50703 199694 701194 213918
146022 174361 112795 232851 26721 155838 855585 666827 443676 312592 746587 691400 223426 106103 413042 56882 442185 717049 627049 378679
793400 508101 227249 314156 943071 318603 915101 650739 135470 247035 571388 605540 632926 330980 304748 24927 771267 479917 630975 910067
803752 737917 996489 265704 441891 175175 795570 680783 924983 783901 478255 541132 624369 155560 776076 511276 510663 320655 142029 459973
583580 115471 606900 240396 480739 817107 687646 773310 837043 717807 240683 25693 947779 637947 759910 976128 320115 711365 565927 846270
890834 451746 60606 776259 558170 615428 430805 461852 763368 22254 950213 692296 375055 89508 723654 51331 542702 679012 473277 958137
82968 522526 819847 314563 443263 690207 648891 47267 590769 538396 708699 366259 444726 326486 701250 4250 618872 239109 835549 69924
322681 690089 736563 350839 531066 177104 88340 659926 515803 992383 202008 763876 617173 573546 64701 828662 324956 982735 407397 938248
418603 967391 220452 696034 532952 40304 673992 126240 788025 821204 38491 587101 833692 202887 24798 130203 241325 928395 898232 675172
834315 163947 848516 968924 449628 331994 539415 789760 494785 736743 171606 156516 312751 507816 526421 542817 161897 476140 748066 740743
511484 576031 15905 695596 997149 622111 216809 126995 628844 355212 192553 915576 515679 787343 27917 965872 764672 514705 592947 397787
359938 651292 606268 18319 35028 554187 650640 101483 742851 84543 361415 420383 738332 464885 496887 404226 816143 959306 136045 84601
159491 249422 169431 651004 963230 435163 357550 367360 448758 966745 515539 86637 183638 824384 454735 530964 670279 857906 425864 207101
24465 389420 774920 178763 20018 331559 726737 425516 410359 54166 4396 675519 858836 975069 665952 326517 951907 108714 491824 996317
392404 178837 104788 322803 100803 625030 279065 643236 85071 443439 454867 356567 928273 456974 488461 702583 521805 907361 834771 488817
318718 374469 514408 397675 986092 519517 325112 551132 99910 30897 229892 45995 626476 629261 182005 189152 536760 960397 953345 650709
338842 506754 310262 340632 400080 167454 640999 471036 308557 587555 816825 415520 943979 317558 430546 176867 793493 295971 141935 687868
551920 863310 896461 606792 174883 258984 423375 72501 141904 976972 293724 872517 659569 233396 523727 916558 765336 873563 336806 436751
811885 813225 581457 3747 542367 450638 995336 154083 603566 721509 338002 338740 323149 93010 482783 41027 909030 206479 503285 464997
361429 221543 754735 454312 445076 614063 89674 99334 543829 532724 798182 906171 930239 238877 77534 361627 405378 624223 240676 447066
522775 942718 335057 867555 178947 711437 431632 213952 822680 495334 623161 684766 617687 647654 540117 413020 267286 655466 122972 346139
257509 562017 194967 626281 766341 755403 377915 982697 849751 199542 329013 105951 935119 496581 100680 698735 8070 681769 223916 513380
18426 798124 646394 789421 612206 880570 262697 889449 664067 34198 901976 62625 302221 488859 52243 854618 149927 853380 528863 457019
444172 660569 655492 313904 575940 592264 55060 295908 836820 562808 465837 537451 773378 221250 176573 574707 788800 413864 886361 795940
522089 906504 284978 187602 548977 631536 248925 404618 303356 80772 643405 326912 940054 900083 314308 959581 244057 249917 416179 472816
987939 551487 893701 626161 356400 36668 300103 29988 420834 932871 805195 741377 324383 263654 353607 653491 3835 824252 715483 291492
785463 244420 416974 146157 708219 750682 911646 887946 404680 326875 753531 737570 821525 620318 871310 261194 786503 112436 626678 740654
269523 502176 698251 870654 855100 983276 144928 297588 114294 398267 681964 734708 510041 54012 9783 238770 275477 419535 148870 483189
280689 737100 260242 683520 418253 568369 605639 395206 258587 31088 838006 762370 912538 177154 358300 638935 93023 658270 843073 420791
242327 725534 361441 981457 886431 294408 861926 598891 657645 922073 639430 484819 127904 359042 743985 540543 881979 993775 346791 712276
756599 265134 346388 828266 847268 355571 394144 506358 13951 660783 544724 204641 363691 350094 573441 395583 109585 160503 984244 347337
986992 708940 936824 726560 544438 988039 167248 569961 435560 378172 108023 426824 454731 59184 5613 798035 850492 277143 547731 261057
429897 954185 781821 860119 491814 669013 545731 404004 559888 899876 721449 879122 214204 299055 566446 720269 80986 957554 692285 664416
809805 632200 299743 970870 173174 71238 579757 565640 314605 300472 318247 547585 140799 120561 538703 441672 296409 784342 632755 501013
936225 382674 853699 372936 116969 675162 365839 361764 970401 155047 521480 60225 654639 330076 926654 257187 648485 24189 861162 208056
396774 308337 151787 716358 456697 169682 384735 983319 556768 229870 728753 213191 71480 374051 491445 446923 629254 524982 112962 395416
202415 947802 56695 197023 523270 790691 815303 168521 162056 835743 554784 748994 982892 415682 974794 655591 809905 961861 359629 803862
670013 110610 154393 578780 730186 30096 796573 323955 47242 20519 224293 567418 501926 755219 147064 870428 372547 100819 36084 863357
912694 417585 841347 210673 955249 621959 462849 836718 797765 912234 210358 900276 704627 217572 532866 305525 847365 745317 200737 968591
596897 763802 472931 572022 895867 271771 879943 815125 926052 350686 578834 902885 717927 797171 1075 597151 833411 607898 333121 860602
497818 358059 669065 283957 838253 300857 641192 814741 421588 565039 210138 923757 418399 414563 518811 508351 416753 733792 842076 300281
604581 359810 225006 675419 135632 481310 974371 760605 144950 561663 780523 852941 52089 884319 799574 475471 777116 797674 111114 298985
178960 240797 26616 417392 449736 59328 586609 190387 6370 881035 436703 554798 404135 917562 587022 291460 867603 463922 692926 454600
563522 855075 192077 298576 476564 895519 312160 816914 417523 65156 669048 661230 389747 490730 988590 4418 482558 102748 235049 645875
777661 99331 17664 790604 732032 705154 412691 479911 307896 199433 33633 250627 307759 283550 778530 58416 187746 594678 789408 165094
522186 80178 322932 633159 582973 94556 734763 300493 941013 156809 121703 281564 543699 578305 357034 974935 255823 735175 470645 668073
605605 220697 144480 789685 594575 299180 954749 590889 438887 968163 83881 236647 164376 142838 523514 837925 293895 390874 527715 944619
466288 97983 257218 652362 881495 272758 429262 169826 26320 686933 480570 671099 925971 955011 8960 750434 51773 580943 463191 638551
150606 655454 448622 81865 296197 816397 627790 390732 445192 581495 566923 863419 766608 674779 296140 773788 95169 268896 348163 11626
698076 429233 6917 24882 444448 478015 939232 704415 813000 959951 666397 299369 735560 54260 644569 489283 309662 120388 530395 512188
708207 363690 307572 859558 987735 998649 514181 265116 292159 298540 734202 47108 115379 821656 41872 271685 91303 466974 302957 893617
642877 381400 383052 717704 459388 415456 726996 322699 968520 202883 622912 774007 840366 525896 849671 78852 320954 695932 828578 548025
869610 784276 3737 744867 45441 790785 990816 483890 254621 894415 25852 562452 838988 884592 416238 826785 54622 985653 248957 438458
938549 772960 169189 151063 317823 964359 784257 180895 548453 483441 678286 689070 329386 132480 633325 311829 658129 453459 966964 585591
934473 175629 21811 974138 588811 104725 36879 835031 930080 630859 21453 34353 387734 859960 42245 359121 151766 628293 796919 477887
437461 468348 866212 473689 971578 97856 86039 112986 782844 91681 913478 983937 355850 872793 813997 704862 130991 854456 786420 505344
5588 307108 72105 245027 436313 213301 15006 580805 762904 771860 662768 92645 625085 981790 875712 756612 476648 798118 229445 527890
582086 400973 937135 106327 457273 281102 409029 664747 848999 259513 443029 652774 971650 215517 717391 437633 128741 895785 501474 970037
107370 268791 568842 856460 111805 580117 767377 970286 694510 857101 43693 129396 45150 938021 209490 743265 948114 171029 105105 687015
243745 606005 723842 147022 314556 442676 867087 258740 573685 768570 951499 448062 499447 164579 479262 490134 260473 914087 22329 216802
712894 997882 242782 728385 78831 718491 461676 471608 769878 574078 36952 974787 586249 497901 896003 955906 877658 211486 410149 687965
309041 186375 777753 273879 137421 508930 563903 671452 202743 284585 633419 730543 682337 595384 74545 592654 188777 944354 348311 637040
356083 374394 106014 387177 230528 338358 919924 442788 585575 687082 214018 160108 628683 341175 405033 894608 369528 733304 60860 998963
944557 954483 292992 428250 354599 195077 319414 455348 738389 465005 44966 414159 213324 953826 146539 854015 483798 10751 780803 252871
645011 720181 945444 504121 939889 273515 779829 275799 605724 340517 567527 588811 464477 295442 915470 849780 666988 567777 230830 854811
750953 694840 253663 490141 530374 24863 622476 645458 371985 69259 973267 83648 354546 902308 523228 483479 127309 415610 827535 497125
936922 110038 330209 603416 153058 592935 179269 769047 454837 932468 162725 416956 128755 592252 674697 681291 794598 108240 860042 95226
134695 37091 107464 22701 61435 868638 911326 854310 51079 714685 673652 260731 775092 703803 578318 718866 817020 134456 778839 324593
394982 121489 246410 535419 145360 910177 844178 253812 194914 877582 650809 476178 804382 617760 523458 246952 852632 229230 307109 455981
994137 595899 902044 205429 949764 727023 318023 513460 592915 942947 173331 558712 535550 375485 642382 395214 973549 111280 710720 755368
788913 53366 649706 743619 562417 912389 905789 979547 630432 584900 49824 246045 547666 816591 891809 256597 321548 641236 512765 970816
334270 683871 94657 540768 555606 468460 82911 310200 446389 692815 932170 20842 551501 285957 686807 772709 870888 561969 887899 130790
420008 625429 697873 740787 546175 994711 848335 870044 710971 333245 102454 747774 530845 247121 376585 698525 484761 327190 548545 685804
768102 596332 419180 965827 860748 403571 684008 771642 604 204483 511245 907051 252595 552671 716880 996013 536124 709016 851797 532860
810796 454020 545407 778291 622007 617407 534864 579287 272724 226692 236516 613342 638647 720366 618000 595407 453389 959592 736607 268612
426283 173363 615341 703153 402627 837448 410567 34345 938303 659033 507843 93733 466827 211819 744046 523562 262 520972 616370 533027
921944 487287 59234 792817 914791 580196 907323 634855 756092 442981 768143 420177 651204 598459 781941 975492 522307 795369 398163 669181
582338 764652 496463 683635 646045 209995 740273 541781 669874 914423 670457 54338 176536 305559 721152 717469 509130 31941 391763 407362
558957 893504 393715 442808 167748 347110 584923 557393 354120 490415 134726 35811 323863 316952 598455 437879 11105 987393 538093 946890
86243 633398 969760 856869 389238 151391 515362 576432 617342 83085 725953 43632 134493 895964 992194 967094 29842 209257 492148 331103
909486 91424 59338 915299 746572 191598 70330 554660 224591 919064 488748 292987 336868 233756 472787 418097 720907 833132 280838 558527
352209 325214 601683 920623 701200 655986 723982 491526 39196 658641 702465 849706 63252 39205 518411 946573 617502 545609 420458 21398
340549 384474 190405 739370 569561 147290 534857 704521 420680 167173 239475 942533 68940 88604 707344 691545 365139 895604 561548 412547
683414 85494 649450 715234 959507 988435 449543 330825 248549 880624 337049 207514 951535 11201 725609 109777 720779 740974 5686 938717
517799 37241 495184 10195 716443 818352 506610 34442 969880 955068 968289 459047 712539 573243 895435 939748 543468 690269 977959 374673
31224 630048 58590 17514 527318 354165 808504 384860 93872 268669 613702 516129 434913 124404 804011 776610 514514 367299 194847 188480
396649 85359 609649 331416 740451 175789 691420 847050 580834 948229 679398 668947 607933 832847 33803 715290 479256 622179 269556 1689
546915 927030 31245 329903 582020 588057 193418 166950 636543 962310 111709 979107 844003 793624 530371 551753 988099 817950 956684 146469
881241 240937 879968 312363 67703 516636 20195 427187 51732 971083 894868 946480 975011 535628 277099 722677 373597 796714 508318 217936
171458 308974 551501 667988 932410 896527 219405 348528 100544 138981 677700 130183 167487 994351 241602 159355 704598 549311 325745 962996
325426 227432 559144 480921 531149 757755 653179 134320 565803 811016 870092 829808 925014 548963 463760 458555 457590 352612 446020 483098
151367 641860 526712 266241 207599 434496 81561 11000 171079 216261 874674 577448 354897 733347 638067 217443 970257 684012 602371 984934
419244 47328 41093 885487 588663 948628 412946 601225 520395 689505 814081 738434 278610 46531 915085 595231 735308 841540 215882 397612
473350 760555 852750 905373 682171 366388 12041 810723 309266 785834 662426 36678 234147 811016 31005 103932 412219 863130 658025 576308
463683 545124 155916 122766 723684 855823 681522 130435 375119 855315 420924 530975 892337 854232 338077 713513 304710 880501 857254 303891
172174 302638 507090 236083 921518 61647 917222 789792 207515 548244 43382 193025 747113 515322 82681 570280 408822 925816 860111 980119
838628 158668 757959 329305 83134 218811 70140 138364 399986 881940 328919 762385 323987 991102 762994 711219 467417 203855 215516 56411
575189 552794 756262 334782 517218 48222 447032 77285 657741 432600 527853 633604 266080 159162 252556 679098 597002 426664 695778 769462
162778 532636 307859 1102 613320 551160 926287 561144 680246 647511 98187 462771 649643 135511 133282 802734 467338 570243 917800 496690
869388 71851 768062 125069 95023 722739 481171 188807 898862 114969 678390 574407 25621 392041 589766 530616 944079 389084 603020 316702
580407 839043 927708 660430 648277 452753 689365 772072 277204 479643 926841 848446 65938 719955 58653 197500 404126 177982 432628 786590
471693 710525 665964 323383 733352 460280 684410 898310 490630 527496 55784 96675 180332 558734 894502 812678 798110 372107 382359 595161
386921 614304 63779 486107 878451 758913 36557 40407 604716 128275 375494 165920 193001 689230 977530 340251 718800 521383 524306 856241
877650 642337 83270 227704 205579 233540 289221 305786 348623 681942 163397 565386 2129 300866 345405 339977 269882 963202 227243 55071
116751 299312 220223 757371 923001 597909 261871 365326 832167 91900 467864 995147 211119 338150 396946 300930 435240 661520 880174 454911
12163 211872 808 419712 27001 850455 808512 851140 840202 565858 635640 895679 419635 962359 877022 586680 272433 774961 760021 104266
720720 923714 458791 666917 812927 450166 408757 318358 585262 997733 95192 45483 434882 62653 169552 113418 998606 610456 208604 956891
567668 958341 506683 568133 411233 458132 522103 157541 513692 128304 374255 5607 160428 961112 370449 299118 356719 708749 565325 144828
565369 947894 289818 379236 223680 477307 623747 900185 361754 525409 727129 950256 739624 303815 711351 809615 9138 153039 215062 603666
194980 673642 471030 933160 197899 622856 717693 15583 447501 660999 802550 143657 703538 738162 486306 761619 311778 890841 594030 521568
814172 205167 594339 989714 497727 52181 179848 529912 845461 524480 605259 27737 106066 440613 729701 508104 983818 235245 815922 21725
439654 924576 10377 401099 387182 27143 590586 943533 587100 950281 112747 200600 953066 256498 201681 407391 863780 646567 496554 437928
679995 470045 586484 92742 539489 124277 13150 888125 85942 993026 926458 666362 179545 639861 526375 721289 918469 385495 656309 73498
688923 889829 542924 202293 458881 550045 772681 502574 878009 327534 446589 60857 176028 812650 67079 834316 822740 860253 755521 916462
754950 845403 49571 576041 294436 812253 414986 798680 814464 714030 725287 553763 20356 697223 828953 96458 704936 723539 664892 872048
196522 857517 31702 686238 477081 34149 882720 771661 550712 585777 451134 465530 898395 78750 619582 499303 368108 476861 605406 45394
324981 7557 596455 735242 734682 860734 38155 421711 628896 970515 108070 822338 459599 557637 231858 920974 286933 227788 435167 868574
888390 239939 871119 90053 88430 761039 305431 569236 805782 958916 585328 89000 216529 163639 854765 907294 612715 11120 734063 253734
884521 344216 46014 446303 868588 802532 554874 129119 527778 497465 901449 858481 648583 868710 486978 236393 931552 562936 764585 968293
778708 637673 841325 802830 801327 850938 107190 156153 998712 732271 456173 22246 305186 163039 570188 394161 142314 263401 193249 145933
589549 739297 733833 663544 667720 60609 436654 345991 227965 130099 698971 33153 746006 372425 837619 789516 941738 852138 309711 802324
925192 51560 756424 20489 380731 268150 15614 765519 448856 456972 961032 533507 668727 388145 216496 369090 890274 776134 727603 450331
353842 617052 74644 929660 1909 435724 62053 478882 17150 200840 564610 908122 73656 704327 313802 538469 159971 639936 968646 966113
907588 601126 19633 183575 434052 765113 463422 514345 300014 364685 244070 628660 243184 615302 839508 247485 738783 381336 169474 619757
543820 762675 965287 73676 308205 465751 640528 477212 469403 573123 351134 195209 685764 999662 352538 919856 10932 165655 469738 617670
938331 110979 263546 753636 139316 464127 717612 99919 747955 13245 697587 142201 692379 88230 127726 400478 178757 577750 705528 662888
677626 596377 561706 280291 70824 952104 711738 594719 558070 471989 977980 947247 424007 499273 311135 121530 464241 310806 437734 640802
157729 350732 438920 415778 519530 300483 660115 568404 712169 409438 101118 987096 372620 787008 88785 653729 149570 636437 464483 261591
119966 25024 751705 365649 897783 36196 912038 553234 245989 631171 770561 649971 859686 907210 56421 939941 865506 612384 884825 585236
761788 268710 938448 900670 433849 84426 401687 587998 770787 891590 798990 496229 434211 997575 413195 75738 519111 203537 160386 145973
959595 954927 45222 351451 806664 406680 803773 341437 845894 737071 480532 908151 286771 7234 877442 495340 989414 665890 434115 923127
583480 292244 292273 257717 444106 455811 916659 839120 334594 112725 651026 137658 288860 762957 686969 558300 465728 613510 155935 751882
544245 161429 86208 689019 76056 472147 463855 345203 820133 828325 441454 518806 603088 738462 357624 786610 47973 589634 900842 51708
13808 120589 8309 561048 640807 209133 194226 438360 659351 628188 195825 716302 78837 740207 692236 950127 168165 625687 998142 593082
150516 62607 286464 77151 800815 431069 37385 32783 815711 369504 237927 713798 528390 970367 407400 805588 567594 797644 278557 170047
686451 267258 378358 464446 316256 170111 75228 950762 774175 357248 380201 621166 953677 9252 180283 36193 787524 681821 389427 358534
778720 320574 203725 128434 484076 161059 295324 577949 719081 755683 269779 16318 163835 809558 508532 202164 858495 205405 528325 596011
402948 979304 755660 456447 278070 268355 329832 29863 36191 941208 750535 549117 660742 526918 317801 822486 942554 187141 729257 429324
453266 18739 75394 580988 972223 162881 680660 770442 573430 434414 431773 587515 627708 379305 435751 907761 347074 108509 954096 185428
232084 416175 827496 177587 436958 107583 379567 849725 594299 826299 335753 363782 548137 244452 727643 929042 948812 311431 51392 558123
648813 312600 551895 968122 290432 355198 576891 773187 662795 296809 677274 672556 941812 387603 867001 439922 541961 91332 321035 231810
156011 916134 515581 722781 183477 11850 486601 8863 46768 421884 562755 666297 101643 719137 561699 704895 508271 642578 853764 32838
890923 732778 197202 845226 572653 912346 964529 896521 648196 500797 764577 786760 27782 80352 118887 833140 811685 665881 622260 772160
612131 244148 448023 959524 527074 139832 199773 819859 712533 614987 706235 52725 894634 710036 874469 517873 83350 804889 314848 6407
290629 87639 116600 23915 231068 591048 186342 78323 397291 498065 601404 431461 890589 507654 301842 3353 489516 770452 188882 140001
518758 591098 919764 906214 497048 129729 425124 490082 759830 766016 692629 396637 700203 108531 600701 800572 743450 40191 986012 637545
506691 538500 199877 516048 422735 604168 673077 898309 926971 102904 942916 333443 284350 834424 990384 542476 938089 644647 118453 605501
987300 549617 967199 829662 523630 762665 403279 44801 945385 928591 321299 982009 716691 33773 618758 908919 661355 172723 664622 299448
218833 924684 188615 738089 518677 768356 590543 956989 723761 554495 668276 458295 831060 628121 157084 341984 394742 517991 332169 46890
631809 452049 597309 595129 333738 704040 642994 108427 664106 460973 395433 905460 239748 39722 213411 293293 791233 997662 426455 433626
840928 863152 76252 445914 537844 954434 272626 974126 896198 454477 869565 177558 484310 703237 284589 950680 747733 192764 631487 976130
254528 396615 615167 429246 256372 348230 429788 167408 549722 851904 531840 684064 934778 631273 762304 315814 114026 627482 918018 496880
841808 993888 427693 417717 801011 83111 202914 500032 28697 391394 553584 492257 17256 129052 940162 992382 292423 321918 803484 191552
788826 801761 869390 89591 642774 363926 49789 780764 30785 35854 859198 26627 892938 756998 879140 493251 240999 562975 31152 987767
477025 660001 290089 740432 64658 496910 148712 920543 867026 18742 377744 774634 84960 17906 838502 106040 690867 551858 720256 494413
588889 265187 446877 847458 311684 336531 658610 538097 671921 790749 338612 17008 334738 265164 632383 364566 957955 291 333401 9963
545419 955543 405407 344411 608893 698131 434606 618422 357374 419185 546728 193395 398671 279800 843672 844076 201550 41977 413533 568376
452764 724531 713633 736862 103674 581456 917990 392853 400249 984943 477231 930077 197537 360425 884257 983313 451054 574205 605285 912298
134301 854261 400994 16581 356183 46762 299145 24597 48393 170501 144707 716469 772288 182031 286618 519672 581226 675134 948063 920551
377484 584994 723211 195314 478344 968491 684838 559391 839942 923797 625734 999238 62786 605371 681176 148277 881755 525142 138877 723431
553031 756306 58279 257891 864844 237154 128049 669268 197748 561285 2622 221214 93054 351569 538765 160769 540883 814487 670882 987833
149283 12961 814439 476071 394704 448493 709231 282363 649768 122424 127563 287479 233218 976125 462982 176957 51633 722564 95949 268111
777380 455336 867030 620298 818728 258271 96556 871540 985281 818273 940401 776324 350972 49370 467118 979031 535122 392559 92290 182466
125594 574567 416827 764047 285565 142546 877020 410413 715209 646814 478159 960801 316683 255326 370906 497124 247674 35178 99803 975089
20453 245970 848421 939723 767165 291479 288918 410448 791625 99503 513314 400274 488542 776126 652773 495287 247811 688532 742135 555657
596707 722482 875172 764961 348206 750262 378126 623974 811570 799512 70317 304300 611919 293826 641114 521616 679978 561979 113091 466995
642192 816928 107329 894556 803810 884847 263704 207252 704530 925400 343449 600813 872594 946466 252415 518684 772938 746020 240040 431915
827433 118597 971990 830110 617765 618818 826125 477885 240841 974400 692959 673467 711210 508148 236315 87811 540255 52594 386663 217402
65836 730875 258504 107066 980590 738135 801898 365053 544695 120329 557428 636350 640855 870786 571225 428894 273551 718546 167990 392405
348453 893471 409511 480858 166202 470958 706820 438165 518001 709548 658828 986925 188007 662548 321885 126780 612028 524987 439333 85070
387949 21687 85498 767013 405876 670657 898365 280371 753377 69494 68038 597791 426397 128984 952579 862275 600116 730711 60674 262682
293139 992815 189883 353710 666168 256666 860396 415575 286654 466601 378347 862504 421984 74561 498456 744020 736018 753700 667495 836506
113200 183821 494207 478158 459859 74312 53898 286943 967811 992354 945865 384742 210010 953071 154536 839932 50201 367539 515266 19270
306647 275199 774818 773522 99116 986201 245645 383782 393193 240684 707694 32379 966438 728859 483791 657815 183973 867010 37713 627368
577266 183735 899623 806823 380864 442844 839014 717330 405282 130784 339064 943471 953119 276815 428997 583109 731475 438580 498826 104563
796546 706975 43900 821998 175924 246691 793953 396914 257077 75738 130152 938617 560975 390269 593782 762549 788771 165847 804318 930201
338134 989699 657214 30531 832105 19285 174368 261320 706588 173885 573368 688296 179113 804048 714533 149801 131352 421903 5019 812170
114300 420467 346766 868383 9891 172239 162578 775280 571486 876486 187356 317671 817929 639242 704131 294373 236839 637597 111085 492608
892292 709029 935682 523587 578179 593196 734901 75383 703161 375786 430442 443199 878843 234386 705698 181930 476473 604211 544719 613463
606730 511499 646236 232208 608537 701810 151193 436549 627726 159023 843864 681129 643125 490561 5992 223374 984962 665536 27571 515317
522260 17314 976249 865857 559846 929130 388370 830538 399897 280621 645994 164642 553119 573466 30815 816348 916579 610101 749470 336151
264097 300992 72390 382130 696317 403612 243371 681725 679965 480229 817567 273002 895838 791357 141986 632685 855743 835959 222484 40642
75921 894367 109095 768169 675613 744612 30051 162809 112655 905435 363109 109815 805903 803125 512956 118014 110823 919231 924587 36049
368021 646547 486697 616529 54016 160784 231753 824102 531025 555354 953387 243455 240616 159683 346567 942385 491594 593415 445563 70814
121511 296998 26003 221508 769371 981458 452158 829844 435445 377171 363083 240740 345208 88656 680499 614571 141160 541984 169110 116130
850374 440440 713194 408188 728505 340489 589746 659293 31923 264311 436250 813964 858533 419303 461145 910797 753876 447309 952400 919652
677183 664271 232818 308871 106235 313361 555182 695237 270905 914134 114924 228399 451267 219324 646080 416305 399029 158192 533710 272455
506741 654106 537678 186211 518345 7111 209305 247216 916260 341278 611073 768330 250514 246872 868047 281030 358826 377082 239473 248159
232662 81583 352698 108952 857775 353411 321387 507976 951748 684931 926805 798531 900446 625722 694687 105171 120839 487143 588661 76723
369405 741169 719848 923969 747413 389676 296319 926113 638555 950130 399963 825017 269651 867013 167164 334526 313776 883660 913297 922506
861354 459664 177973 66354 96916 571240 458846 4559 64416 100931 33604 275940 984822 525903 36783 448961 726491 101315 450018 572698
607524 743019 346408 464650 649468 274651 403144 620935 366154 748638 17897 34631 113819 132354 50176 711448 63434 150125 625821 650066
868551 855991 125920 686348 876612 231188 646347 864251 803265 307819 991720 988795 954751 511034 652131 203058 424750 492943 356354 879905
27156 878099 119172 291716 674203 983554 201882 354042 446809 344566 595173 993579 804225 265417 147413 351327 238184 424511 319106 729360
326030 663933 191190 789547 548425 964766 52150 537941 777644 58667 490084 508853 573822 422142 679882 606261 44965 695283 18549 700156
695385 457244 495171 938868 324559 116606 562855 573387 6073 728745 699502 422912 478553 398586 258305 952654 864319 427700 233467 28561
814594 296073 424871 49546 791602 798384 401895 334064 658247 745381 493814 478691 131759 600025 712184 344828 812560 355792 614174 931153
620959 86961 721400 500160 109060 19281 636218 558611 369198 526331 409294 941932 864511 163319 388955 888978 510419 143779 306312 380046
99641 213064 74991 633901 420856 143785 823733 927712 973479 560984 311663 875760 765495 648768 554622 580788 617250 636159 933025 824643
223225 643196 895654 817092 447536 205877 692665 227873 417933 133911 406070 291944 626419 268947 612779 728196 192837 930754 605792 352023
349213 134145 119237 172965 50074 545571 694890 653331 901574 580094 316536 484584 632517 318892 432216 529929 630384 608938 947502 44785
833898 585612 469267 274178 819077 592869 730829 997878 475729 297105 804733 170163 918959 175181 212866 318422 235283 540165 543680 163993
459126 921200 946478 290227 693553 544978 844012 551738 776384 802816 805219 923651 414957 666370 686794 853437 378426 872750 433253 831138
849098 445714 408755 97182 514665 802921 736379 70394 963080 135322 543181 904750 712073 193843 144103 855925 533538 641690 248805 616777
214881 467390 768381 175601 176078 659460 249742 812736 62159 710472 31107 159896 504097 422005 5307 40556 948406 224455 910932 356170
747106 276070 659761 248958 645550 933221 192340 71363 766465 841329 738288 122742 899971 319760 421696 472253 301573 837327 677204 213381
566243 319297 695120 932856 832715 762707 941208 87948 484657 519875 662380 272143 759988 192337 513237 585154 374599 351046 292230 910931
580458 718972 647190 124661 642224 1535 17958 867322 705417 598787 827421 852868 171114 472934 541843 150085 593541 736337 492114 534289
417153 49699 62606 982243 733757 274714 733683 159210 138926 280974 618074 484375 184999 517921 543145 658306 625499 211666 62122 279929
310189 886796 298755 481619 70403 656872 660369 215104 210461 561471 516291 293927 109439 640556 803000 345321 212130 9792 276237 415626
407179 860151 329692 494135 347798 593270 23382 718181 304222 578595 885968 586954 705630 744452 316816 449530 828818 997196 284227 478665
120864 171626 921738 878079 873261 681015 507120 14227 729724 479232 646664 969823 218736 285843 928790 579508 930484 252035 71820 68687
160630 74886 997959 270561 500914 819730 269666 669812 158120 140840 487073 992347 322845 374446 677732 813986 709631 53537 186474 116849
561031 893520 457233 401730 329077 182083 937754 318013 863561 528034 143651 770712 586642 46093 661742 730412 956180 686364 353270 198792
35835 81184 504338 58567 163465 222526 955744 52252 646826 40933 892985 570227 220370 541825 992219 583418 276610 465400 567782 589876
229766 501103 880221 688955 874378 846872 732767 896345 358508 83085 267223 741182 848392 444065 918595 430556 717269 41889 737747 199770
328472 404050 400144 400948 451449 164681 803090 227264 169825 235833 136040 726907 896713 266166 761533 626734 652660 775415 859512 428930
126478 604728 114984 760751 225198 364197 397095 339233 787648 254000 545113 26082 605488 493444 765178 34431 923971 136065 994261 39230
36150 152148 588969 298958 194653 300423 881985 92258 473931 772131 871889 502352 825605 650056 987424 6118 293391 181911 52438 363879
499815 411863 29235 18535 448552 999786 347962 669614 295745 855066 995491 851168 814305 842457 785304 179856 98944 524313 371662 75048
89516 477358 451058 383 562273 470862 163449 731900 224696 460377 439648 419343 571595 931028 195432 6334 732406 677124 793189 254410
234679 642099 558296 913594 574796 640257 547980 896701 424458 725117 961637 451237 462632 211839 347086 548343 639463 498440 480691 539967
814031 89305 159116 291223 663883 483881 802343 90609 895539 149379 534136 832636 657420 400750 592692 182200 403870 495177 138862 832014
703896 870372 583714 179386 912328 949777 968481 147128 327649 400768 36837 111685 220954 159291 133192 769783 909191 800083 332288 243186
270915 396173 741089 189760 250357 729011 921329 487236 871144 282092 501628 590782 795614 152683 973442 852592 834131 37349 34155 193498
86265 280940 278604 395320 905793 6296 871550 217274 953855 40421 931379 475056 265691 293079 52328 804197 504430 216742 541420 940870
820415 151686 936405 931417 538065 444607 959920 493244 642868 529919 153408 982871 356066 188360 612291 876467 673688 755232 428962 65783
628052 295413 336126 549459 517955 481126 108061 862212 576655 674558 895072 859973 212098 951623 528312 657562 924052 153836 677555 39477
702499 177399 567150 845046 421675 953313 846508 229688 290247 352075 852234 461901 485589 436695 708566 724243 535347 199470 867786 430003
108404 702366 155611 505876 34826 143746 916441 221125 229752 731431 437782 465336 775899 297904 344013 192036 496739 120886 133352 94952
280179 794640 882188 364603 547823 552241 509952 360621 278957 255782 417315 131635 476452 711253 70674 533467 569659 586253 191122 576144
830485 66887 996368 427252 888079 152507 411745 599889 813678 98119 618284 668097 934866 239666 768610 427305 58696 833659 152727 9550
20174 68236 102878 66741 839934 927408 539094 284363 325392 31600 343094 319260 53771 628373 450751 633918 721439 444212 527884 317630
83746 506163 279298 204347 216548 825344 301851 223828 302398 395730 587574 387169 390768 648861 95237 475497 896670 134637 462177 193805
436956 846209 731658 692969 229434 670428 556610 981730 335952 650120 294693 208030 195935 227304 47378 532242 218865 475182 422846 168443
544334 731820 859749 896526 623491 485940 231391 372882 133806 205297 575098 860081 190910 371971 424979 452870 605805 9510 337607 408212
63156 654104 842863 983765 857124 235184 964309 276423 649327 401236 35866 152875 270162 282385 469184 452349 200790 973345 573452 580076
578345 984249 581296 518546 759054 400762 217497 607300 72214 478443 823529 484765 230278 183443 609179 366777 438229 948225 289238 589670
133836 605541 663510 118423 954505 229939 497310 968100 900249 408611 374061 42084 684968 293036 874458 21163 566375 463338 507089 24588
397354 370546 980498 122970 149175 880019 750364 563014 359595 926888 231891 779747 422110 649884 265063 552080 700950 517813 727049 302332
961929 930451 447277 679684 393562 389916 797243 572144 810358 619938 96223 433874 753374 955715 561370 293364 144381 962038 672621 196856
689315 435505 532010 59480 568465 587182 756767 86763 867454 256241 488397 15029 710641 366083 121252 273209 915888 743434 601508 643086
335732 402552 461732 792610 918733 528696 538593 214673 403248 495149 834856 569516 607452 752625 485786 848306 160482 60763 178546 721293
43324 852204 583464 681450 413019 118427 853217 671823 640122 527026 143003 733411 881860 525752 37733 599065 625918 706716 482814 604109
324375 232684 397728 175640 550082 437674 432766 618876 450842 457258 645194 96500 564972 660963 579391 361538 630483 956840 535088 151451
529650 692630 992824 544821 19754 45304 939479 301717 85208 822199 418011 699365 311366 318774 573524 884662 835790 292242 541385 220028
718687 31782 53608 803630 652667 47343 101858 149686 233873 938957 264266 743790 48368 762240 582185 329171 531890 377841 598664 352933
489707 467271 508623 182775 66938 407259 237222 288388 250934 755489 970578 384589 745710 252012 683323 943350 156024 264557 976610 696911
883632 722678 734954 798553 99464 928880 419612 842494 814249 716832 585129 710743 24183 276725 691244 597262 500757 495815 731074 700287
750710 360711 837489 696348 339969 671821 699989 312486 840342 370648 65513 839769 551342 490223 272928 768866 424137 353102 575169 908528
668515 818414 729007 216547 810725 658664 929898 920421 939720 394142 869823 240056 105775 765757 505125 811768 898536 602028 806830 812028
617189 83264 931341 314489 277161 960432 310722 885260 791538 995851 639352 75729 499548 142987 44837 153303 10910 339361 323534 239115
26324 476468 347925 246808 441473 215798 831265 855833 64238 348464 344413 732811 791597 730607 904138 759541 396921 363203 316296 678624
721097 753309 645902 486485 131705 920980 457051 33538 627831 167022 144091 278583 505193 137961 89190 89457 372375 606994 159788 991278
28785 477188 779521 714632 261772 634874 733796 685035 501850 238209 28367 204492 907643 413643 413858 77110 182838 376099 43028 120726
386897 748995 222231 843108 717617 784640 249215 934372 960008 62740 520341 405346 503675 524352 410639 614784 404835 722506 159592 759952
83121 223773 625019 35334 785602 758378 23999 232834 899108 510765 800084 902463 108912 153741 444397 771809 394624 916877 401452 523990
5783 170668 232286 7259 868967 484514 185740 370254 646006 822863 794615 858521 342437 252175 166459 906408 341296 275290 363033 932005
70315 125406 501154 975709 498839 140543 861523 625216 453315 39524 878110 5450 466619 721275 68285 413935 755274 343905 693590 29892
763246 994113 186612 381142 74487 237798 439458 232456 539680 855424 489027 809279 899860 17930 646134 840066 565367 271138 436765 864687
790200 621687 494650 165531 491404 610395 385335 980510 146005 622919 15446 534150 532853 721500 855552 240840 207065 654753 41733 341228
861545 629186 603045 156163 780861 376830 558141 370386 966180 704294 392290 109819 692467 703539 912460 266558 503428 796310 502002 599580
379665 148369 755427 172177 938214 922420 788221 143732 654638 98875 173579 551076 545970 163048 367404 208636 416937 251348 47374 830045
845897 89765 597259 691512 551593 483246 628331 282984 492316 776897 407464 244451 643905 956824 187673 729980 525062 706976 332988 172635
795767 129166 138087 157741 984510 523477 522721 229556 514768 183647 723209 538484 494924 124840 486482 421744 128809 888819 820792 35607
94001 845342 952880 197118 661537 135478 853267 284412 433791 615268 756996 653684 908304 404232 511199 254122 684290 760541 426452 924847
582235 182091 353665 464652 317515 10027 49010 109755 754218 574956 727041 930829 576608 399738 857777 605542 905569 536199 555568 329976
582021 368182 623259 586421 671121 11356 331310 476447 375024 613607 496701 277858 19378 795655 992354 155702 625693 662017 703972 902391
773891 623692 120256 367889 911522 453864 448897 693787 650966 111704 64763 541402 924832 303534 279914 247616 865960 706738 529249 831038
237265 6303 665804 466283 2991 159454 374722 818641 961793 703786 13301 527674 823662 922629 453006 23743 879224 871290 288196 289519
146493 898922 94381 459304 776776 857083 745592 188602 443310 338115 214092 310591 149571 908849 590493 631650 752274 386333 631699 393901
587261 37119 385807 614981 529405 535386 893482 580122 450588 650409 2207 267766 892329 870753 601244 563615 73313 461026 664944 517513
964286 505020 539242 60660 556096 236300 797618 12770 63873 472940 166286 203557 502831 16074 296042 75699 905878 877529 526107 1324
751841 642287 557635 451947 908886 215738 755483 978101 284729 147344 522680 899263 180228 937085 68957 401080 420385 60776 810508 212760
557433 794787 893746 645161 215387 705110 710633 474647 952027 131772 48179 606289 849214 598861 720064 280160 327604 424160 614061 474341
600587 239232 256964 358376 935904 457046 741802 118489 779321 959618 463636 455842 528924 205793 761763 212824 415489 741767 88664 222195
137972 986412 590382 643069 465067 193926 606973 842113 629640 715970 737529 20151 273040 654563 507392 648818 89124 373748 892369 945868
609875 460674 189721 934791 1999 303926 272320 806343 999733 223529 193720 228972 750212 305609 347151 881444 943153 25041 823212 11662
478418 822650 945607 485301 2016 483108 956791 35959 806167 441000 271333 870181 483300 873257 492332 840426 765501 704642 570669 336661
201174 771345 584443 695509 928504 772759 607704 315354 119484 844348 772390 522189 247700 991127 381692 890287 969637 204071 758000 183999
268535 390562 362325 836348 147577 27250 587052 860099 995603 115902 674166 733961 437478 699900 330934 399321 639345 429748 964512 478468
297669 845594 94175 282752 169281 971959 86504 501096 742695 275038 106728 609661 221446 507237 228871 499920 674163 642041 688399 840331
332629 484347 341175 802587 766335 568636 70643 746020 47914 90549 429396 805870 223086 112956 829679 912420 980779 725097 313396 939517
148853 408845 610373 356195 434095 97430 137749 47568 541668 380527 730928 550721 911753 817517 288411 822488 10885 879889 786682 444862
101803 458201 314676 238461 849700 607906 282139 387487 769308 785277 394787 303318 604259 813664 705613 423117 345162 342330 360497 521158
37647 503394 811014 337460 338106 789421 818498 669808 571763 713156 746206 119963 348936 705727 487315 16778 621272 43339 287736 34243
865557 999991 270193 774505 31451 472831 909331 856214 104087 237531 281674 306144 364669 970369 512770 513588 136502 980110 319785 291167
260836 567334 836651 721364 74204 756684 768073 391319 800382 440687 283615 65176 212709 308720 548366 421004 897760 88413 911022 13910
544974 332906 998236 483659 768723 380104 54296 739527 183476 389961 268487 228288 8971 326329 13054 707623 953852 578152 635851 973424
13057 568662 465453 858501 974344 590162 508850 768906 701342 94809 412729 337158 225546 635163 353189 624492 428175 222683 974584 984437
421008 68830 902272 129727 160065 703206 290376 280215 798957 989938 723340 615787 593948 559759 652792 930279 557827 629097 594888 463573
709765 139697 605413 925825 224293 305794 251235 10153 498705 488789 115820 840585 425207 909474 600315 826311 233622 547710 666431 554640
294107 929618 919354 138220 894490 942735 121669 913859 740167 275710 155214 221834 482097 412461 222118 35692 246361 978500 125564 137897
117164 467335 733026 958565 527158 166076 723021 46448 144966 656701 871998 162128 469577 28762 679812 345442 813543 920261 203936 151471
313453 279710 177434 309924 456622 766606 106820 186655 540129 279850 812595 721391 501572 129876 434223 85176 783893 301765 34078 597273
584860 113799 465052 407233 776927 745246 440333 527290 586244 117250 214268 445891 379922 376960 288097 472716 286309 512778 871925 738689
59820 237219 868964 804627 92082 527482 732801 606046 463223 400879 97382 214078 753586 125709 344593 575129 587131 750961 919607 933761
86651 941783 147595 4466 748268 505282 999100 695806 408087 958609 989990 652674 647908 406317 909021 170010 853468 768137 21263 847606
519575 682632 826372 934041 904673 560326 374858 700541 634798 339913 415332 688713 503916 384555 682951 29787 388314 373602 352009 441905
977392 72019 366520 348356 325056 541273 74443 256365 643202 647261 973208 620861 889852 8513 728030 222349 922365 411417 167151 126695
164106 291165 395132 214257 549550 12380 948650 489135 128816 742554 131844 302392 472061 121007 316264 607385 922577 990559 384622 138618
335400 935000 490256 474611 760559 186680 820569 982631 794698 536615 817559 707291 839786 441644 942975 644550 517305 510747 77450 332044
851463 123596 182350 964602 35134 167254 608800 389047 396555 292160 51320 608194 164832 479298 176894 442257 208433 37444 680089 978808
865116 189834 187060 276451 720861 769230 195797 920020 337648 332003 749485 124250 742031 20071 857895 9774 531461 576586 718850 91328
251701 380446 915415 692148 971561 718929 239536 112233 223672 586556 754809 507762 88287 569398 257659 665674 338162 777477 196031 3686
656648 781633 135835 564119 157995 731436 784173 623171 447812 563944 194803 836094 274271 209379 639706 157283 942900 690117 593473 791851
711426 666215 114058 583436 530089 473515 386994 833300 152804 157880 234350 27184 325313 582588 317934 284719 6185 822574 578445 604608
199712 271780 281668 686973 403792 537544 538078 255302 166173 56398 308948 634031 147959 592428 300409 248747 690733 356601 816085 390317
253546 825100 777676 699151 462184 983951 702517 548629 445106 418815 71011 169230 707878 196843 629679 294536 305518 404058 982582 663270
442321 193912 576533 229851 319417 362188 886122 156718 517597 551604 579999 85972 724079 690273 320056 27631 718571 331291 237285 357659
808739 509645 678636 358121 709870 670161 922790 372060 198909 668559 718823 108621 406050 792969 782464 320466 569745 88331 518600 188692
881969 314982 767621 648044 524022 711716 203730 714059 832391 462384 603502 327597 964712 241564 963238 762068 762853 710785 675522 679994
43835 391472 29121 287160 790157 582865 782760 894008 709570 973181 469189 512377 918518 68000 232237 480361 404607 303665 676714 487633
723432 680727 479859 427736 455528 468526 12199 391421 938581 541995 330922 839214 992275 430850 264512 705979 499582 455905 288945 787893
705019 552051 112811 267991 945197 863117 509857 439328 335207 515482 939626 111953 393634 944521 453040 502183 581217 394508 75057 831091
284134 572425 981647 267914 553889 726483 351410 102514 534819 289920 671469 796520 949093 271188 454420 58680 392130 162084 850699 389655
511819 84891 461792 779395 482001 266300 935943 305595 815824 19121 839392 168202 838090 974616 461704 694998 826568 974185 131204 2895
854600 740290 886236 243248 672761 716750 981049 990138 342447 52726 740048 448000 818265 658066 408005 877819 585615 741572 666302 58272
7347 346799 712633 580150 321369 337105 350397 310710 642331 586291 67770 148069 56151 509527 280224 861231 787064 733920 682715 523337
94747 948995 575836 934369 908639 258950 39014 389929 903634 276769 201308 309507 737778 284780 358627 993740 785466 705609 328052 223793
515324 912309 340864 397194 525655 847591 947153 144185 225045 274445 298461 411670 620146 183324 866813 269922 955897 878548 982321 153314
484343 381089 291476 539345 534821 519175 944454 680139 452001 209912 328806 261745 453973 473834 783620 674164 35742 144323 185843 545399
93805 751075 56595 459917 533667 982270 886346 883494 641776 985689 217309 24560 3062 582334 360137 943720 280952 887458 391448 775237
924561 787779 763881 85784 588402 647717 310048 467695 292986 919565 636005 312100 554759 544577 574246 514957 616047 973871 714515 826286
818088 642387 890754 301065 149600 191679 158049 229099 458517 681882 308765 598762 111845 891984 708820 411747 548284 309750 992476 842090
396033 30420 945623 759548 309192 137299 435018 408576 567863 393579 564338 181848 25366 556100 25780 10193 147950 540190 508521 562930
244582 858868 366301 212981 471637 166446 966385 173584 80450 665749 236233 289583 796064 490339 2018 163750 399341 947087 225316 979524
524409 831442 321792 610419 675360 419508 789161 626519 103886 258871 306008 594872 163553 797009 994335 758313 876667 425374 411647 320711
497395 108583 377738 294640 787404 249549 379227 182438 188157 591834 960605 468397 987591 312686 790795 426887 458366 547290 480003 119207
291669 570742 734169 385052 597574 738865 821397 250573 174666 941698 737787 312817 949700 457247 334238 536826 630626 869509 162220 208039
510225 592377 487103 86792 840603 483012 409440 813634 784324 570238 269727 164481 824209 544047 35672 46020 771409 459823 809367 225259
372601 114500 844329 936179 593384 332174 440033 586607 914447 865599 987302 592361 536762 414588 42787 589755 409858 637421 231817 287144
127933 216387 172432 212473 6594 517124 160864 382060 811774 124941 703091 758986 97823 68974 578686 48984 302408 432654 161391 80624
903520 39767 599528 97575 565163 846997 308709 596539 305647 661522 923020 182335 600322 82122 402153 685583 487592 310929 949989 804870
436455 942597 114807 959638 447191 749114 71036 396720 1284 469468 509279 839962 761494 632000 283134 211933 386469 625499 452072 153796
173547 647415 744787 59471 883439 61984 985373 691246 898142 765453 983861 473182 447479 355475 706768 329280 81116 33012 400100 855771
482469 879107 300448 700191 205563 997322 431822 701589 379606 940046 285434 629521 240940 660386 923220 347824 350170 797540 649327 635782
578082 516073 626835 263723 783041 204260 144279 483493 446650 355340 561085 151856 723015 212417 943475 529691 100447 755874 286734 738450
953722 120621 500033 600789 812985 780431 13707 688263 803360 272491 165172 842631 468778 141690 8737 866192 220460 270580 306858 540531
696940 522862 959453 381498 799961 307591 978291 391127 872871 193647 406266 910781 787184 471903 834126 277372 985973 522644 640768 723205
864773 331974 637175 890713 635 920449 49148 201414 151239 90385 204829 995749 715093 749148 126548 616542 234152 296693 513932 750175
562745 531980 755110 288361 679763 769763 991296 446288 460855 410664 868240 84800 533382 742828 474280 509198 278451 862599 393954 899246
490313 102296 914845 436287 711103 740293 217799 159157 789776 432747 903758 191960 506108 152102 608538 9691 645473 568834 560492 698637
217739 951516 371712 186580 128 400591 589287 328008 980145 148922 713053 183250 984625 320 146822 732331 602852 375121 588461 913894
626388 975665 954118 917939 522296 912541 776646 171774 539059 907184 728184 266411 713038 534733 465267 61031 972871 680832 648822 135304
492512 954838 274693 962196 158027 497587 18877 778966 158202 882587 85747 29557 145019 685280 709719 346669 728735 196597 922055 522242
514179 698056 654141 258021 597844 87118 585893 43399 176255 230318 473042 320099 630565 283715 298718 153079 604540 160930 248468 2318
812962 607312 526914 91182 705339 851649 192320 503350 53905 9134 563001 168987 972944 845090 878941 941203 728898 888101 802486 759210
956457 144613 874689 2605 37244 480065 431739 134681 485012 755677 148613 27035 104633 621145 900144 262129 347825 627645 741473 332419
913843 797997 194372 995083 991573 266361 709241 609399 174686 694984 949671 427863 428377 161997 296111 593995 852530 726706 934035 736479
485380 300484 965169 130596 494350 57160 528336 122769 196442 623627 720539 753564 960401 371836 772715 615711 224182 104962 819972 549898
265954 576531 739939 414432 104008 838145 757901 963391 98676 141063 195912 85006 418654 412788 493630 610942 4880 275271 4755 797634
491670 291822 64266 702780 215274 78634 1081 162862 705220 6499 492012 697541 236017 473894 345393 218087 839764 696762 746648 528580
334863 861376 873578 449869 556047 530654 579190 785437 809227 368929 410629 265503 78857 335793 50187 704602 548484 53237 880278 316833
422733 624904 216232 594024 589165 896508 583381 155810 588138 292340 159922 329364 498377 616960 461815 42889 382965 488037 166005 513489
823306 528417 472851 731452 507036 887634 534234 494786 523288 538882 739824 191492 612917 336614 644514 817120 547220 50505 771954 988742
861679 338482 693989 135083 689004 97162 85763 404361 279311 13521 97255 316963 96704 268130 276521 368411 972671 277618 864422 654297
946558 121001 912202 171007 930910 701787 186632 181537 353554 67736 560027 853667 274483 861417 801329 500342 336608 264583 650150 887678
797965 927982 718391 77442 358778 118076 128593 475414 973421 420829 721976 954202 670421 857241 358650 371266 168547 501203 934736 3844
60061 749693 644202 542423 935228 536162 961713 279477 332902 528209 756361 968743 817891 92063 63668 438681 667446 542083 541215 634188
777191 965839 323064 837922 780110 192945 722444 71130 218300 109832 118722 914457 324961 498941 735380 156169 437195 355438 448979 601776
799928 364316 348620 230754 817845 788050 881576 52980 943257 165506 470069 317436 100764 451955 363478 109276 200875 501481 476881 334999
726111 591755 616263 41808 54581 744941 720591 765023 376284 883261 694228 82568 524758 909119 879132 856717 802726 522090 119651 274413
775140 409097 566014 218112 548572 220045 238473 574393 622770 77610 4434 370637 194168 742428 388076 327579 397982 329346 231004 820227
494406 996858 477711 514003 161230 418656 886554 157829 127569 411571 241210 909185 197749 573838 688002 864246 380602 945384 245306 627602
537703 468944 820507 244725 8470 935279 642048 496553 759826 67682 525538 112451 876806 514859 590292 802343 773929 645973 622767 838623
473671 65220 584891 368809 513608 135535 384791 552723 701382 718829 403207 675506 924849 962024 381076 429857 79612 443380 998752 513674
916619 124642 251175 79123 819423 830323 286630 89258 896993 705695 364635 55005 905264 70393 499140 960840 381355 50331 773601 815599
979911 258195 373051 703810 258689 781946 956452 99565 294186 486787 69644 311980 806543 249061 424385 122978 754126 818405 646773 639224
218615 910016 834510 41750 919218 512006 78408 990765 120483 645642 29443 242456 799301 949126 584149 576847 179041 263755 71820 903154
689887 528538 923770 224634 884906 277369 902421 64038 793930 105933 354584 170233 167455 907840 259519 40551 547871 842096 751075 126175
130403 727577 169137 202327 822550 821655 803108 734289 73803 413506 117191 276512 375952 702216 462932 71091 875519 644719 862479 619920
773751 31365 947225 269108 494115 830966 38250 684885 576822 197842 156746 423683 122122 694623 485821 475918 863620 547690 341900 669035
654407 18028 476012 208905 646634 818608 17304 614 190249 698066 325616 217542 512677 168748 603220 132509 325518 583558 536106 638361
840781 597054 679907 148673 776285 424953 309311 285577 618585 63760 800950 282875 155582 701582 954524 152274 364050 297173 179448 273016
156948 81874 175318 38859 453073 965911 215003 584934 167854 706194 934912 163971 170522 532659 252951 124036 503347 356897 381265 172658
400058 851688 964956 632176 986760 37716 914717 31155 730953 473929 725925 313895 31880 117102 28371 196360 953154 124804 178583 314929
912945 304061 580988 651198 156511 774853 486681 896180 390640 505111 565069 129915 522166 665196 137228 188597 248009 749727 527130 986372
736289 802850 440185 772327 180285 255289 681336 962046 732853 110715 651763 33910 534972 480288 759466 350359 84048 652858 582174 272761
642200 194201 310880 196415 997381 634450 874707 645405 68742 449170 355354 527046 313178 101087 420128 878594 796172 951194 315992 173960
27060 631817 116447 768677 3210 704367 790868 466187 57919 404274 941484 927396 860043 968102 576219 259770 697780 772103 960529 358193
251688 826179 354760 665064 864834 751673 945595 6768 270073 401027 131894 341054 304772 84494 518722 731464 130732 493094 97962 907936
258110 456928 520830 923794 554082 147665 984852 833669 161383 936273 364140 792493 974425 198336 333128 536957 858536 421916 784326 3287
394062 723707 906982 898750 778492 896285 472037 954902 272882 463839 729159 22964 210116 551071 886781 87919 291501 113271 733874 463169
828795 962805 637620 606629 951025 898579 809612 590233 576466 201043 92289 712373 878416 906128 575847 155920 943113 60487 68045 699799
798243 196895 670118 89445 182476 157684 679091 649649 935959 869075 653869 989782 265539 72887 189196 335331 95454 798046 653687 828847
401153 103359 472754 415382 785698 886985 984065 357776 415451 968137 685083 79321 636351 566575 708873 314713 21744 68777 86208 528388
611293 808082 669913 253912 833881 95808 317878 276108 629840 675202 589368 282777 83999 688798 353207 443554 655512 854287 38507 309157
172890 972484 218560 240795 601349 350153 501964 560924 166733 544260 504816 853828 510342 78577 500884 577741 801152 871208 221786 726844
742658 789203 785305 191938 581675 448804 222389 946441 333246 203935 529222 13048 905102 611402 555715 783309 986601 834677 983914 448727
776971 329946 854650 136136 366234 779899 566499 723540 236190 610519 254637 938206 690339 216654 617202 198547 463436 903672 727333 231947
177459 791114 728388 934367 11419 882550 756520 532725 918454 373122 990562 406945 191314 645726 967868 758572 926321 118095 150697 167770
656034 774857 61232 888311 407330 617343 196458 32882 284764 488143 259451 869800 54921 289 593838 237756 299717 800585 429105 867034
95037 119069 362619 400154 995649 288575 956170 132117 949275 163002 366844 363856 851737 441118 969265 276266 589967 910891 858077 681972
613758 934021 224626 853084 628062 726988 58448 820122 232034 641756 528024 378046 40368 621231 316366 341218 296204 746537 315458 504695
140617 434520 217343 910797 507836 891143 290354 737336 770664 786572 732797 862634 896036 149277 921370 570476 397708 684888 44794 660229
694778 235866 893595 297880 345201 252394 229464 586390 368879 208494 733793 930346 673721 584251 793472 500349 481453 533061 177943 562999
28294 715705 200482 320872 78827 235619 76309 1034 818969 404080 657926 507980 508723 193352 477848 925308 580197 64730 787501 206562
377801 609024 413497 619479 706511 851540 41339 887204 864511 45259 465008 53830 950700 948611 391091 213599 67114 401370 369273 528819
739622 418108 497393 416792 199486 540908 470274 163374 379373 95549 913067 120612 498752 502487 331324 435998 760503 307983 899391 324388
51277 694373 128009 270033 199349 963753 532930 419556 433977 63147 224921 396941 437800 940021 776471 788631 615958 950625 599917 242049
126316 116015 719762 11919 796104 952402 581921 952730 440714 247709 85943 362572 430262 579680 909561 532016 873172 336773 730804 278172
553814 17847 617529 118836 263562 57685 19131 164646 636400 44067 763676 760728 132978 114631 527252 393930 915782 824543 882494 239509
892439 791688 964283 189727 595502 910710 806775 900850 602862 887795 391002 350364 635683 440397 891030 313878 800641 656899 7660 777187
496476 630796 196860 62640 105595 362338 269112 363528 864940 816538 874366 115411 420631 981820 114463 813561 513380 950120 199850 956311
644188 849859 782246 984392 157627 898494 326645 296067 240602 78981 38295 760827 61565 736013 588774 437448 574418 784061 434709 768958
585926 301183 69311 977435 134212 32282 235848 932769 889008 77066 565050 256623 964018 606382 745927 958629 63670 601107 936802 692470
434528 356495 372920 416442 355999 649904 943376 883869 260265 696545 383589 589635 303057 749483 380656 952984 965728 128163 70620 424375
557235 368577 299912 320798 444145 286774 260061 382587 270981 915538 985003 767921 776749 445014 282087 991906 314677 74885 470593 246790
321608 317199 448265 334019 981787 700325 868428 504904 999120 274752 991660 838715 148158 720555 915457 712968 532636 689867 691915 342549
880841 437045 894568 512167 143196 503259 887114 68 32783 507421 752511 797028 523307 207091 418418 579204 668829 787194 866477 67272
460818 735205 396925 168473 448945 210149 398869 953513 197431 468595 543461 124025 953135 409526 805399 879412 959668 402638 579063 685292
436654 942451 950370 376589 738600 320482 270095 291039 190673 554945 530570 124356 358587 359950 751404 275839 629925 822214 550683 172614
975517 827320 627793 527764 101465 125148 963198 491777 860338 747886 431603 89184 495951 422239 4731 379444 716750 918931 567856 2295
67248 763516 984836 829836 658151 978669 520240 524024 935979 837091 544424 562721 753346 574613 103904 530221 64167 593255 112178 495957
612298 405430 570747 199556 557140 704383 691197 428862 711702 901793 717526 426173 466417 723556 881949 627556 577539 373596 577494 323985
285544 313229 144619 558392 430976 471819 682514 533649 548161 987506 682383 964780 939716 503238 166473 585452 337439 477773 747735 320315
740738 316291 633017 602184 113913 210066 349427 923053 317505 775076 651115 272271 139889 671180 774239 575342 633758 962495 798298 815120
904719 413220 117969 318450 453308 723725 572978 71276 215800 641877 477464 691920 131869 265228 252803 552425 490656 57300 859854 502346
777394 764506 12814 531775 696457 867461 280234 847658 229788 19606 567477 154278 185855 724204 735379 701633 498199 175602 267328 948968
318451 348051 55057 92215 608700 516884 56299 701239 863309 717682 352878 439719 781335 709947 183488 818856 450977 194617 822488 657221
804473 813280 111470 300724 730971 353659 184927 96560 934470 464096 978155 261322 321897 837404 511895 170090 889305 688386 47559 946864
781423 396484 84547 824241 704125 190970 735851 869314 89686 408166 830347 907243 557949 223131 866124 920812 741988 256604 382476 301607
634451 581211 623765 62611 532441 271777 673013 985787 79646 958166 374071 903171 145308 625576 805014 688316 167464 883811 450058 655286
971393 834025 801160 385092 743880 89516 332126 321442 719181 33019 121606 53101 849240 888086 16188 203754 44461 944102 143011 518225
397425 509629 4587 527231 267116 105527 711008 237376 847171 718463 908184 941603 939380 102046 936198 852193 671472 302333 222350 553477
455628 93215 544479 910578 525048 948365 907206 854955 648445 582955 42045 692598 471532 107398 180721 838973 186566 312143 112560 644926
28784 106207 501533 788685 418046 494970 238027 962 530265 958806 304033 576891 700674 144759 803107 206602 432207 544478 93099 865996
328483 943313 409135 794775 511599 227795 530816 797937 141546 252998 352795 697665 10416 532820 589587 381112 10788 401675 700261 982195
552219 396596 740873 910101 931818 959957 231106 439161 510492 252048 312604 874732 90842 458609 520825 314577 608317 396126 560866 68098
438928 717756 157853 468649 211876 488517 968554 565057 644434 406688 617785 264818 186031 614303 67323 865929 384683 791597 6607 160628
366575 692188 738884 921526 413029 314477 309051 416113 180511 316194 234544 528324 756555 732321 482642 174668 665401 233630 753167 688803
708198 441140 705088 468882 286487 712079 398380 166946 664578 655112 146827 955947 228583 671033 258194 62815 810059 801609 758776 5373
292207 784996 542481 901035 768770 271618 338948 589833 481991 540628 312260 355183 753657 103440 14130 518805 493199 335363 345852 806880
465538 950030 781803 115967 442357 550368 824767 401017 225550 549182 503221 895828 952882 94572 83476 722234 759271 505849 888351 854562
437112 372061 717397 272505 801375 496666 268694 207010 458032 806967 914111 171478 218405 140811 632800 485417 63343 793453 716855 38201
842553 871856 791272 559482 114724 858258 985707 342490 452222 552315 11695 359528 255840 227780 173577 412293 897159 397734 550844 533644
698227 405241 121852 734690 648301 948272 267644 139057 326440 623736 55183 429939 267887 215493 888121 848643 70838 264355 948398 69691
735903 515022 759706 941669 308621 654249 808634 764220 226158 191731 380966 683655 876488 63904 879700 8569 810168 726927 965940 145468
813701 755810 574466 618381 264575 521959 506482 698995 740121 804819 858057 349715 118555 646760 784180 552848 40525 356327 294518 155158
829090 805933 994336 120789 524986 17302 164739 644625 325715 531506 438229 790790 890448 681223 908672 437793 65855 74732 789061 65631
12833 359062 284842 760462 452366 30360 703973 209783 773696 594032 205512 556532 416912 669199 206748 685403 885801 788315 599068 68530
282071 378457 277530 29582 64997 19625 357416 904867 908234 749094 108440 616377 346934 836247 321001 570102 853089 254422 137773 430068
312246 934472 414308 111861 74510 540664 251286 435221 285418 512648 366268 83912 484507 464517 690058 270207 928175 142594 85347 199535
644226 916994 484557 68163 743387 133626 961511 764150 169745 676736 981247 757390 298313 596999 200409 520069 37089 699898 429813 898424
159350 414681 80915 25850 180322 108538 140100 113988 175529 389449 949286 206729 788785 887665 753928 160755 251098 618092 550550 117879
186949 829330 428025 148089 695442 465539 105470 744825 909367 406376 164782 931849 59677 861706 603682 830545 552225 724409 217482 772741
352792 169553 95232 282701 49913 583746 58141 414919 936751 187364 654049 739227 794399 768980 262373 17423 932670 136302 584214 213758
183772 217588 239424 11843 550322 637829 750093 964450 56927 105734 740386 201811 540472 782668 238990 420381 937604 64167 175839 698372
789279 918901 976524 565771 901309 314148 813490 659543 711573 292440 465745 586771 567415 348310 425139 293113 180636 263614 221365 143869
217268 297820 25046 547028 897011 430588 620059 292217 935723 698175 62047 645506 832982 248467 206103 439875 980336 990121 953508 612215
662387 27142 929248 359304 889033 513194 741836 841781 878938 870946 815592 315534 931332 109043 479819 647727 298391 508409 1703 616818
928883 472506 35248 755889 352675 242008 536956 893265 439231 518554 622835 352811 18692 341759 853506 395303 75549 957032 564185 379411
593124 864469 569914 36826 166946 387157 318611 855144 826706 720627 944149 559050 171903 373910 671060 619363 416383 955226 164250 154703
112524 587739 719948 855653 118091 157298 244191 815091 362859 150808 138659 39786 528115 574992 124376 988435 67886 334903 265142 278947
146480 487313 980573 109937 19062 593770 192710 419108 83345 226967 789564 314671 49788 717045 714043 180358 270932 676049 238185 340318
566831 540673 517887 189459 870991 830221 233373 950047 960974 691236 589887 754464 356972 93023 200967 413911 174464 73161 3901 566788
908657 465521 84540 722899 92611 807274 308959 858587 591380 208634 586856 495954 702161 687611 760539 335030 976181 634361 921665 243425
954907 847870 50831 407940 373134 177145 660316 247247 423176 172538 547413 564538 923415 391555 210923 136024 775852 165559 492900 931520
799083 377091 35308 309201 445932 935060 885570 700801 947007 38602 860835 819379 948126 461645 422516 99009 296884 741086 683265 990915
876861 786935 590325 383739 506655 981105 736167 926567 565132 776847 302349 535592 607799 298301 530257 721865 283111 158438 994076 565610
287083 277135 693801 126657 497956 212881 887122 938151 712027 429976 580278 821923 129837 140745 140112 736038 45222 751915 753042 596211
836009 529007 234175 797441 824361 877382 473123 515266 301434 799870 997687 273918 378900 936782 487130 648561 222155 797171 593197 999055
301840 745521 545344 795431 84168 592566 568952 768807 910729 295478 612482 169072 619125 805281 147860 337433 859948 552122 30230 476979
744617 544604 504171 78719 841457 833593 355875 177548 470507 130020 705577 130799 495418 786332 697650 884807 160968 521290 237992 851936
457658 396820 610157 504189 137777 756469 309810 852166 288616 588574 736019 149312 747476 441832 521438 623760 481463 175460 663386 112291
763248 655644 598395 954641 780257 440700 419776 862992 344944 581725 892819 638363 425872 661820 854737 218091 890474 339169 394713 362593
538553 570164 618065 315695 404557 306851 424025 691969 343402 600639 266875 753203 770952 965307 298778 771365 84728 284684 847288 621877
564855 30455 433189 978754 195699 446810 101240 474224 251534 178699 666511 208048 315193 501553 591764 929957 406636 925268 93867 434936
210102 669277 35791 930716 178152 587427 889877 25579 566350 171196 316125 810635 490783 59512 424234 570906 197828 16718 633723 513221
596562 995295 519693 821765 470576 987969 773527 367431 752135 319316 779418 392653 479868 591916 854635 960609 568937 898649 172386 620336
768287 669529 29887 971545 191969 667227 740991 603289 278860 121545 198493 267010 603084 785029 476503 972014 938843 694619 858647 160677
244338 209444 541913 527247 947414 152768 138482 499802 747694 33400 73681 1226 490483 951612 743680 5907 907153 760553 973594 916055
881613 908354 115023 496167 192360 49417 842789 98721 772925 922223 43967 700514 27004 315722 482510 919305 856976 314039 702198 110979
833802 643688 633609 453375 793901 741729 817416 151033 440739 111660 617949 103026 852314 535734 934842 499951 397790 734696 425342 828667
433900 556576 955586 702531 678199 609935 305185 354241 102625 188380 688911 378399 915092 229527 686656 795777 121825 181310 191874 469108
907755 483876 630216 154764 140070 393079 710255 865632 591534 912255 60159 566775 44438 483152 492614 369656 657278 901296 840038 803321
592120 992134 776293 122645 626876 540474 820613 820346 894574 760916 868520 635954 189939 222365 658462 946393 496354 629907 462236 723018
482321 490550 199106 408180 807820 724553 570062 64705 372238 516875 70367 233585 724840 413697 72188 695523 117522 788582 463751 708069
721279 889008 398592 941016 441278 789536 4439 110977 669768 900117 603670 938030 383075 438544 720566 759028 678395 295443 636914 745031
671717 798465 443237 85789 998569 953759 336778 843681 146310 113055 176102 644007 416316 357376 919775 499012 984637 192091 58085 567623
248050 11489 562212 929917 175862 644747 744740 285715 250353 438446 676190 494181 41681 896624 746589 293337 959947 960672 27741 900136
194903 536778 987411 306037 310881 741255 216146 422257 661834 459202 642916 385850 714760 470195 161665 431833 273798 339018 928834 303700
792171 541009 939884 648097 595436 600777 220598 947415 645816 188755 154726 270014 783317 940049 829540 466361 307110 875037 210002 797062
193309 183134 310269 956037 24034 109564 980563 80959 166127 447137 685218 383919 78874 386505 369418 865396 253921 68088 918887 783163
889237 254156 736325 95910 542326 682826 311909 562389 914864 886362 938642 494623 482708 180034 163681 672469 919807 163020 711836 610767
974446 768202 744036 535096 492088 344176 304422 747264 905254 463227 11433 688659 593908 444996 535704 514554 467769 523022 89538 43985
917393 39788 573379 362466 303287 359433 121324 375343 498653 946912 75837 967200 264800 283907 964035 935947 699175 171296 773779 196532
500684 303748 901055 246869 658562 608147 573999 478178 872607 845583 781456 617139 80073 635960 677276 930804 690433 533375 980819 48838
174993 424416 939575 863637 510380 65680 452937 815773 863653 230500 929136 302022 254808 636349 871550 106324 870932 430807 343427 487272
326568 1714 458003 241351 460738 938470 771269 624846 383617 16010 685695 802492 973651 984272 48190 91061 814419 102531 621630 274099
939401 435459 321489 921097 133854 661668 470227 91139 288033 65700 223685 930888 887709 345215 767260 178006 266972 603092 897134 902226
310859 276988 426785 307200 954607 51296 940158 259591 31775 202472 889130 672490 881351 331691 870132 314072 16615 467213 505649 246162
515778 940744 199028 407251 321039 97706 162567 980513 644143 412747 626386 375551 113440 188105 442157 531276 68724 554192 673260 171349
198142 281836 857600 365468 164757 391651 908958 22339 675977 311174 17369 755927 76654 447477 775439 251552 168105 787938 594947 628579
717590 861125 613395 772870 892058 462677 175172 874241 534390 443354 249267 764922 255425 302310 850542 452596 427641 805888 690226 986389
127157 276818 806929 868154 880785 313252 244231 871476 809706 419272 948409 813588 262223 98597 539470 618522 180367 525939 124597 544041
626176 317322 705467 228478 125971 660080 218211 966789 314376 137915 16059 761506 192260 433196 915548 667871 719340 247051 358959 465352
215374 813987 380687 634054 785108 518514 254843 972852 892462 957063 875286 406753 177004 984692 453626 498473 118789 871294 893016 174354
957598 650876 132608 120938 579468 652227 38972 608395 711036 75777 169279 211503 283105 748793 244220 609142 325085 961052 828475 88177
929528 312636 852979 203133 102167 929078 847059 593767 311906 473867 511288 246274 592080 584035 535769 882799 59004 974274 508415 436457
688418 990439 842723 20522 542107 144552 894465 848639 312056 865223 258375 168126 423874 91193 732209 270369 254083 285606 14128 808145
159142 366215 505529 788007 67707 140007 116877 115518 287821 707523 758630 284382 658231 455061 172165 516927 831232 104147 199235 974829
330275 863182 714215 665915 401564 48515 959527 89849 893709 268308 17503 282510 114266 174016 111328 692213 516760 32365 262400 217276
584481 75427 452732 759670 388732 230224 53800 247711 849749 462457 677275 47729 265097 968958 666147 351397 553906 364601 751480 531066
281055 645550 64363 66102 210485 396419 333316 176020 13400 43081 535222 532633 564404 919008 579467 442978 184321 976542 617545 809495
75601 766171 182894 458635 92745 848568 61491 938786 609662 450808 956003 850127 386647 239479 729761 762818 520131 422492 34929 288250
292743 739313 844968 431005 376038 952941 349492 153931 743933 874120 608575 1993 682793 777913 384259 322369 73076 402349 544813 323373
457101 360917 693448 466395 864529 990129 95309 195815 560370 640159 310182 739788 969423 28597 392871 564866 436595 176396 188160 651065
655618 948625 882619 280399 990842 78171 81009 970849 886219 872758 809118 442932 887762 533008 928739 366517 944172 714864 661256 178245
125750 403664 478316 580455 186871 162512 893062 143594 8185 500048 20429 387500 485918 930197 209961 562215 387985 683282 983820 14153
658608 385480 692932 601533 625595 419084 430408 586260 12317 690757 462727 788162 92453 136918 138330 670432 925331 377485 672305 770476
445943 890062 547532 858596 628770 992856 504000 917247 798623 878644 424386 75874 891174 909638 711528 225918 15604 282673 473781 750003
203128 288802 202354 383849 403364 127963 634463 517324 570237 24570 130415 282196 46715 828256 854886 116139 658495 473353 342552 617418
63004 235167 68940 54377 687819 20815 119649 387738 403033 334551 977139 513828 107285 365973 268531 599026 365365 623226 243106 489906
478981 561483 437244 838517 900728 179541 248397 332521 394531 922145 951097 671857 214246 699510 395630 776116 672764 568198 244356 828988
512540 410717 212816 815922 580807 182806 400328 982397 53566 406181 789694 985528 34215 9364 324477 689167 505092 835746 288817 343333
778560 922629 695184 225804 674877 369527 847964 297114 274856 78626 367351 456626 687283 205888 608017 290732 653637 920995 122638 72289
704992 502055 347257 666435 198100 342167 864546 216599 507344 481904 829206 534843 890753 483880 279054 150604 180426 386312 696213 104619
397972 987451 432446 562742 326767 51116 688860 547936 411126 89653 3277 593396 87784 726725 588576 646575 593683 302916 203190 141374
971923 769460 473961 13480 584978 394614 551577 21293 923532 831539 205841 972339 211475 486556 311196 358009 970263 623289 177944 545173
458141 307079 40637 179312 969504 462999 523013 693734 166354 741035 109235 721554 284984 559008 452551 538601 842254 497821 93341 430492
812916 382950 684019 393548 493887 753695 338793 730432 426342 901754 14645 118301 182119 572775 645536 870930 228448 840825 992287 568537
306034 431467 211434 956125 30724 754307 998247 200266 490486 219049 563938 802177 693220 768829 768738 858185 533436 726007 137229 223793
67425 640200 432847 852044 232904 318219 674443 609085 147919 605194 928045 660801 395135 887648 743061 683341 465262 684413 499346 345625
47241 618191 75771 763358 975707 11411 944688 818022 332136 162165 509349 209923 609822 282950 698632 394047 319802 871261 336655 778791
913702 611272 235338 526509 545489 964771 456265 164758 784679 722819 502552 306740 704719 187352 789765 497251 40561 148960 281971 586702
310452 412092 77186 469170 172738 162439 837972 836473 430728 457180 237632 670885 49673 510171 98151 253019 794343 136037 405732 600543
826003 272797 93982 13322 178617 584172 757100 690157 187890 967246 481951 419185 121701 232788 291134 855747 681803 591223 319044 768955
5121 790421 643492 109768 744082 507157 963368 311273 247938 221602 882153 218656 438827 663064 293876 857031 215791 429536 130929 949878
49112 578128 115091 912148 352200 700749 888142 819580 806144 423041 75213 765898 747920 78059 959715 191910 622148 6672 597954 147680
360009 22405 106136 988929 475108 239646 267245 117939 644455 832196 339530 468676 132784 808860 398711 588000 456990 756503 413022 829673
485222 152604 135946 593849 422811 745062 811380 874696 99121 319513 107242 420591 642569 305749 998059 832514 7027 439196 17505 868648
963348 356519 211849 417984 527352 198677 910745 423820 568574 538479 705778 143690 929215 59784 662999 698312 954368 260480 423096 661679
560002 163869 80829 170717 860103 345105 576061 67844 729454 747713 347022 941286 288131 59492 799008 242738 670078 118351 471091 281572
678896 959659 383769 851982 893084 105610 148865 958834 338104 392089 822360 509881 547406 901918 237792 514850 960661 312801 106326 857722
231002 394810 161225 630120 794626 10816 56102 218105 93829 964763 618508 689002 526800 986315 676826 86952 333186 99721 862446 556766
727830 850737 577530 241816 841833 632347 790157 709052 454311 763584 346437 424036 363121 356979 826177 159371 294688 555697 93009 702916
687214 347581 110574 739360 215051 161227 527860 516777 640608 571105 781834 740518 604837 491927 285183 698896 506172 48267 827877 873336
800635 113565 210213 934433 82370 459846 544093 946115 681795 701179 943750 550417 195299 159102 968573 148496 505136 983808 488703 801275
518021 548224 835198 468757 51036 976714 254338 543793 106918 683570 77009 881466 899897 393557 325588 715975 69712 580913 1021 879039
783675 704233 752013 954280 491229 787002 851611 77483 3002 140083 858432 283497 275689 662730 29138 459663 325773 575493 59767 776833
327205 261078 931213 299399 302038 397381 285975 432212 543038 19677 603961 940647 763333 521904 364593 801869 872131 225926 903605 943939
442314 860833 96575 225535 751777 229201 87338 738837 774833 212108 476916 370014 822948 423179 271708 668006 717367 655371 516668 688355
48512 494715 416049 218123 96050 839136 56780 600489 584640 907958 180769 305727 247 633237 6537 470224 470339 321465 910614 11903
313478 437165 113378 396871 648086 800504 29814 798600 84787 218227 454295 318473 319550 809222 391573 585855 49530 591929 506168 626504
738853 405115 639190 393441 884341 624008 558418 346598 955767 663792 75127 429629 62972 904204 820591 656747 498975 530105 918721 787519
611547 741230 532252 511982 78033 675850 97274 412187 590594 999154 853084 750485 481838 192434 9553 217352 744316 219245 216476 866823
461959 311249 362926 635452 600748 167970 135016 923409 669736 984664 980249 858419 931054 865100 130052 301920 615557 458460 187032 525626
900980 855062 945982 54209 952151 410358 440771 208213 561660 942777 342269 496456 375921 275924 257801 228737 398004 925345 711103 654981
482942 383295 746924 301999 743054 299512 576717 970239 995410 560164 795456 865834 831788 719803 74090 307721 987039 268138 812276 463379
128453 77029 77798 312211 662957 895899 962642 644310 467405 121003 423033 594263 316393 149366 955591 594359 151044 832665 481846 478482
238393 388468 335470 829401 111023 66450 561263 116183 838688 766752 534067 728074 755101 903840 909728 558947 556681 136615 523951 318812
151320 31580 670385 897740 353384 278152 210418 62654 698282 671449 890767 255018 450040 454181 23893 854067 331582 666794 679153 486171
928113 794129 187955 361171 304306 598398 717588 868922 829712 459520 313149 455085 95868 227877 29335 70389 962209 861166 291581 308388
538887 603539 533872 557745 701781 660016 549330 423643 408022 559433 749955 565076 609330 114935 317125 44721 809449 781571 706632 382883
338462 18158 181894 136782 852241 978640 128053 398411 651527 478873 490036 134159 92149 644010 684756 85191 946062 145056 344477 444175
918632 689863 569177 506315 131926 134335 206078 957131 502801 952108 145537 852516 866709 249391 298516 343512 637708 984185 874768 429918
514537 495982 353034 339257 451914 720355 740144 764179 605864 182016 998609 500476 307367 72837 257748 397107 807557 369068 466754 848932
562462 178261 616641 319132 314511 181935 511385 645043 748519 914751 765926 502660 987165 738659 645096 199451 436075 312027 894522 681356
503047 376903 39662 896707 396052 313980 776772 726267 663670 575408 348108 171476 83658 710158 642741 440415 825299 272661 145001 433408
891487 780564 319124 818638 526050 354666 269901 292446 680544 126992 627894 702501 619516 927053 461747 857334 599954 206024 787206 350861
969166 213303 908276 962657 893409 993675 603337 412022 818714 239847 136228 849344 882374 498053 969742 108421 392777 696479 806949 218621
361927 440784 407170 685136 163766 615863 807446 775656 356565 966876 610908 188595 46627 426171 161444 406645 876466 896842 210947 240681
338388 590105 505053 67177 270316 661019 527010 572562 751276 347520 635364 292966 881800 819145 358824 45720 199977 354656 327393 301229
430735 762613 313328 421208 978031 806765 102469 759723 5159 846464 243591 889355 221594 938534 743419 433503 241949 681593 531838 313667
273251 247459 940342 501971 180157 621110 251211 108195 382690 691773 454895 50528 918340 190023 498582 618021 50584 968841 334164 684478
784560 577838 901956 539220 992877 741360 34770 116131 722032 628279 369007 498171 730869 361995 321504 729499 77445 70262 648134 172843
555965 349734 47355 311523 685032 36978 908083 821158 88525 786867 551986 322757 73218 345882 445663 544793 70655 662759 683287 958294
535726 785448 522603 636915 550349 450253 115306 114658 997575 567552 232536 569558 884779 961729 636896 501801 523268 912613 345562 473386
269108 731058 34723 567128 108032 150219 599810 201778 504616 583847 13628 334968 494613 106774 177532 355934 324145 560215 696852 202013
693033 566172 226307 300313 48842 72901 740749 485529 839202 609384 963830 755793 111905 509678 28747 783345 414398 854404 990967 19920
107855 111095 352345 580121 539854 927831 348878 760055 284947 47026 22819 877048 908244 26273 994811 7170 360344 748504 405700 997443
753226 983953 970383 171743 836549 964679 348988 680167 689110 825492 856432 781125 656228 346777 803016 84139 104107 94348 322811 970570
689451 73803 386657 675028 435368 109078 848566 339084 723920 79993 675509 512177 809875 564725 810740 274657 640968 37138 747541 74635
7841 877349 93897 696473 258730 248687 384548 370489 889335 890959 471943 413528 815330 102118 814417 904837 461206 289192 84118 911626
186585 309073 828015 465482 513327 215893 222874 995224 246223 188802 434283 297129 226548 164079 551923 147288 383796 959498 222315 226042
305362 938145 344225 664413 879256 444292 255890 758302 351585 853423 855463 231523 647519 714919 601606 557989 80641 695344 234923 620255
472084 115075 587840 997963 815705 871532 971595 974930 321155 588457 814013 813771 138561 448651 785576 278288 113129 282770 691403 439243
928190 964030 149112 252502 479456 722818 901225 33682 575699 500255 399510 225436 32730 494705 59618 582317 162279 52650 982025 127778
788384 748359 319886 906565 771020 208609 577710 349040 761548 700918 702948 794706 452809 379993 263578 748060 637085 198598 537359 116123
444980 340579 581000 92644 168890 885531 209213 214634 627548 128070 115711 968368 669886 491689 361082 517860 50079 76947 779495 142828
928641 330888 14788 604625 969569 741807 157406 675582 898344 500206 968043 999467 386540 53892 367800 843640 934045 170978 304838 529292
473852 542695 632335 448333 842623 654269 895893 467914 534064 9003 786138 397833 81795 208849 682094 387418 879742 649164 376620 685629
149058 712892 192582 360470 78113 81566 876619 928762 164347 98190 216162 363355 501821 320224 749699 740046 622628 891946 307549 799491
234994 110718 607842 900322 402902 140988 784476 798287 460636 106719 308479 529842 665049 947447 8832 77267 805999 109617 993055 38211
689978 624533 241372 143531 145565 546590 831327 827006 692758 754531 685587 457996 105552 55631 5348 887695 434591 333681 126496 881728
727231 181534 147055 682370 670901 755037 906936 850632 509357 335156 527015 684809 77351 346094 192249 36888 818791 517529 463361 119180
563406 390183 423484 534996 929007 234791 129718 108227 84450 362233 700692 329983 591968 770297 397708 840225 425814 317584 552256 880533
429107 759040 154746 948859 67815 61576 611 56194 825455 927816 168596 73737 352918 575351 1863 608469 756677 938977 272801 272877
494745 428496 326293 491975 101652 345350 340003 615350 12212 957958 942391 428344 345538 72058 191265 933477 511076 470453 904888 934138
275968 169573 552910 786080 239413 640309 397293 406903 353464 33486 752161 998235 28859 759590 141228 606464 535263 869353 535989 114298
650827 997833 628629 299537 651068 254831 473886 152765 518127 793353 154545 401058 891593 636599 288004 609719 930291 459607 899113 942243
573418 279755 2962 448117 221230 363349 685797 803084 32048 349747 291959 126167 741993 557272 615779 687859 517974 307053 690481 477008
685487 869292 845169 700086 893774 414166 331697 845609 47770 480007 740938 5769 788126 62751 436500 673331 238637 757225 614793 439241
216674 541191 692976 920705 233555 574247 799688 800348 464386 542945 195415 379708 536383 953419 647376 510230 756845 131108 901820 122682
118271 643349 262965 664274 507192 248520 431700 42300 959544 532289 598740 976604 831276 594095 636835 220884 378772 311373 126033 513600
963543 917723 842690 123168 436280 558133 646971 104429 207650 955320 883449 155562 98227 580307 172842 269640 203104 854769 490318 289061
814201 592922 907937 951491 348117 244599 183554 536932 551744 19405 10527 368252 172328 346929 751410 175923 986476 154768 419337 751854
224419 206381 687140 738921 609863 666924 269395 720308 656802 303556 526094 644928 348205 392508 655424 70840 399120 446110 361980 857614
363654 995643 229553 869628 758511 593402 437965 594016 222291 154283 73700 923933 238312 780631 133208 293368 742278 198020 106175 3871
177656 103083 706976 110710 511326 411832 674357 502427 516453 139825 693541 261925 12126 701366 781102 130638 31335 87057 731559 714984
520192 800875 138249 429107 35761 823338 929708 33746 588183 57447 122660 173996 606658 461779 618000 220399 263857 881153 143030 987428
122826 558783 311623 845619 325563 418512 857366 782274 819677 952716 502991 575155 864737 901042 118028 963395 242792 289774 117016 596598
71892 145063 713877 892817 27373 473934 732276 994023 974939 345251 299708 552667 563181 79245 428148 287334 440561 21043 63189 418139
576908 144071 944175 998547 591047 92180 317881 676971 863992 779829 484201 155014 84344 673744 739939 847622 414700 725412 143522 18205
831414 30584 884597 957485 902605 392330 442841 727398 386025 850778 935734 121858 637758 354195 889213 193200 973840 95220 655563 868878
550638 697887 558236 341301 240684 301770 120310 77663 152602 364922 144552 548088 959085 169603 357082 413607 662147 882318 483731 268398
417699 655850 375016 266824 500112 682638 172758 429237 284758 750444 549343 602755 687317 364427 446628 495023 282470 563981 537943 875175
328872 867497 632544 426113 34946 472336 653616 393057 916707 123146 606134 727100 416986 97974 56277 495654 572502 263498 135286 170068
480997 867043 118832 636683 785211 937893 603215 127604 510687 885022 818125 509324 468457 364629 845174 238440 973143 600032 605670 84668
608803 104334 728095 253768 698076 518439 696096 552329 311792 257152 460954 325545 542278 754342 904933 529413 426510 70161 383388 906058
827293 596964 179998 587597 952388 320606 477547 983625 837982 616386 140633 328855 920423 692468 780961 49630 593401 190152 664067 693415
487789 472657 830893 709374 61783 555972 720838 17363 341103 310973 586088 563577 185621 70451 586813 867795 824719 193017 467631 500427
197412 429763 378348 984271 938296 35080 593757 84051 957203 501805 103089 157462 439553 113963 888650 253070 328695 528909 469501 442110
265132 382724 891748 183263 800355 492121 289371 650276 300487 835268 306794 734358 602746 486060 544570 177140 543062 779756 876589 28463
286451 2094 893686 276116 292215 560599 212250 90778 98562 891429 459421 462486 498597 875728 613548 805969 778447 772097 625112 733710
75795 5461 99252 849801 719789 652665 319254 104008 635943 816127 478595 248953 500419 892232 694090 767432 796888 216878 566781 3139
244555 325028 35001 896568 633769 54935 498013 308709 578249 981804 949266 212891 464531 395550 708171 660086 575367 616487 42704 31222
875647 981344 112388 387449 518527 872024 714662 223331 106751 880311 266209 899330 735362 886719 434902 735315 689571 633202 703778 245977
175982 117503 676290 147294 255560 463607 341603 881753 525883 966492 574435 487920 739225 302234 308939 50294 176045 590182 273057 939510
333523 587837 444397 600120 667257 125353 107316 586732 356584 124606 437941 235219 689043 93402 113402 260463 981656 876713 340887 373708
179667 170328 21655 235786 682355 882493 799980 419727 355272 336691 732517 344356 561122 86175 554742 844416 115402 420500 405016 249583
633841 74014 447040 591168 65126 417859 608748 120292 676771 310314 862422 882140 455502 57309 813310 121537 251477 906839 885269 277943
618490 710725 33333 735469 771529 200223 848607 92565 570025 48133 353489 676022 372074 162694 480953 997502 274672 347039 463991 445780
166865 593579 298753 815883 71173 159571 311241 470181 485936 157517 662181 198536 577431 639597 188105 69441 901286 209467 169605 129099
325942 709513 98930 320779 870718 4626 269707 697386 725394 810932 652801 241102 293819 63657 221151 528456 156487 319994 186558 967451
404426 142289 229218 903 921792 755903 108918 921153 346145 263297 301897 641846 917421 319113 775250 571041 727987 728996 700106 369906
608965 325777 547672 646281 236760 67505 814367 724227 549190 279522 893717 682577 558272 98139 776858 408664 627610 161858 545254 100779
228944 817052 647907 569476 696252 769777 256013 929374 332851 223168 383445 271545 428813 973376 269885 185236 672975 323404 536803 468897
962182 89347 174922 39718 68269 681892 419289 967681 867224 87163 955658 790567 700526 550307 323135 309351 257044 51621 604390 953426
941824 233485 506756 671837 88511 195373 261233 558777 149704 822155 286793 322523 806102 638407 810042 380862 392429 846154 422480 85525
10284 29757 820594 419894 700626 184936 114050 189288 398911 529278 3424 310923 181105 988704 777338 203798 658793 421571 77832 742306
270662 981922 635633 244201 288538 215601 927858 889729 373598 149249 661074 596537 373447 840600 994979 697467 198348 430726 324688 698108
656231 353620 301359 379232 921948 706787 8355 200647 401601 678671 269473 725832 73424 55300 340527 930485 999329 614365 296439 483012
770673 206909 374809 714590 987387 679302 443705 554345 162162 831844 631354 107122 909218 984551 285327 926998 82503 185704 434234 399155
134146 339737 818266 240038 502127 557619 329259 46824 332677 669876 720760 575428 968638 957350 289276 384745 417316 52209 221294 657987
761141 884422 149864 546554 922189 599289 422664 243100 179314 120279 217980 108639 10087 587500 672124 738639 15566 43403 440761 826359
320828 359678 589429 232435 214632 213258 978331 906159 444614 929760 851224 479954 223353 694770 347861 689334 236345 862711 195476 476892
797506 795308 366438 515370 580174 702049 310196 382207 736626 503771 809096 128675 373951 783167 95063 964890 5699 937726 929031 97622
707449 660807 298183 687243 999504 997408 840852 878971 235264 123928 486986 487578 315184 140542 958569 691184 453285 658462 268686 310575
83600 71162 492965 349494 984535 580538 816668 666635 903583 43323 510720 298509 296661 88195 330271 392098 133313 988840 926343 586753
386222 967235 59666 591786 249072 778030 955559 143500 707261 358930 189521 90060 613063 237160 184777 996767 429684 233409 858964 501878
455935 305044 298868 384526 301133 637522 510109 340334 456562 292126 801796 851943 259630 180806 301320 643192 149642 441002 746768 477888
261302 493796 49426 210274 382718 135580 303336 329272 948205 530363 44385 477422 387012 430457 553833 384821 485512 242716 53568 102311
646869 738202 395476 857359 138461 607621 116104 589366 474077 385254 800927 453127 234033 586007 846062 477055 228603 478484 604914 879654
470836 289978 975890 698234 103817 531575 309920 115480 846570 302997 526508 265999 539591 702034 676316 250466 137888 488375 650981 162515
767885 88470 450755 313466 910077 18038 664903 542499 184824 861572 175546 20804 471594 356185 500470 511660 76325 783796 716449 630814
838376 960958 558782 826230 325210 105061 549233 735883 557735 770322 476902 611844 641461 358818 174694 648126 216699 836024 496826 320428
351919 36330 383171 632858 854458 55749 650838 466147 294524 379749 744895 633478 308856 66023 649941 938669 108003 141240 948797 752457
458676 505394 890314 527850 794852 471068 377604 936434 205 409588 90781 167015 424175 813506 534878 974994 727237 526174 571808 31684
74317 555219 113022 279047 772132 309800 338408 980394 650737 51459 302154 28221 124366 471432 361146 669023 457104 19695 269373 871603
505012 71128 112503 354839 683485 7403 343442 756483 791538 367624 263006 932473 384152 568660 107925 866157 146150 768073 420553 427137
716268 720653 481940 775083 580446 514765 252761 706737 936561 193464 781038 335724 242697 45196 961349 524340 559162 961910 583222 668779
977772 441807 20317 51456 520791 878701 828450 846288 496324 980279 260799 967775 444879 247197 500498 173441 308930 303238 225876 406959
976418 345791 238109 138775 889501 331857 753623 711569 986459 445284 403994 669455 116341 492788 3620 100449 900768 166757 748597 458896
216267 479688 106045 295626 941313 190212 226668 341596 542256 659231 833273 728300 512157 386622 821077 564148 996000 190281 278276 827566
798858 220550 254743 421175 197711 177289 411718 882705 462188 459874 453424 671390 272776 850665 668993 706897 252782 163297 332373 947344
366103 473788 596344 222950 50406 454903 783764 211071 460762 510487 97265 87915 437418 584164 200737 871255 103199 621261 488577 556818
230091 365849 815337 642738 812432 778982 856763 878999 170584 375424 468535 868630 903986 729788 141743 772360 804947 283534 245047 816227
322532 635891 499427 654618 491441 495232 637954 797726 334939 939839 689768 28262 661965 728013 623980 487079 95635 351599 979370 614384
902902 944883 810416 782109 239736 315527 230772 923232 183036 352453 936673 43587 642309 556847 662865 432050 675030 906296 863609 700260
380511 717683 214769 914502 270487 641907 280441 709381 65216 521597 288130 897962 883278 530811 161110 83668 492576 335013 88771 54484
932163 184498 820176 777308 562185 184853 410879 99165 991796 551433 255969 912697 478638 464151 781554 217409 239308 3567 229197 936930
729554 945999 460746 452757 649937 499910 765685 593888 59321 800435 304957 101676 943578 617781 810129 261130 447708 836473 467115 169076
881666 976507 126624 202843 530701 588235 558497 820838 733625 544462 998456 915874 980700 56276 997210 603694 662347 157360 102868 520643
975270 336875 267995 14551 692823 479323 442373 905313 676259 487990 922809 159752 645118 684281 183819 593853 849318 445212 292163 99821
151961 281598 667362 128639 350094 281369 222849 455929 76394 519341 183162 538693 330688 429355 198162 530852 263756 77425 172399 299118
519838 822424 361838 818235 41466 980455 454895 483303 641106 295675 569062 981178 505699 754949 736727 552599 393887 486939 20955 190602
653736 946238 725219 386950 853647 426474 596811 900003 512107 937971 982477 84871 291312 106832 415330 644629 717676 601139 117402 260887
295655 960692 608988 944826 481627 963866 623261 377037 883858 375250 126191 143691 576581 31729 184148 465899 632247 135336 858461 892349
613771 939613 744198 63289 534666 374430 750430 111206 567278 957821 973715 912258 452656 390953 719320 731986 358451 701060 430267 915120
237455 150962 357597 631655 502222 934112 22726 777530 418333 239857 490840 658320 796155 492236 9876 757118 548617 79789 863412 690622
171717 930673 451169 886409 601200 898217 905994 583555 303710 697405 655799 619165 922973 286064 664001 221749 1129 299784 830312 270763
180298 253572 488741 331389 865437 448793 397029 80424 707775 272869 245639 316018 149623 130097 262908 237398 959669 99538 484078 780071
401997 356329 831909 462864 535037 705455 769197 328854 110887 725748 603428 600573 171682 574250 522780 471065 856463 229806 875065 834651
738514 122923 630632 237503 106397 96781 463876 59205 466520 603275 182430 413144 547841 132536 428021 473741 939300 299696 710967 758709
99855 154272 925361 832038 440753 531228 428103 193391 717761 706574 586162 601366 796691 519631 922272 118787 716385 259078 364926 614119
174621 941310 644033 649793 413294 577601 765435 639534 199618 771566 791600 192442 512356 303760 969345 421313 478370 745107 453829 219144
158305 640023 920781 925519 96021 789682 674976 561619 699497 973990 862466 738259 45928 573575 972617 127500 326748 403604 602108 326288
549169 120771 976181 330579 455024 237986 769086 913307 654240 343416 252025 882171 936480 129027 679676 819940 83998 680358 200238 576680
25541 342188 458883 679941 417023 80628 378816 828392 201750 160641 260639 636517 660321 983649 997160 566490 951637 513088 384630 109083
680697 936649 636305 747946 871047 582406 615274 66099 755347 437323 474451 379360 561312 992604 539112 172491 466334 895112 81603 661760
798044 846469 512884 7796 795026 330728 878951 417262 836373 175777 820190 562461 837581 178936 93325 136405 962366 631812 593943 575767
607302 754999 123593 942175 588239 888050 681201 633973 66593 948600 86639 931410 130902 915176 529908 5263 778054 136800 780635 887632
563211 375266 507779 817252 933482 29237 995483 99491 946602 973570 494406 767509 235011 777365 962969 676042 68173 875166 713047 354969
77920 161775 84909 675088 470918 54285 809257 216378 613622 386528 46496 221718 84757 877481 707300 751220 355083 484447 895193 183232
487834 544751 469884 277741 759663 806896 297429 43160 554902 681679 906095 436669 457016 214094 120581 959299 360039 593558 46091 621978
639534 489046 937308 386410 970857 267993 166704 465077 827512 682191 721421 307857 81129 657465 740517 343940 711591 949729 972191 766719
261777 306970 514949 637471 121315 309454 946186 833681 830718 586343 598126 411233 737348 615541 339910 44911 420820 128875 666708 451073
377245 803464 151692 785447 383502 824964 24643 798047 27659 820771 882121 853750 931289 150186 613375 749774 633964 246948 225417 816525
521963 861406 803708 524836 272104 572602 755024 640721 415120 155338 896074 53856 855678 371735 596873 47643 250542 133855 720470 217902
163768 144787 342867 301404 932296 891634 783297 791280 372711 149974 346258 337445 328193 95922 885826 432393 366054 246499 149532 361419
678226 298796 568854 475756 250558 546096 540364 920131 597321 444766 406344 531401 778689 350641 187646 631978 241439 437016 738561 554442
800512 227094 152406 233563 59477 761141 272162 830913 13609 529910 297167 134359 49331 393168 474048 857703 413105 897257 143122 39309
383692 582366 462798 225998 646362 977801 495990 718464 374595 860143 602471 138625 342365 204051 614995 66549 500525 353343 28770 188405
721345 694593 296106 352588 5942 853280 955171 228876 86470 652862 564927 400695 219681 941535 879623 833922 987570 69373 770463 990181
661049 360798 383514 144361 325476 608552 474451 195702 132548 666414 138927 602132 387260 506821 644514 391223 135487 964604 147762 409141
798799 956334 491857 952760 868874 346718 151835 355306 220408 527258 884072 262711 733256 904813 798039 190804 704798 113433 618837 916487
817065 86997 878254 755525 627439 674776 929948 556668 129188 244147 226516 347954 261192 6369 468829 836723 515778 909661 646310 629677
11049 568786 647441 103983 15512 719576 521542 117100 351041 990205 531054 174185 667252 804405 928434 180564 634718 795290 284094 178123
414680 905978 79676 796257 745078 261053 630085 634156 187174 22586 177017 485553 814547 862521 138273 777768 501980 347157 83720 281194
489305 307577 389514 328563 264828 163415 551541 498510 738691 636625 451619 984810 652761 880831 935712 811184 33474 498737 948021 316975
135133 975410 37525 509053 901068 885022 841973 880432 387983 931104 300846 832393 311315 195081 718085 464775 416998 726320 331957 941949
483485 967328 231163 464320 973094 10173 960565 382792 457882 441900 736106 643842 258971 24558 398152 643026 511046 826691 790383 560314
909949 911802 687734 616771 354460 819701 439807 541337 980152 425693 193453 348313 348091 54381 315143 198836 89554 45083 545105 897326
122342 284766 414971 775826 655983 391376 661050 279377 403975 92603 288563 415372 278107 384805 153142 10907 424557 90888 542878 861100
766916 968834 165093 701738 879136 386469 692752 872040 544189 195713 823655 916462 553424 334381 765050 266723 17857 705741 576064 561651
235691 391085 537914 680229 690586 646166 266721 825772 188386 274238 895376 994462 591882 526986 177927 406116 100633 149945 937223 658509
777836 390174 824062 736803 29355 975887 506230 252647 204720 229931 829672 685679 300490 587291 361595 735671 486724 666602 992562 439490
649312 237446 412130 514000 716839 28990 672378 16928 401026 715312 227713 874232 354608 773289 876417 747332 368656 907999 775459 909824
364074 219473 201860 488781 157620 135654 991030 445674 466650 371021 815672 174247 785450 122670 258483 81338 733223 298096 926947 461447
66966 423508 558070 556898 108096 570580 813663 71317 183200 470642 461568 42317 577324 754928 739806 109185 645007 123230 239290 393448
885424 400112 631008 854998 628766 497185 173362 264037 804783 186011 847145 24585 116487 285382 47219 886145 41348 368785 750521 358315
86549 634142 772139 192888 61502 513659 402623 805328 168538 193021 500286 191151 178660 644141 275325 785379 792258 854371 170799 736614
198227 705630 165805 168264 616666 118216 891981 192534 202394 997812 913400 886300 931093 991549 446488 727645 4577 477706 32254 730044
959819 649192 398917 174198 79536 836181 543308 865632 178572 589547 71221 813630 163379 751330 623861 622331 301097 759433 974837 478000
881397 812501 94336 216485 340671 984109 513277 638283 588259 670515 383861 653121 18275 776792 882877 712597 852415 369294 961317 775265
571523 509832 475579 680339 426986 345022 425964 877986 34004 339915 786668 305341 863708 97663 231590 115209 763999 216343 88055 262094
33641 441023 215314 698635 370246 697119 900453 309307 755525 586929 237001 183191 460154 350624 41251 705441 705054 682017 376950 325133
165604 551571 503575 845911 982588 393726 367993 694421 277610 514638 268624 319983 79033 840190 671401 867831 549045 427090 616613 52344
237587 527458 497695 572632 958549 735811 172868 583554 446645 842990 487242 11602 647338 310295 438343 484003 67919 849109 572368 895283
208411 572088 683801 656932 841143 266194 591730 697643 13796 175694 394027 804693 941973 950545 396466 149434 449233 972562 760006 319651
632485 639030 350466 966852 205278 447307 952004 387747 339816 97006 314653 466925 113418 289297 39359 188550 272282 647034 512500 110992
281174 584114 24086 301955 893262 14701 49037 294904 379386 454801 170706 348704 589861 597542 596286 646219 53276 913863 279687 687694
926429 868052 167125 855103 257735 650006 831067 222526 709783 478039 883907 18177 853328 338469 709698 351408 642323 937613 49335 398563
417759 276143 753543 751984 446816 147613 2339 689454 600902 678548 672674 389647 717610 11237 74604 676542 989866 140032 394777 618728
517738 709741 939056 612139 927774 573447 263008 209849 871631 906550 618726 167927 492024 98989 491278 911742 357504 907972 923879 811718
125631 314638 970499 527721 324338 900159 724792 22891 258471 880931 491407 603803 976548 878526 645873 684925 215740 305069 571745 522591
314813 177092 140287 351328 120114 113104 116194 586144 573942 503786 828875 450708 271794 984110 647414 502820 221487 240143 955664 624719
934988 441457 772374 177762 638830 913518 617798 467569 821664 276104 671406 792984 260402 271179 619351 257575 577703 630027 106247 721634
876719 144088 627495 987638 762583 879876 805665 934265 617633 381500 312960 361855 715607 285268 580673 463625 186301 937672 598076 185792
197336 751403 9757 685917 204186 229170 210211 461620 41449 389043 521744 38923 849858 870135 767787 833632 227968 631892 14233 763875
94189 7047 892486 474115 876367 802610 277246 647618 105866 150023 949704 270649 430066 803717 655865 306908 306692 895636 537139 251152
779714 368444 425858 558663 372650 144003 847848 103410 327182 165333 480379 544988 539603 694346 548999 686451 54828 593624 764896 431906
123028 704262 484426 782195 82214 503888 147450 578118 919424 657735 390596 487707 248349 997206 367119 80866 991925 154108 517681 950990
851933 621074 340134 444992 290825 985114 685264 601168 498273 583332 391118 461615 401698 521604 460898 639052 710381 840440 378706 562358
603524 325894 789544 599598 891139 679002 501833 564578 178922 933955 211933 124561 65451 6557 927958 170556 176656 955099 321700 497618
50321 729541 454449 888458 93768 641 645884 346965 603636 813066 950282 996337 697778 8619 380064 411702 485349 105555 285731 309206
200929 770406 784297 859313 816563 453676 207542 995079 795113 50055 610498 210536 856429 550373 978587 134524 194744 839440 480495 87330
975630 887922 437733 42096 365688 229669 990860 636866 72519 386992 115280 348865 687035 946945 932336 706735 892719 413565 406782 552189
549567 952468 279663 832353 63200 895701 613455 431938 965829 839755 885565 505586 837234 836363 907854 18800 767563 238631 501387 829505
57131 306598 144117 944315 476690 223319 550153 197102 616473 72556 229397 372299 783433 72795 423292 517601 210592 502466 297714 641425
992745 54520 9690 944407 256132 757944 707425 980150 968323 167447 892112 884296 401241 100828 315292 928376 903181 71955 659307 320312
180426 120371 181537 647596 486956 864001 281983 530315 923654 509452 610770 67417 59446 71271 344386 667280 134891 192447 547601 373180
821057 858176 203923 690234 947555 809454 139334 264451 935565 56033 207524 180641 519002 186470 355943 752149 580692 601522 303608 168133
944610 224365 985817 860075 402503 76746 635068 819218 239674 212665 566690 154131 30431 293809 430363 726702 19101 604411 906299 497097
250751 618497 580410 380726 436853 228798 454606 921426 363772 563127 566551 454812 768735 556898 229867 268969 702310 642553 624889 2188
391876 337868 896433 69857 325140 146976 957682 978074 538976 783892 172076 510838 897299 851206 516219 949825 252995 690852 969144 746211
758451 884006 471049 271439 71619 105422 960659 242585 64080 965444 394912 344243 553775 705381 919861 53687 840752 303413 677077 347721
45017 965015 423401 993557 274231 196911 612860 946602 334205 913980 547783 927694 330133 961922 347921 87686 219252 983052 13186 435488
356273 644295 123662 383771 830118 347618 477303 561824 383204 722781 119287 963058 739528 270556 316210 442934 668928 503797 238933 786027
42819 614644 488879 887930 227326 403160 726982 620265 356224 454062 381183 969038 296650 9633 26119 475095 281648 908298 455938 926379
924971 729393 524518 1757 904823 425040 731847 444062 578918 569327 764796 80262 793727 24259 101857 649681 21418 815531 754660 793581
737495 933640 364661 962350 162999 222135 324335 934476 306397 715150 891997 214117 730903 251652 632552 818532 55213 487091 216542 973203
10261 70738 319002 685922 964063 674129 720766 618714 1999 37830 888686 963575 476957 977599 37507 231090 367997 453853 187915 853474
915903 898817 594853 312774 786443 66420 629997 254972 441673 648373 490440 767717 826164 961973 10712 498981 833903 112685 704844 540480
233276 748480 229110 47109 872622 588212 654905 251972 87988 111450 790817 491517 453771 207327 743065 589031 863406 7143 532136 678494
668480 131151 242034 773277 422028 334815 126806 866206 160571 54743 651246 794549 48885 681083 398041 717629 579417 304245 552826 802867
667961 405669 53978 383157 891346 836862 541375 923102 976356 583619 40133 320361 924254 379214 113083 142835 470780 678090 660282 566494
137383 306291 535526 919938 559617 324460 934373 239958 121092 784069 769543 901499 441484 504755 836659 575111 590411 269406 30877 10576
177886 126312 449751 432565 919240 131000 26611 105512 315784 20946 673982 978787 570333 821135 449827 359252 420279 255503 297637 825726
220314 445443 716221 335404 613158 188324 210113 193829 236140 52766 920590 140492 611963 548388 400867 215804 434082 4513 577941 300979
65092 966606 179492 134669 540763 964039 835499 791519 309151 326895 519977 566487 967976 887125 582966 572754 111266 273490 552049 351320
810330 208159 905864 895008 282250 461647 375527 824551 313556 518981 404615 251381 879771 104813 380430 931660 825489 330229 289933 789883
894875 899755 946894 527518 113889 416031 150485 122279 90471 922649 37305 702517 322763 221462 758317 59085 648712 955800 107981 108964
800705 597617 576595 316384 158986 36719 478832 942955 736694 816064 28557 658999 655383 627005 941196 797094 344395 348198 650859 343187
792021 663097 209226 190164 542763 484151 677751 496578 304542 515289 307075 549254 515141 207902 400963 685302 301052 911830 157809 864147
190151 486212 430707 464448 172608 51862 863379 891327 971403 297700 79853 184634 568718 190677 983793 823134 502556 301663 738644 73067
377139 374744 230003 904140 937848 949690 224581 771807 307478 568083 428400 88710 13337 425831 804867 511628 356092 392816 275991 622550
546721 721682 757616 772774 928650 854445 557785 799052 273131 281512 187209 158496 253069 587942 286932 120714 53041 902189 391013 697275
395414 124804 674131 392252 752596 353229 640578 41816 191912 349778 674703 811873 992036 495776 688326 171923 360331 246919 922507 632949
560429 819646 370170 531740 723414 346532 563491 749879 863448 456708 901500 545077 376441 911718 150607 981962 393679 829607 781357 333574
211180 334699 806558 94934 358320 801981 780765 678447 1821 554525 548251 446825 336203 126808 225707 839800 601750 529025 372470 107888
58554 7411 561371 16933 727487 872688 776395 398250 96246 172194 21639 337705 830927 413429 712186 82972 3061 952842 312736 401674
811159 811185 773696 393513 60815 73717 38283 378581 240885 925659 334880 912939 803704 48415 441876 110410 47205 635595 550597 706866
906502 301342 523823 965306 773563 205733 928028 656552 564596 156573 482472 77377 873989 88177 963954 768616 622866 321299 471835 613421
823943 138680 150886 221900 243013 852325 4671 454095 565402 599156 531043 819359 803824 435861 443275 371071 872189 83783 624555 312119
375674 88409 374463 446975 518232 373202 550878 175561 109947 970010 541335 451661 261210 884986 353153 469812 266037 843804 253840 261263
496500 584165 71586 445247 391235 127719 575739 907056 430203 939438 355164 956447 71122 992808 105296 955034 376957 885887 443217 946751
746178 96192 645079 668155 909238 482756 932460 391075 776800 624146 488682 487948 463800 669030 59600 570090 296771 762479 398809 402168
414032 264232 759976 397631 625366 19939 198154 31252 596880 998818 83394 940134 911914 279139 197009 428353 772338 784117 36684 73645
748997 242745 663250 496190 266621 325768 772452 959792 64149 53828 332598 878751 937215 252201 498315 952117 675652 714647 196560 856438
920067 424453 972532 909345 8901 460175 192262 396821 816875 719812 86758 584006 770374 374543 941019 281144 812763 518276 600810 405473
829541 845088 71647 751884 393330 454494 723744 910823 682371 469921 716333 857407 971572 53301 760542 203401 615520 210354 994316 876081
727766 318044 108441 920404 326608 679422 750049 362676 819099 430638 214235 743757 456224 564595 347167 198705 379496 921754 984472 297706
559843 4427 366907 592156 227289 702681 276010 578423 366814 627214 202546 697279 363106 976817 499582 777152 866435 195250 112012 728976
506537 551599 480932 582574 646734 69914 934465 673120 318613 886662 819589 28126 696954 303253 640629 543704 292539 280358 359924 442189
331536 260721 747218 431222 618823 778339 513569 520669 375575 868189 156543 296979 342079 346070 248517 456368 180048 179606 849677 231193
486108 484107 928232 929895 130708 180563 886371 505624 951371 667177 66157 597868 765600 581646 108037 887399 258041 533716 471397 213951
126960 357918 437007 539692 630841 448252 356448 142362 537353 145502 670408 5419 351963 610812 800604 245657 934052 167930 828105 599120
769224 464712 510920 587119 812887 417077 393964 61018 145284 15593 216826 814185 212010 614331 175611 229223 848730 128035 156397 644281
884548 771364 415530 655170 177536 788096 930816 196034 800910 982246 163564 449022 306566 175043 762369 236921 984204 31087 571531 488629
2282 856978 474018 347204 747774 342677 230556 31264 157318 384005 565442 999999 442260 185738 509563 957424 544312 813712 916222 638432
973730 301982 425964 611607 162040 326069 111371 979164 374218 706605 211353 733631 866984 984467 741105 884783 358982 153648 267280 2546
280386 653971 182900 168586 841840 219411 283745 294027 144883 796821 297566 15629 841671 230200 505421 200621 386120 114369 387676 302818
236572 366427 94906 679407 991945 589510 673467 715135 790806 679882 819163 381299 195458 517737 49651 877733 919923 421925 70467 188528
905401 390838 657761 212926 701715 944477 351312 811683 98514 937209 764770 466505 164077 449207 439041 744466 236771 701336 357473 859169
926777 413976 606042 776161 564791 448958 420514 430901 570408 967834 760289 40147 452557 855707 846913 650987 660469 821084 936984 396284
46963 949676 431135 463420 115103 307456 161688 111136 6457 878839 390036 374534 272233 970929 173087 886054 621617 848418 313171 637450
410975 552584 560839 413733 394432 254823 881603 568081 218638 42040 777709 490670 274757 177064 654987 549905 100182 964335 428934 58949
24299 340507 355813 554148 439949 31661 18090 923933 62025 113430 303157 785410 94954 239622 851533 302459 29332 424789 938395 224845
72567 339918 822616 985342 596266 824880 657102 142848 611900 615536 249720 452642 145186 480142 72508 11254 671904 703752 434217 61209
261281 856291 388346 351170 564355 346708 110192 303779 880836 728878 157960 431273 229894 925321 706703 417507 20250 48971 432200 671148
853719 741372 571661 367858 788465 994114 593590 877369 128517 242597 867817 490734 74771 874300 622157 61957 123690 760794 978024 790945
591201 312181 954421 979354 61873 790997 809256 845466 586641 360108 935246 827848 220233 67896 955256 33347 961510 436102 677034 12055
843446 260440 778736 594039 668713 53054 485580 827397 119417 805934 752589 738976 974066 72411 803062 718084 831389 469887 792067 956511
20663 774628 896030 784096 498406 702718 474833 827282 662947 415152 516975 794254 445476 801633 820533 286043 559291 610480 586616 565620
585069 114393 102986 768988 824227 966580 676292 561089 29604 464775 539055 837126 704826 506308 34354 637463 786027 586764 328830 882285
664331 487437 370714 726524 757278 210099 802500 358587 117073 64558 338387 376561 745768 511267 692872 699838 824080 919131 993457 499081
722615 81739 703639 564784 498276 288098 774748 326025 857833 325585 439446 629938 482838 138576 13105 657607 330819 857771 543861 362349
724700 565481 8024 882640 396560 95312 324517 621289 782909 126696 658664 795308 542782 177091 835542 600016 738992 653727 588724 177806
777170 175755 69746 284791 735103 140495 799508 630517 251355 9409 50112 124598 787682 418402 379114 136424 627045 408894 986029 644487
148795 22502 535977 585679 853109 782633 696580 912946 502512 616568 531497 197005 880575 633215 591823 937443 858136 495949 533714 597201
781441 557011 118397 704514 401025 397595 169031 105011 872869 925741 318764 414448 207669 398879 123819 94230 469127 419239 199601 944132
321615 548582 286136 801471 17643 914283 194880 607741 158693 559094 348412 594289 851222 1907 732562 396114 724356 805770 733607 69622
527876 864335 337053 691941 131932 294879 745928 694282 948793 247722 203608 447217 487581 25371 378570 371513 752253 926965 878351 858811
797538 398689 541721 148675 724889 695434 225122 248293 46067 598515 952279 352159 58381 287848 400140 881704 539797 572028 276530 928455
526059 112851 523202 943046 790794 419372 22615 491969 596892 949057 213267 987195 855114 562695 567508 940486 738393 9460 977650 751768
111158 43832 13430 753076 906202 95373 244859 730028 500332 881605 469742 897449 311481 766717 65993 511068 115299 715708 600635 107197
922537 617062 432752 280422 537219 766625 724904 374219 675222 52746 616170 686413 825798 15293 833124 599365 693652 452414 136931 902319
341944 6792 112768 859692 87475 411600 526409 816 470534 339778 158998 467130 443203 967907 917701 50022 269050 658314 332316 374308
90539 831354 984480 69364 970778 187436 488386 168012 428706 520793 525816 569670 902792 50169 689165 321967 161169 966866 183760 518527
752867 754058 124222 686569 570193 255618 462627 974660 267520 792402 914059 487059 656437 703693 727292 954389 90707 957232 569063 858451
541 512341 393010 445162 662890 339118 460977 134268 517186 848643 566852 858476 571852 459138 67744 961314 913971 421278 518978 560727
159688 746352 247660 711443 921901 988695 392340 605926 985908 615482 490674 21728 921414 245766 703765 251032 1047 56534 569972 408203
620989 795539 264573 581730 204109 983432 411700 245385 763968 63263 53224 931632 749622 29936 115804 425072 843245 477922 925271 201606
487095 881782 306500 712963 424916 443875 391890 113850 823162 62256 849498 432633 962111 830701 334639 18981 196843 385841 282429 516290
645896 757226 330039 511309 938286 805982 200167 935371 372473 938501 941126 395515 191825 696481 10926 809387 968997 224161 986913 404602
627317 872583 978854 138462 203682 567815 130207 18805 55418 372164 642623 639223 407157 740916 478875 453357 839075 787533 270265 708750
694026 491585 329550 145181 583493 278102 600750 435616 268521 32235 129645 838215 78093 874208 347490 456823 252732 220941 172940 17234
185088 538754 219395 747539 83648 314239 257935 738135 482236 710166 875923 482179 158140 977148 229280 590934 462275 689944 977492 880090
689966 70641 191667 629530 490975 971610 676073 335123 811842 584743 276748 289750 337046 626275 970083 97876 670626 163715 581035 712204
768423 705885 469866 679976 779935 223257 18567 175631 206729 798782 492856 249747 80298 535428 403077 704488 548586 559069 955878 48687
116460 352277 488221 879275 29242 636373 828367 946470 680939 674829 766585 727685 217920 592764 769756 860055 162645 771103 388723 115168
337018 773767 391011 426654 703344 50722 456958 446908 338540 975421 158527 664675 461445 363925 912619 663040 232912 775572 604974 758269
225790 258372 912588 944050 825223 327373 421204 99721 386740 154661 602631 565153 91035 137538 531615 283450 795599 492287 482502 997740
913795 21433 969252 85960 843352 295187 352298 33277 288292 231389 551671 390718 892245 998402 613173 335429 492548 857084 779816 896226
81712 892298 831136 394356 176845 156516 309730 627343 200253 521507 337003 16842 740006 839679 33340 942044 143278 641804 889822 142854
565626 902729 944500 736310 439753 744645 93208 350881 114444 3384 459909 649411 203366 538457 958480 194696 215113 326765 366414 503799
818709 155922 736425 355736 497844 311422 383035 557543 82941 23388 606914 451473 748145 283427 438359 418967 219206 616075 253350 559029
230139 229965 406307 507661 518856 114331 837191 202214 639008 871307 357387 734363 146505 862197 97261 623523 890697 440013 773940 643488
608675 320844 708700 926250 597044 344658 844513 526669 183292 716064 434042 820540 243946 878592 839757 868300 475069 629671 288370 95136
563192 468877 901024 43301 27312 716641 454801 922230 234024 240718 356002 565106 906564 333976 106039 431807 953868 119201 299193 332491
678420 32736 178650 750821 94173 671734 59451 792124 725364 261197 958129 97237 900490 402926 597054 563272 538878 683785 993824 827566
64956 667758 986547 729749 226721 637283 372316 50443 382702 568032 458016 945721 504003 532311 203829 656515 345326 123062 868271 993060
260753 922087 728072 70465 769352 56325 242287 866677 43586 473536 398122 663815 540641 804113 169122 153202 707335 190998 2614 4325
727766 9579 545444 194829 707739 576331 38464 564500 672176 712865 94351 188107 366255 318621 400033 546890 902934 753848 790099 884468
865560 446697 654505 969329 246031 608351 137538 535271 104330 812927 779762 809384 174311 989377 209243 261860 578764 580303 240454 477953
492197 351340 134844 171996 162436 299802 129698 174525 106086 32360 116912 782340 461876 671402 204883 455558 660980 738831 212289 651171
384272 700997 660672 992936 227261 314212 690652 357129 224671 289176 500163 454650 529088 421048 285678 899446 597305 915990 523295 928772
335137 397949 914111 6457 548920 87368 659645 403787 988518 269524 585445 476877 270492 391838 384897 567814 234188 894422 597021 905608
899522 856147 123723 47784 253726 823151 454832 499895 611224 426290 657870 249367 338523 487485 975683 70197 335418 830609 128414 189250
292448 576282 663398 86818 695636 59119 432097 74020 24050 571749 163551 162935 521440 597214 516867 643653 970905 854237 477368 861597
592600 728514 205501 67672 91453 158872 474921 633477 273228 971390 562237 720914 988468 899527 149772 824268 606763 416846 621274 130054
126454 858457 3980 997767 63591 406973 377512 719053 591386 416300 44126 674111 390597 415365 248363 82317 550548 807141 97177 666191
221346 555943 339079 800993 103967 982876 560866 359555 180408 277404 734249 138742 542886 137221 616413 673252 501808 211887 691480 26789
433349 659070 935290 512115 595946 323008 791685 510847 562881 18529 326712 276580 350866 12946 859211 759229 69168 268174 538590 457230
897079 718934 195828 310264 635386 321341 969631 462716 964542 604639 3343 460380 452998 110516 437530 142701 192189 692139 666262 233849
418657 566989 455078 568176 626127 60106 63805 532131 503333 996815 551594 983470 625817 73149 84517 445695 496518 434121 268935 262147
357917 306561 418317 541979 338957 785176 967234 21282 888895 690705 581546 248025 636718 20298 748477 287315 412069 895937 188209 810492
400810 411132 592542 220187 190185 322642 543453 25965 558866 863028 677578 143201 810712 280553 861100 874833 469860 78818 502301 866543
511259 483431 295061 444274 351262 729392 956934 847426 399819 133884 392246 23018 315436 1941 830210 905480 226799 300478 325889 410389
395303 390689 577404 972944 363402 418954 515065 893052 671033 792678 509044 847422 101805 967216 772716 755900 375458 686173 953121 601064
469855 773084 754839 571854 259172 520853 178679 71936 269977 738414 65455 697366 979151 310847 492498 359630 532234 450578 58631 865932
914942 836900 897122 992679 887001 870994 479845 476958 733763 667215 937723 107082 270687 213558 176276 876585 55749 661657 958226 445856
594288 113994 777150 825918 226964 10218 69471 413502 776228 359917 365408 963467 256039 946878 419385 728839 89906 191152 407029 422135
671263 688421 654338 490888 25816 899197 715876 686327 539573 835116 350554 612915 245820 789304 965033 870036 350405 904847 138868 774473
757797 544188 751570 498779 304432 33923 619584 284250 853323 47654 296848 850038 77863 113116 965141 692723 306824 972103 877245 434113
716259 791240 845705 335047 480248 408289 845692 218384 764106 471504 124710 479213 760527 892644 283184 751280 484806 542712 871941 232887
669705 593488 406185 40225 435510 921921 744152 681442 350763 593440 423652 217500 116465 146037 570459 482339 836843 264513 720626 932810
664894 223136 278191 306641 412784 782367 131897 614481 102722 587139 636051 196743 979261 6630 124829 812423 25457 635230 525085 17630
189668 219964 836543 477370 330745 351345 28807 464090 385624 125359 152146 303721 545580 100250 556831 649136 925442 560055 237237 126954
662946 264488 405552 570431 143304 471983 484021 465772 706539 746339 951280 712830 528641 389286 658449 192597 210527 822085 218298 133033
885159 949909 847134 572065 266963 476580 888947 701706 454389 141992 429001 116495 211038 161595 380668 467564 932469 452094 918802 570287
346810 545974 209997 999885 536834 201021 652803 998168 512093 742224 95062 4931 335649 850368 367550 894204 916469 917807 234213 228914
209511 299664 373362 958094 227827 925440 280270 136491 958279 329828 421362 989758 641266 646309 668692 263057 332052 51868 949737 199743
651951 32629 12321 244032 570013 411804 276975 258086 221616 495987 860528 452314 449920 219483 251317 834600 754289 793253 563258 864922
178319 375769 969112 650913 553039 641369 931449 477881 196041 121797 633275 764205 122464 777398 389046 855712 663540 13504 715968 71283
387946 281790 677486 637571 652558 469105 411169 859530 591669 579834 26382 504802 105308 422605 696432 241569 117849 299543 652803 788058
448203 386116 677253 919872 212336 897619 687069 858862 455309 500434 494177 909223 54813 375129 443857 596246 927702 469721 525120 558852
967455 340207 522941 178682 645778 380631 847787 414803 961668 255568 326151 109056 822119 467097 490240 334116 179192 561025 819324 423396
391630 674361 762243 684518 268330 410621 700939 975162 93130 843311 570260 253485 696694 625513 367453 334175 149382 741515 840230 599352
687094 764126 979825 494705 885238 637602 846272 927527 571653 791816 226011 248391 66107 387890 329110 812485 582790 710031 573267 442708
172205 346934 645130 729921 138899 103607 242877 497181 40013 672162 415612 810904 519807 103120 121196 381322 132721 209648 176634 185397
521085 602515 150328 163198 137207 292424 975783 190011 631199 712333 906965 570583 811382 256611 436783 992959 418694 996003 884784 395680
257526 618175 814532 807155 45896 333907 442871 161866 218544 232804 973220 499491 708860 910810 82249 207857 772160 47583 204255 995048
249063 82592 653341 602813 269623 614205 430379 167124 165541 263789 431008 356707 12080 306825 87711 913248 624742 702786 786164 640474
662541 299301 96820 774615 158123 360715 915820 739316 65994 370604 221987 705926 818171 648875 552287 315326 723268 712340 255692 527875
239276 55680 781539 962104 972840 582930 985922 619106 529648 80861 874695 850618 902400 964928 781778 626466 345701 24979 208857 806587
214421 536518 941368 582174 285831 435369 150642 490530 198324 367877 354304 454481 832387 571589 20185 353048 3946 436436 801104 650528
428730 674531 592115 946665 911106 601599 845491 920151 656657 970570 641536 101194 977736 137946 869297 546345 25945 43041 796582 440616
718945 168807 135646 290438 131988 51690 726337 900987 433829 906485 690084 102062 841693 19216 302731 635179 832323 593527 471943 445100
525112 543391 160097 784708 182393 352268 338479 683659 581362 397516 669115 489277 455887 322334 162679 477641 378453 981417 858201 47677
276506 347581 45860 800344 47330 914399 591532 501682 543118 182292 25764 60501 386461 258829 572400 317829 92891 768626 5197 919638
298022 227102 98400 847887 914969 50448 682939 86953 391680 238612 533527 554493 574652 214787 419736 564551 813979 493144 802076 462740
847560 133725 63767 90205 427216 440784 746314 251285 112498 329820 564397 6807 388108 21849 842353 813687 567210 98930 228198 850825
75998 627765 828595 768726 426709 610292 41491 659301 653352 368001 413551 930925 801380 124214 13767 137749 769828 977591 930417 815018
945413 946030 684311 879269 992002 492908 232898 143402 656051 173796 808904 364826 943976 206352 104133 58381 974559 417735 507651 772835
785713 13597 311782 306777 752704 651586 557063 871960 691768 11154 834211 759257 127936 687698 836691 340976 157311 211857 375839 281432
138736 593359 194521 224028 977040 851996 834922 725421 327273 174382 664930 752154 927198 634282 20817 863376 947881 257776 330750 798015
572592 753704 129643 439564 307037 244593 846207 629348 339007 566076 366792 336740 199867 676336 77119 566947 647028 427132 887388 44587
93366 875661 24693 801654 550776 425009 73150 604338 733748 943637 593112 402896 606592 14170 156049 423877 105776 836674 935275 31192
661009 296072 654451 871618 282895 677217 826774 116746 713063 758189 892270 645189 440752 709948 349584 137983 475857 457976 841726 297907
979169 781144 773758 779800 646147 519894 73551 451235 722160 905940 124390 437602 337749 666902 999585 14786 494954 718965 926257 128099
278663 899611 122962 958104 978263 749890 212436 541047 466401 778504 635901 163752 565430 944967 318481 359558 162896 696403 919650 275195
496341 719269 682143 574377 2509 886633 782529 582328 987196 973918 158972 212093 500672 737712 9461 990768 856901 661237 673497 775763
9632 72604 361541 933697 252224 799665 281989 893740 78325 983313 994398 258961 657664 842681 487783 486410 799197 183741 903982 98343
220558 742611 299002 339732 114580 211212 528142 693601 769549 775883 542201 178803 451840 97626 460418 44270 82373 2240 811480 572372
97574 970793 876998 632921 607534 424332 892928 411750 207940 378421 610703 70744 921809 876863 897159 786109 694687 513257 445931 582884
770406 470594 546437 586002 450017 495543 691937 690622 311917 556429 116257 436730 925959 619641 340968 32629 302361 58202 31298 517572
324708 622093 71446 564752 443679 939563 528282 955284 682012 86458 871611 438555 837561 503983 328495 458953 15187 642050 8419 104935
660031 995624 103996 708497 885350 44404 989438 26810 939630 282922 869602 967539 359074 406434 608867 99524 959711 65611 994400 78705
552058 10891 904690 388992 67230 546921 7885 967827 988275 768891 184380 375854 931261 655575 778734 283283 19143 46065 850271 599371
681467 753555 435152 928604 380965 599982 191847 248625 984617 313617 760491 621974 466055 553476 750669 419463 574802 145597 984390 706322
327385 150517 733080 212563 301354 449686 665755 925531 180458 835660 64761 154463 665397 202558 38551 72617 319281 133632 292270 855538
296997 792913 793162 539168 567718 193165 113608 707925 807744 18516 619840 436048 506830 56042 876267 771046 830441 893602 988368 594469
373853 651585 10901 719307 76292 702095 15153 767098 273328 60579 626933 640614 381399 683781 305654 232470 982454 112276 248111 80784
724963 935995 978474 583140 708270 265978 653251 656958 124403 604753 326545 486150 638722 281614 559824 59828 33126 559666 100707 398716
308007 814312 466019 198134 93983 650490 599423 836625 897996 707075 470287 359175 251413 499155 857999 858020 565861 508841 708243 71497
855895 226297 466949 39829 813840 199513 327280 768560 959194 966119 708831 651025 78765 402599 280347 390374 970058 18725 695834 720002
882173 295800 308373 889463 127808 430104 165384 697362 340260 946164 704280 99541 197047 403774 597656 26200 703074 203760 704022 97444
403203 484994 397631 210406 856283 66167 703169 268889 10016 46646 674046 940996 742811 547259 494213 302149 905663 811718 52710 806296
568295 741443 173831 289955 811918 867327 896472 369596 11734 569434 610111 86845 29371 767411 464206 418770 739545 295833 602911 196525
338329 439638 965842 115060 501748 238455 164273 929303 515756 303014 531232 157309 12760 17653 888162 126296 713277 265293 522060 563366
394239 509063 439008 784813 353860 150685 592904 650077 95531 910164 654563 558166 799160 803470 940519 18836 212125 276303 33574 128158
687703 24918 103520 78162 450423 999154 373136 623671 808871 65764 538979 494393 308154 191311 746349 608904 113265 302943 432105 455214
84732 5000 518371 46643 235823 269334 910204 888928 214057 897284 633972 321025 926394 697163 919352 970930 753519 225513 314486 153682
685592 576582 568251 378822 934769 736069 741023 864728 725484 518103 375064 771497 555015 390908 264233 917981 935487 161415 759071 741130
389022 470727 818689 712329 363512 408436 739290 219806 468737 789578 481663 277360 8452 146250 501746 329492 476586 654467 168653 885568
574844 636809 727082 924924 298104 762433 853399 434199 771878 677751 235135 499732 54458 656069 189146 813124 627781 544961 926613 238819
954713 311625 269662 240277 419801 7066 615864 720547 709257 390162 838531 785058 428143 786795 247413 473536 973049 179289 898345 770657
179401 316216 825775 616697 295327 552548 280131 185662 124168 897032 301070 430699 478164 700863 417150 543703 622483 215112 741802 416562
980386 966763 789410 522517 822816 394569 241502 8536 799602 973481 144689 249679 809930 521762 305612 449569 970295 542881 372551 719106
78955 346644 339953 805898 327429 377604 815743 195069 84922 614062 547837 757583 828629 198085 310119 435543 306746 438629 190184 176605
105052 572931 16374 1833 146755 556417 116579 331429 371797 573833 593261 483632 461318 503244 843942 732665 954212 818535 363405 798123
271435 855518 635609 589650 328396 502113 581275 743502 640936 325121 944009 16134 466836 771480 870612 54415 67570 484717 249157 416017
369953 916285 313059 84838 394440 6516 701252 145680 689325 767628 508816 895765 439149 977822 929936 213146 806345 503986 687961 997159
637025 478816 744189 410845 795762 790681 48914 740751 836168 134314 425060 637244 464051 892168 141226 461587 879577 949335 639308 411901
435790 80559 8562 959780 285564 946908 348141 266755 914581 465761 13961 158416 490921 473385 549488 98206 142693 156001 240914 927616
626487 964848 540763 267451 430193 333862 185091 564532 645430 415435 624194 191163 285643 260692 194606 526457 24170 888780 400691 629164
970572 359425 310247 627156 842918 92006 380250 957054 516018 568736 586279 83153 957521 330000 463047 52967 797802 121636 529118 97826
721765 180326 268297 782181 104471 205694 854748 126091 384340 552179 586514 115902 756678 371932 952068 466653 768048 668950 746693 460195
42106 487633 582769 973069 924029 497029 237379 73173 199330 919560 980996 861039 174783 260044 279942 143234 773961 417030 542156 258212
712213 905891 777070 123052 581570 214232 667811 303999 871012 833646 115880 339280 279020 345924 932705 294117 758968 509260 698687 655862
416353 406106 488188 58641 292587 706055 845117 103019 162435 363013 1010 285444 481215 48279 372079 162305 422159 874170 486239 571841
920958 510306 677706 986498 488697 703732 417485 719872 26498 335700 656111 54678 711702 939810 622183 395390 933147 758334 90128 855069
236910 426181 554413 249709 899139 42360 135844 757463 839527 522142 452872 786404 530182 11256 436586 840012 671502 172430 719495 164720
1951 354621 48516 829665 169431 412923 471497 49147 564099 983970 239138 987818 281023 629662 637114 421491 339865 475804 157764 23925
314398 106224 249272 599739 279585 864924 461991 860876 746253 957932 841337 102604 496230 445687 813572 690636 198287 367657 240167 159268
184146 436908 254045 636395 532508 345847 95512 147749 396581 238368 810709 782014 32877 82135 603105 120210 105320 444467 820769 263277
716443 518261 192867 481547 765840 742045 650310 550532 971669 898966 508222 676118 100018 215048 76041 373776 386199 551395 280285 164415
134675 54587 8618 947733 989663 285145 71657 209777 660607 737510 250336 593827 803584 305544 495286 725094 686599 111734 775447 797831
689543 814210 332845 562283 434003 902367 205945 850032 952276 103171 437696 468230 483830 678486 387623 689572 563340 910212 721428 578002
386699 733759 980008 266199 924214 463850 206328 898676 669020 229437 665670 655031 927726 237470 151489 607420 950576 162869 17673 57048
549422 532043 540651 470047 879175 837638 859894 587024 239247 465882 334875 808136 937900 92020 559369 178153 671439 833420 583432 134492
968685 901 921128 514023 296716 808678 16352 873687 671381 338707 631223 155748 416304 749501 651336 419163 322429 922513 482783 850479
884681 353143 32899 100982 386235 159478 795671 338939 217538 11893 893767 571429 789251 492517 502008 117681 273293 32850 588764 556764
702444 187184 839319 940270 183123 429490 617839 918860 737866 207370 986442 154576 882381 996483 474777 942859 484381 37310 64041 934028
492932 523110 362940 310289 191401 207124 352503 165983 274810 907732 162662 83247 198713 705220 658861 851529 754304 576864 832412 821843
456582 862531 591755 80413 341782 894026 627393 348351 734507 552499 271625 160230 136303 897597 954123 225282 793514 835356 461681 139828
69822 885243 492857 459764 880539 380007 715995 773611 379433 877161 352348 112959 917848 436958 311018 42543 441819 459924 317719 392446
715499 128998 234374 756427 83120 893870 244112 438432 482370 872327 477101 443445 801826 960888 596500 611047 364169 80046 288525 976510
323059 216309 205667 33065 760111 894312 647115 511686 757334 100791 790063 419984 846388 289828 940477 560076 44622 244904 165114 568232
196260 187633 335129 445814 992172 542438 381372 531498 701394 873696 624416 231373 238370 378232 405435 826669 591374 410292 691145 843291
617402 528605 734173 848566 766546 102655 581568 163572 931605 786228 794590 879422 762613 599003 791318 546796 504538 199086 183915 622614
373283 481905 583418 905809 869306 843970 389158 219761 440456 7836 278798 902801 84274 462982 547727 973744 136474 285504 650 517769
181316 655959 398901 657948 102036 511931 971660 66154 265004 858340 132276 241543 122018 84643 977152 341267 906284 711566 182785 908224
609207 869497 649354 504056 930257 904504 581834 96257 57398 534343 348568 255432 455655 434984 915465 944685 979127 328329 525952 735522
571242 416449 735155 769062 949810 139788 892496 18354 526792 777891 831888 498999 591145 743543 566697 537626 648140 660855 932264 999943
60069 998652 363076 892013 743204 677017 76208 166662 249081 576661 227091 841369 18664 661432 6757 379214 675294 673000 460403 944835
963282 647474 313579 842148 314196 903132 291562 319476 516797 530486 582578 104259 495581 101213 60341 888942 239728 818822 229775 986663
706302 863985 21570 901142 804752 697240 844735 660512 941057 407472 430725 394840 894987 324367 576594 169822 73264 593201 769833 268819
765785 542623 722150 214667 613794 827223 362845 671719 644449 196141 755735 694671 627799 549518 561097 973611 46055 632878 591496 440919
674381 795328 662941 558610 753906 589422 301811 602243 366817 974976 630448 882194 378821 62319 554956 464868 82886 862189 775040 725136
144844 180685 460375 551896 535523 385218 140631 957046 745927 34669 457883 158126 286418 904704 786775 916224 818906 499177 159272 387494
513136 511390 9808 352180 241567 641996 661676 898097 826678 546497 401037 40046 652897 122936 581646 667320 801869 121082 883744 700018
768901 251763 190865 782378 715834 238229 68068 891303 162291 915709 812071 336185 663289 902592 31685 143070 326941 827933 945436 141454
548849 795795 964903 975728 617319 472342 191239 936427 681145 97646 165102 739033 818724 105692 624671 119724 463206 18758 559037 336723
934126 453442 782112 980763 292367 998680 872462 787675 438794 532595 297281 334502 397140 646048 862943 324605 196815 648785 55829 400873
766816 643803 383794 603791 450537 448959 458038 405216 330065 923368 848595 45523 641606 768239 593717 530692 581945 415905 174269 279001
297977 346580 293526 922079 567732 18734 863741 118533 645568 594116 831854 704144 43730 157082 796142 369344 437540 814260 258702 263552
315975 151002 793963 12149 224 330235 507245 256288 635844 450885 813262 267989 363777 80737 163183 823307 887835 195360 914773 407017
754352 243963 899109 34526 121687 827328 294954 789055 391787 685399 381101 222456 370576 84377 470907 547264 650937 237384 712828 696048
997454 732755 138487 348847 705441 626264 999074 496171 828612 409478 814242 132303 506992 303260 474580 837078 176321 703406 629337 968697
979705 913316 84300 631511 412752 485805 792509 7438 928916 438855 146016 719419 346425 849922 43032 779456 63185 513384 364432 62067
128894 274417 912185 887478 394805 283578 684770 366812 165271 417612 813860 4387 171300 516120 180335 557109 224053 265990 186872 741574
542204 703518 616703 912159 318882 395548 283503 776281 350711 1619 783603 190455 12228 542551 250744 387242 334391 203232 241361 533225
338848 311022 144503 938805 37110 252210 665985 642802 144153 443892 123755 680955 160609 226657 954419 537978 880729 649864 856172 500085
905942 256326 641720 388217 24906 558553 590190 305057 231735 66327 304340 949854 846803 390882 168231 690863 821816 28080 591273 104545
708830 165696 409682 150720 860958 282954 845254 314459 402183 325925 11448 401737 606281 313828 775694 552556 653393 772189 979653 286152
928908 658982 240432 87122 66018 148317 351275 107474 802597 901484 901312 973819 747289 70919 466359 820068 468983 92895 76185 55413
831961 863394 750233 127409 36415 750797 589217 388974 655332 295358 397211 695629 456028 924970 926006 33484 268347 168878 153242 889511
835241 143020 392796 619090 584668 19470 299483 905781 949977 838978 454280 28138 384723 296954 522190 722870 427667 868774 439885 805713
539833 682235 221340 12655 463808 648626 885649 751307 645674 282386 935388 211839 302234 852281 262162 757866 308415 170190 494460 921662
744073 76819 517686 266017 28893 258798 340000 72102 127753 350891 473487 841857 699366 741717 942529 598031 844853 769191 594833 630481
108623 444633 51112 519458 20756 119881 461689 775320 969786 39916 583263 943766 453289 645774 550365 194449 99443 917708 907298 935611
472695 428616 786318 186748 18384 997504 695598 541320 154804 898018 669404 61364 290328 889089 509734 458931 948169 127466 303357 706988
758445 400852 399830 703926 345429 877659 713501 500374 720578 262138 505942 523355 292092 417451 167774 91374 571695 144436 510659 802424
388534 586105 346456 440172 673344 860719 597080 128174 448387 256993 902027 618016 302546 639697 759846 424874 251235 917345 203102 955938
736065 3257 24815 988001 732904 381544 798208 861765 645331 466097 246717 486059 369412 488560 600747 392968 307155 663857 677640 702756
184839 889017 267065 555867 321514 274263 429617 605118 250832 704230 507606 340293 172323 411715 721033 431920 497962 614833 927370 8475
726955 256324 88981 906454 71113 818639 237326 781484 215625 913266 107596 678858 13840 941715 225759 460190 54547 734117 120130 354948
969848 248612 522359 679966 413775 918418 470233 988180 15929 244900 955831 483285 397289 26212 5826 150586 445699 415616 785147 858870
840146 956215 4015 972030 579899 420299 58175 22326 398382 16414 988085 684980 480102 786499 986084 85982 572657 340811 142307 724550
544421 375114 943017 575193 284519 221073 536760 394777 336277 581456 71122 832846 497540 600045 152344 231677 748660 702359 653903 461148
639078 438425 376085 485557 814992 851415 414695 945033 321616 836101 94498 462904 619014 852139 173108 384892 866379 538742 95707 230668
713065 521835 680707 235336 161465 820910 339309 356274 242343 793297 987829 460537 452995 24396 644671 967740 796091 270194 59885 884957
792063 574551 598908 256609 20951 482521 337150 493642 629076 782776 78437 215239 379493 306403 261147 380426 606359 511104 712087 126812
192308 237647 705715 921488 752315 305311 341576 426899 526155 867368 389097 302463 285324 439154 51932 331430 588449 728730 918288 560504
303282 876738 16831 693608 291256 236963 836921 293144 648724 266205 377462 986480 399908 732015 689747 198156 344139 70973 87860 823465
556369 539246 389171 980673 671189 753077 838098 720859 200347 338942 328547 915761 922651 510414 538224 131008 36867 979295 517929 451432
760204 21924 762510 284774 480849 392371 356857 689491 635419 217971 292830 910393 646400 791310 88534 443034 334386 184647 346744 904608
690289 700744 373106 431869 950377 786198 923015 52944 727864 30107 734734 981642 867991 940794 762267 364922 156269 439280 949255 524002
262503 704489 216268 339937 807793 23972 978299 56638 261848 76601 457102 938536 886381 621053 391314 918708 901958 573148 797147 846690
427667 941527 640410 488528 535917 494689 897964 772921 666511 747874 747028 911821 376037 935143 818051 649288 693356 634198 430793 214467
476962 848177 505297 111955 754756 106566 36545 67601 898366 939287 504764 740713 437586 285105 702527 341023 399434 727933 676688 469903
723122 718841 282266 923717 289466 882158 846026 626849 610473 827529 229663 377137 200233 503012 593156 935754 704633 725135 742733 884019
214541 785995 123305 673220 397068 591681 93155 407861 29615 639272 889584 629626 589677 348109 754045 643930 80880 393606 209682 811055
452854 591356 424459 51415 278956 140891 105710 648786 359387 70443 45957 483809 233067 145969 80668 166317 811872 860969 357015 311651
153194 642726 173267 96534 202376 979931 563397 74393 357921 458626 742065 958844 434700 646976 601174 207712 188136 788418 425261 912715
47892 285058 922869 758780 499299 907025 983232 627481 300143 333704 161951 560485 120794 918726 843238 780093 702446 981717 365029 695084
815750 757307 530384 139772 969668 607190 271733 669808 149581 499542 911298 444287 732801 346844 433392 171040 605686 419693 168560 720269
10150 2851 359442 76946 814647 336469 713544 705363 177708 390194 358205 783886 13919 859281 683756 249298 788668 983501 82955 89558
643719 892070 312513 66844 968536 613110 107177 64071 73550 767135 690134 932425 501622 511097 701031 269894 652711 56637 207423 399648
577890 238386 496317 14436 690780 498012 392810 443418 870903 186436 591424 944556 834632 475559 60072 413746 384712 149825 287114 371358
59901 633011 39645 498563 395571 57899 585992 605769 918958 681710 312354 301282 193199 780926 223911 135836 69446 305273 946335 864322
993989 348679 263002 665292 664126 679453 823640 737154 43814 390710 972820 945630 816994 314717 341255 489081 141132 303662 428542 953805
869204 131805 246291 873033 383313 983537 998298 854077 34072 432871 970770 838011 46984 132267 806909 611372 591935 830120 186320 775729
194103 134710 789352 789862 947915 733694 795468 398548 855189 67353 637559 160320 936788 170476 878455 630748 798117 388956 150501 915941
463007 59017 742960 637001 728486 67329 322125 42058 562240 2251 224518 620787 685319 536066 891942 917659 366677 717109 284052 359149
207783 882197 655679 126950 348797 545766 805595 529251 772667 181063 33802 850361 944214 983488 853627 299088 750051 654839 849308 876693
481977 824498 701765 991173 558024 855939 685550 617343 525673 540352 563846 78801 13375 723307 845584 846401 828039 600154 471862 615984
343464 663833 94629 723239 699975 455236 142896 242493 31267 233988 702872 435083 340293 469484 584383 291695 657055 365380 833799 247852
420335 669313 279222 725568 819015 433004 424892 152858 44557 42977 267100 619778 449651 798812 449334 910476 212564 102518 609592 587302
890834 373077 955309 349565 125619 193150 89703 910001 621253 519333 285679 998170 963238 784059 318985 865435 135079 678981 998544 376247
671881 784586 91376 670764 893270 565481 541678 22725 362308 258222 193614 177348 284133 741159 533935 453620 673099 648840 867541 935353
506843 558110 5496 540688 429450 871304 466229 341719 597405 929004 385343 71466 167231 694029 349732 63979 13395 499638 26493 889281
764369 775890 140079 35656 540682 918811 172724 515404 629108 921509 939951 868010 260399 157947 553166 768022 846523 593823 880554 294084
487136 816164 575043 834317 533023 351861 453137 19207 213412 276748 736045 967469 292359 301379 51028 107508 943557 460392 980780 999848
439137 325020 975204 880894 206425 730819 275613 533503 629983 713974 457650 328240 669491 940805 505976 255164 583905 112189 437107 419103
95321 487659 940630 403787 19124 106321 201500 930913 893773 768876 641097 196858 282410 974727 915426 451163 164152 568251 473570 832467
833475 475862 509668 683654 620731 728068 374835 773260 52105 899313 581699 582593 88454 450122 984437 141812 434489 779683 8934 752868
592500 51314 21474 11141 817363 961842 947464 411146 587205 117967 110777 533532 671612 163499 345197 599301 389287 346022 171929 598448
9025 360074 843333 137871 410008 507242 291698 149315 70695 523430 256468 17642 924371 235744 980885 595206 204291 882547 435420 572372
332610 509130 893079 894188 473001 931051 714470 768066 479576 902170 319918 291665 338370 411082 558564 220205 962991 550738 199935 528123
636074 772844 263065 357950 419863 521517 117226 298303 503913 170755 833096 422707 820281 518249 7411 651572 513331 839282 127016 805975
345121 527917 953460 252314 391459 918967 240988 556182 974962 984719 156153 869777 186853 411959 248038 326866 64638 967750 4893 208694
204720 149052 753493 956575 685407 914569 888343 507480 582150 615189 535796 587901 492069 677877 781913 228740 904240 986412 827669 782853
21117 595995 382599 967537 362608 2315 644298 860241 599660 654353 755093 410960 41149 834520 899731 296937 887062 183279 130991 102190
81530 431008 652667 468441 21910 800736 767397 336048 794082 761368 488235 315428 336278 837474 659938 137018 664715 536137 219233 897249
142486 569707 443821 168146 883404 726540 743680 118760 507079 438109 528033 875506 611030 332535 382754 72292 343968 252147 829521 774931
546026 129881 270867 686687 38704 386601 191544 458846 362688 160895 624537 977489 615984 203930 475586 780930 48291 402987 439823 944623
36809 978491 469472 248112 567740 278734 665155 74895 218078 440531 407518 310886 573934 528231 478788 384898 412587 474904 176094 22713
292061 728652 470512 383200 659979 387200 358993 422886 139967 716353 326862 362865 515019 466857 525333 308793 381679 714343 69211 749398
610476 353092 710403 443908 581541 871951 382899 735893 89243 317319 611067 976722 886211 51472 981693 264992 760253 672356 230436 909254
526186 18124 574596 568692 644792 419673 50912 481729 582874 617381 264252 66419 551697 180339 299739 804448 276690 154366 937484 869241
304179 573539 405406 202974 255418 35037 316059 235787 155352 887373 30350 819225 225632 493795 792075 698586 332755 299820 798180 780366
300771 783316 423959 934132 295379 65186 53953 766785 470291 696708 747067 121543 752818 659932 409060 297777 173422 192868 828913 955506
67593 519495 763841 558570 461979 364843 730543 225621 970737 85082 714872 471258 931493 991393 29529 362502 230587 929968 625618 885114
469095 947020 432273 566621 76943 128893 756730 271512 714277 533585 469548 331341 966369 15902 662418 876741 925795 139998 584330 798514
789636 545778 91006 334066 97487 101241 905113 975916 509511 935771 218519 274980 145527 668001 952101 570466 992220 278414 83593 358800
58184 80775 678788 489629 94559 264985 831261 811040 663719 306531 818124 601598 840984 265021 341118 775571 174226 980242 382077 812302
666185 182612 584869 436080 731950 503809 73771 968911 191006 699035 666231 309257 467260 214153 483667 622998 649019 654914 522846 141071
961578 974294 791328 240661 19470 502258 74528 682227 320731 61564 326639 711036 30978 983277 273156 237130 361599 286687 708064 897571
597306 813839 485898 685699 817967 131305 347797 948046 471061 513931 722401 572293 165611 110438 191888 215574 482399 888778 579998 211324
80950 947472 716370 496938 331254 761769 595521 259957 945752 92730 225782 810341 839141 22455 335175 745601 923353 918699 763837 664497
224130 419001 459805 313703 63421 276049 203335 264512 217842 578197 589167 12434 158920 489144 593267 922524 415447 667513 611234 183330
781176 432038 49603 897038 748278 111205 990985 245634 328567 443948 40858 814841 390119 688931 373157 551927 47171 830817 136872 248776
753940 541763 186290 293814 55372 513592 19900 581963 761974 639905 510772 182162 56404 547468 363069 374068 530457 651926 633144 236581
484425 613024 752527 586935 300248 14147 186493 525490 878492 19060 983045 125970 728600 155668 37885 683852 198492 119289 754452 684201
388148 440439 472997 788640 70842 103662 267552 105954 307899 990249 455940 650210 644903 872148 682917 380137 49867 352736 134651 160228
985371 847155 43735 718839 533010 904048 74378 723608 402573 412760 546663 297983 754406 686379 389604 370797 186877 217531 821438 710833
521564 35440 285760 626129 910998 130751 493246 906042 93160 618921 733920 870239 547475 220123 637593 939777 871919 542426 120547 272554
350419 277592 805717 646158 920020 735211 501908 187258 744750 189363 535472 328145 264764 865387 921826 789618 417867 314694 367256 181337
277160 993399 93195 908160 643109 715123 231946 798964 976237 322080 64098 576610 703874 651475 504299 463219 992456 838201 582077 153578
507116 897225 173291 771458 679032 112646 245697 750683 218498 286128 137882 617823 748816 43691 458437 694428 655261 695991 824331 775985
650402 694402 326440 394152 846938 304993 132938 904101 44213 406328 223919 276865 724697 775873 273510 258874 997036 266973 690128 610245
796111 207076 837040 98069 302731 75833 443663 622306 53971 999173 229048 996397 866951 428505 979460 938607 344495 50767 208280 53505
301782 795986 57017 76401 2890 818267 777596 400231 398853 183364 409049 378659 146806 809627 12852 499387 211902 447909 664970 978494
278265 602079 365317 653793 383066 532963 772267 655667 769283 853440 825719 273314 676347 185429 667717 132959 5596 259648 666968 259533
540420 535620 753424 649565 899132 314299 571212 495700 631080 251044 978834 764443 479287 441721 35433 83981 146421 624519 368182 962705
323810 462287 359449 321994 233786 881508 379700 403824 621846 821945 793836 116590 318504 832786 401303 808638 642665 798921 879471 953915
448453 334926 119304 843814 947225 869280 425589 191568 623495 351497 226018 626974 611134 2405 970932 602638 343346 995865 5239 733888
36682 641981 99678 226580 808390 446990 141696 576623 736222 59722 495302 245550 263032 632212 439485 346310 444433 710443 236719 796297
29182 790205 719580 61746 524517 351578 125521 363367 588262 40410 156530 741938 154756 579946 105260 407133 249697 558198 724731 826183
916726 971804 121653 987431 86290 298802 796759 555392 660021 545566 445894 730729 275820 67816 221046 591368 913745 620370 717605 727939
993741 49298 161835 493615 762369 576879 792107 453409 576365 732537 145464 287488 859566 287397 45866 316829 308378 157415 210352 963678
620531 313161 751319 578117 228187 328839 817420 272926 528374 243326 180175 482767 830867 153051 657024 951888 394171 952431 350409 293588
496329 55607 341674 656599 109880 177811 854225 407425 237845 601745 345021 736402 684321 760916 78269 706076 511864 157486 707880 525421
316375 367646 44195 387466 260801 527929 91393 513471 752637 166291 530168 756356 127484 482483 589447 61542 75267 233732 493001 466329
892122 47111 619311 256125 485805 209643 417879 254365 805691 175161 678761 932249 384732 732656 882918 177425 329553 671585 924565 858162
775985 890122 511864 20742 712795 230824 798822 721961 39292 903974 274042 580574 19490 799569 631161 329629 223131 153622 59444 454253
414672 642638 267963 86091 917555 917480 415849 714554 581953 785477 344435 798471 894048 160731 488040 380449 709166 273580 632106 632575
665711 174153 267030 969790 294280 361669 682787 448345 367764 465589 209342 645058 741335 457832 830563 573335 7528 548862 902248 851066
698264 738560 144274 129925 520138 146352 541604 217481 222065 364130 974146 413857 906975 601120 37294 717249 449790 759030 657360 761690
823212 213102 334308 192891 37929 148110 331686 414049 711132 412180 17492 797559 327401 68585 666375 908705 109538 880136 507677 36675
847549 493704 841294 378383 491662 903268 228821 628921 364154 47267 934234 801179 399447 622745 276335 128719 818968 572750 745512 611527
841736 830173 110122 933088 344295 876655 140443 435455 196949 892303 852982 784788 552133 686681 449538 761900 512555 253224 464112 675613
738115 132740 88268 737752 447107 378334 204633 494733 494857 232078 914083 808702 853362 262827 474144 924903 967054 925816 26312 168904
411502 385685 947666 876428 183303 656715 39175 681566 19684 352864 462716 307405 56505 786684 930947 357579 535524 428703 631835 160119
786662 905675 317915 835952 109595 957324 698285 692578 610607 26440 409602 939691 798780 143202 86464 715758 419570 906207 897310 616389
324091 739339 701414 817330 996693 240365 579710 847894 843720 561171 259356 560709 751484 59873 675293 925181 244118 394488 855227 440361
169049 467245 950853 391146 610483 367945 642063 957797 358350 611834 619399 218521 442711 844096 882285 438215 596379 275314 794430 821433
747069 362232 686193 579611 759765 391088 643781 582556 29530 726555 471353 433546 296919 715700 53521 267730 138028 606766 772964 708827
326177 985560 993186 30301 657577 589427 349408 600179 734454 613964 826849 963019 745279 109278 974070 324699 892362 842187 171758 512711
309373 975540 682701 537590 671617 108322 178190 16101 482924 611191 910293 6919 300845 481202 386201 741776 308710 634244 610915 361952
592188 538278 28652 463620 392157 892257 200587 4802 204970 820334 915594 958540 266524 393074 359833 17689 498040 302796 102398 734664
305914 186332 403988 647007 824546 537752 936863 278251 890750 221615 135290 727117 357585 95149 577043 779511 541691 304535 654686 563665
335957 912486 365543 644992 834854 608823 224217 671878 803871 885003 287920 744816 718475 573448 482398 429420 634468 620423 724326 589205
582728 945735 839931 366095 119862 984060 38849 42556 866077 186328 141074 408619 281661 29761 944060 714416 738523 338817 925237 541678
139382 868610 506738 152536 153364 466864 135523 543339 165247 575457 529895 322609 501792 321689 613431 890967 883129 348662 364903 421075
960031 941174 781583 99973 690344 801411 196715 301501 716207 968831 62561 737162 565851 923802 198643 532671 801924 449464 793316 393292
387969 674647 992705 146027 703704 569798 427903 407292 663263 761373 728221 831307 930216 442568 457521 332933 854349 558098 983313 775768
537111 436137 896166 402271 410233 794975 39312 66915 425109 210921 665905 631147 275774 602507 830732 826400 962734 989394 779054 863872
700920 696203 442279 394430 144424 651187 731175 739096 774844 882491 489762 492218 80307 936306 785775 92792 46296 673481 632362 115436
862494 329225 843228 498497 708279 839358 978911 310179 405584 334943 997191 819634 800079 188499 895753 871822 976145 991009 925341 55812
22165 340086 766803 337164 793983 592054 762117 440936 37198 312993 993786 604371 346211 143199 101407 342988 708397 424984 785857 557885
147673 84598 480687 342465 676507 767996 101283 373284 924442 72107 297375 50032 347538 643385 219237 649233 700761 400076 339828 88971
869599 382539 749834 639697 535296 311075 711163 424039 959963 593721 293102 805181 249899 492280 32569 230535 147896 691222 329748 862278
531927 682115 98392 8598 813601 440146 191735 408051 353504 839573 511489 79209 776333 810863 252404 847241 374019 29640 860375 362061
696969 686736 862974 902897 758890 689682 71678 254225 698763 110606 685282 244934 6272 825040 321631 548157 774179 44732 809025 697897
391475 794242 619947 219993 908974 201095 232468 661619 773818 921454 205273 169676 152429 135736 344931 404362 54901 601867 672130 529534
379760 849631 14037 793153 588070 885333 386710 235773 121762 396653 236744 167840 504829 655074 459173 588252 876156 50192 43755 55813
685953 373611 83615 36945 899492 904485 888739 399705 829336 22394 139047 333400 226677 833071 359078 27916 536646 822059 321259 890219
421124 614107 905010 78378 896258 256645 584419 104323 951486 128328 257764 814024 577865 189680 437273 785215 13820 972012 923950 769640
437038 106178 357342 286557 184432 211457 658808 679205 380275 41522 890920 256930 185173 148488 288414 827590 51476 670151 564121 901607
873240 836446 657137 87920 873227 469862 105511 845316 853584 151647 231175 953830 345094 178296 422456 988163 62358 274744 827261 564702
101532 634956 533998 366615 246333 390978 625929 206855 171832 786223 22334 149167 672137 653779 385754 586653 844512 122184 680425 684536
267596 321530 236073 954980 283324 634928 184287 504629 53736 574602 933656 72280 495633 324845 676967 340725 558556 859550 839715 230529
410965 515174 358632 474237 699679 570073 478081 749929 240293 219850 647897 690398 946131 589969 209873 645555 647952 959695 187523 474588
974306 937641 346501 603090 444856 635668 515266 58461 166276 764431 373904 903758 720139 909163 36338 271536 443014 313907 955192 684675
433696 28287 622652 130754 593364 172411 520234 227940 150370 641324 72398 64548 910851 869204 599631 981092 127252 903372 693869 414943
267595 982116 637794 57129 40228 725761 871451 119210 271569 962855 271351 947976 81359 514683 910859 194349 447154 890593 257850 229352
720733 425367 110075 737896 931065 281617 603665 848192 105899 800846 194982 727218 536601 786306 928547 916926 611199 617710 327816 886427
3861 37397 461024 693914 196712 658841 553092 183143 601784 581626 607324 905204 327492 998175 806501 396500 293760 561804 150004 119081
986266 390620 625489 590183 531457 355193 342786 520668 595429 956172 942253 874772 493751 688997 14391 395895 917733 984389 717615 669694
633330 449038 765812 781794 939749 408864 255381 229800 592123 724627 272062 756501 91641 886407 371467 914283 487358 383035 507454 876439
348408 38261 849636 877146 17667 360932 12622 928350 149268 693784 951889 876586 888765 844605 983093 849197 748196 111489 42592 209459
737978 332194 254891 95315 86350 985606 444738 960669 607777 991860 953570 488310 206561 995841 361481 776126 770231 613740 47480 293946
130661 873149 634742 290654 528128 412991 868027 930559 831627 177619 725164 903382 825031 431480 726303 507605 191439 621858 557381 919685
815943 906952 624256 954216 3280 586409 420387 477689 236262 380294 676155 171678 810478 61708 644780 870830 431881 450673 5248 654573
787184 366105 958944 913862 466023 452468 147496 731567 935752 363698 512068 640460 679782 485186 856618 457724 941145 446931 136615 596879
440166 111670 208666 866436 715283 773625 236938 2595 467322 912951 921718 294447 571312 966716 48697 48159 848316 837716 811255 267766
962384 786385 967854 500543 283107 414320 231420 188474 178859 663751 308502 297418 861068 813146 816859 743631 897171 968451 209492 58881
754727 906914 670973 605420 500413 832073 613174 437082 219934 365911 795074 207844 174815 5374 604109 316584 564022 147337 706122 237334
197260 651438 338592 132565 828082 614536 536605 914773 782402 61546 292681 362888 56895 590832 494035 584140 199960 282656 445706 590608
712484 547683 981974 837459 275759 231117 545983 873709 204977 729889 195257 379518 805364 832181 14042 974241 922860 442101 213330 809121
924250 470828 963701 557604 403128 393805 734901 841522 356034 159892 212634 660928 764915 401753 112509 875496 808215 555575 602339 128174
118750 501213 992336 724929 822888 594336 743665 363991 207370 780150 861426 745361 218631 78311 65930 102165 432992 271107 954055 22726
642965 620319 47761 766644 316008 993023 758369 298001 718100 424981 307900 370764 690172 924437 671540 435282 295152 678987 314600 841837
565101 829594 915561 9123 245830 476117 600844 275269 807256 143123 206807 619303 677766 242831 743092 649051 246024 100961 192644 398968
164523 982403 695814 870937 11549 610645 150322 121500 996580 135051 745504 218837 182331 298414 980647 663890 950605 68488 166978 787733
709468 713566 565156 380051 166949 397954 452984 273583 412660 635047 449685 642339 169747 429506 799603 964283 886578 280464 833331 877994
753228 324374 828582 777521 765672 252711 400284 613650 479216 734069 647852 192750 177952 63386 118465 200563 559138 24300 993467 754094
185395 420477 34962 225945 601761 733442 108756 362487 146794 589538 297744 532957 544561 591063 503931 559663 90923 206223 740985 686301
499165 958574 262796 777834 91042 306252 792314 196500 54556 384830 230055 999762 79483 540433 345176 642241 659500 822917 834306 686978
531098 387576 576766 62696 60909 856303 863888 425086 663271 715415 485442 172941 490912 101291 393043 482595 248171 375486 549435 330855
898721 557073 638502 603666 487095 784389 716797 165267 789303 47358 551990 704601 331801 547502 226088 163751 342980 350189 409772 933593
23223 940564 602901 937306 876321 900939 737554 185530 152676 423109 594355 49202 325889 972459 280796 188610 61917 389718 853571 651621
554877 837912 202034 882427 936309 824401 370786 58010 487966 787709 139851 729156 688876 939691 995333 829911 463805 423720 642942 955273
31881 770332 798365 868592 132777 545029 886102 254924 110306 846186 803557 306071 500607 274531 914985 894483 574874 801485 207903 342770
788906 745344 145427 473772 882908 446430 491423 670677 937280 146548 550466 328761 516632 272783 815875 693059 121777 28130 799873 326152
58390 247397 628905 78592 229272 35923 159626 101823 611050 136495 786187 466169 315724 129973 950354 749332 629521 904958 815993 255842
690277 989054 352294 279341 750494 498041 869248 599111 566794 486656 166334 437060 519374 784729 48508 671287 210775 647191 932069 212152
925896 276004 929687 992610 251129 848981 88997 982592 34484 164830 971951 889610 514700 213768 61789 241631 295582 125126 607573 768942
60464 133347 654994 855747 6947 374001 559432 90410 202708 821327 582260 127083 17449 309853 430036 454879 407254 337467 715268 950344
389224 709649 739769 53910 489899 490358 739103 407839 720917 778308 553659 183981 997070 765121 694796 461279 892154 445630 447739 847253
445335 116525 30609 676144 752868 811103 631042 771252 860920 529638 71914 92327 804941 412526 509640 956366 286882 641117 57904 292664
773386 275182 911044 837886 108960 156049 263836 713972 819772 545100 64974 495126 443806 276402 270534 965149 405388 600495 371405 960266
904183 457098 924882 909438 592862 961441 30904 628336 482678 271872 818651 900767 497639 347472 609567 661092 673821 845068 255619 957395
93901 829636 266103 583706 112579 234709 423118 181733 133815 831140 45123 509689 205035 888043 184521 202225 768124 575086 575824 622046
600018 750603 165626 673108 593596 69246 776504 906676 212552 302383 859906 85655 132777 739864 242499 641185 839602 934382 757363 228641
31157 533574 367206 147562 154869 299264 703737 168659 994125 387337 564457 993183 23540 696061 902481 345505 683827 279269 57729 360866
261227 53187 248158 635949 280344 265213 113159 838157 447458 194757 873316 355609 163809 968208 693837 864615 799533 523583 384369 274872
852580 216373 662343 393818 391053 599971 654333 28392 666369 599721 912290 163619 387991 578735 286686 282257 87457 281741 967755 32371
986917 769656 874715 903684 45200 685142 547679 264058 980047 411423 833623 216423 881240 803996 149117 796122 866670 455892 343424 81497
246688 803991 784580 119936 243836 857579 870372 744120 364462 4884 54537 663504 805192 424025 495072 531570 97290 461675 926423 794410
515358 496191 554262 857585 190841 173537 904183 804614 230269 655894 189751 565467 228649 10844 411907 194906 892004 278513 328166 785412
192294 310496 679863 504218 961542 235799 100749 252968 309011 761858 230782 467528 518837 110477 896300 871633 802416 583241 813618 861822
188422 212905 602871 892453 212327 518042 336629 166746 642221 603243 282084 975811 118845 816380 570943 293282 707358 791206 866559 317016
532305 896504 138693 490920 316219 573430 508708 274085 665417 475959 288346 90230 783571 960368 806528 773034 275053 179051 371017 503776
740686 418174 926106 309193 39154 657088 488077 485464 925172 831544 500209 953033 824813 125151 223745 727962 50494 167332 394121 502026
800531 121410 148218 39132 415459 707430 172817 286165 109964 677235 94830 808807 315808 85591 378487 81416 570388 169179 849225 272719
581464 231727 952234 541442 766692 841089 281936 867475 189169 131910 704876 183897 174704 879931 492572 320380 158581 30313 862956 299494
930856 307805 702749 494490 866118 253170 146474 858623 828881 59500 455523 724548 952811 360273 334042 152606 464944 985611 452796 544652
874596 490096 721488 328111 311764 440315 599996 580633 574403 921798 343127 438837 621191 494880 233048 442475 67063 66113 739876 351455
531178 953326 867231 10975 480942 715429 385004 644887 661602 996343 549117 837621 188996 706255 90348 325671 417929 392150 604257 440713
578113 663673 688601 629315 557844 233041 224205 460429 728916 287958 614141 974749 76835 35974 492347 261849 893432 965899 336280 173458
359324 907071 332117 144996 218289 97865 657270 99534 711684 335214 808325 552774 815329 56402 725068 854058 457665 857836 448574 644670
197119 5586 810719 354110 786905 21643 924175 657008 573078 675381 796045 472065 883902 717843 450059 353324 846890 222235 808562 220956
653775 621151 64829 349680 853235 638162 671158 644224 664472 477308 681910 234947 724838 686565 542167 338773 582277 532887 753462 865359
172927 96169 688858 165219 367494 701660 587442 658656 752095 204603 534708 280398 126428 915526 638224 431375 196880 948031 801018 666325
261 163365 846789 69982 197778 823770 231335 392364 922539 120585 745172 592724 654693 699663 382560 525983 357518 165101 220318 282867
21574 269377 283820 36491 420707 144141 56420 335319 414502 687137 401121 526910 513350 871588 217602 228745 430851 94996 220476 266494
445423 224819 103723 501191 510356 643038 331892 531998 235518 642626 444581 137124 526529 269437 357475 44660 427431 386157 194952 59411
137988 612560 482512 173849 141145 155859 614429 391195 653954 993892 222927 171989 276358 992368 266453 89564 33044 68761 660464 164355
749087 14872 167332 112443 438523 975863 88862 486042 327684 903194 482223 732642 169679 76387 699013 295363 793597 124413 413126 872727
457727 951613 166790 119177 619 328540 285590 207488 410901 627294 918438 872100 594298 138966 143873 893904 544908 284866 651816 60533
874930 455194 640144 165243 782737 238020 997907 326432 190607 251247 987851 816103 910526 747894 957768 828580 611760 759941 168166 269707
390293 627704 516827 603266 865970 432278 74594 942287 45661 771885 853222 521793 223285 716255 58312 35144 773618 167726 654866 628296
905331 377669 190816 51520 810593 29561 958024 197854 814523 58062 804772 214689 852610 843555 306334 94403 899940 894160 137571 145263
300883 819369 880520 942962 877531 578782 951688 345327 130113 48002 666646 744334 221505 198276 896341 161673 116211 431502 842097 197445
276171 986078 318663 579457 52647 920337 828507 290006 636907 778102 160399 187045 104705 936049 220130 304864 513005 831094 868406 849496
346962 118009 168191 435686 390773 482700 896026 67663 616258 628410 877305 972665 277811 337505 196094 16420 688567 348492 187276 685195
81705 402419 920016 53762 644997 594395 688729 150034 600563 519773 9332 893287 728076 81652 138724 23760 67414 880232 900081 322322
779390 244359 206037 490608 488439 749164 830713 508994 997086 335289 280921 860216 961519 963001 719576 920070 848552 52126 813971 333259
430838 257195 139599 238993 583561 710619 728324 263618 180212 489686 877093 457084 913110 223047 617507 717616 33513 486897 897947 989089
696580 466648 863520 238975 911894 291202 308676 187861 240176 221135 247437 479430 14797 442526 12997 310492 348568 792174 539277 505636
446148 774442 777774 77263 354932 674547 196404 39322 502193 703316 588909 404148 554387 16131 646016 278164 638772 395338 187410 775493
741955 225513 722870 179409 861349 73395 97171 490329 236466 476756 124239 188384 308196 261200 437871 52118 822711 731232 178431 758907
971436 356261 606333 628618 633883 14873 168455 206213 826186 350276 241412 320042 930451 821764 88309 400067 879062 620940 324692 596326
288587 894104 515767 255148 613238 644032 972632 346541 597916 382653 201712 631681 465596 68009 322860 107151 56391 78424 722860 789783
859568 527264 497643 424785 799037 990693 661604 448746 469697 350079 106870 820396 809896 424760 538602 675668 295329 913632 605836 436876
363303 160330 316389 561387 321584 812583 598961 610803 737169 546402 334894 279651 929797 292491 353780 109927 517642 881567 162663 232769
649779 906760 953544 863114 503594 104863 808095 694586 140862 681053 428232 656602 938036 68557 967855 353554 265379 216633 540185 865728
648995 401066 492062 311951 698170 931069 953001 264644 396008 171151 680737 351076 997390 776195 44052 336917 415985 908246 266078 469531
515165 650002 935849 662348 380795 727334 79862 605403 720362 191565 946623 898880 624779 194261 365856 694709 557175 721027 895206 632694
247770 521191 841644 988441 355428 437706 668550 477884 786744 483090 841742 886149 658948 124671 207321 355676 194475 850865 915783 405477
656840 83978 741320 455851 306590 724417 941240 990683 737844 476045 139376 473823 498474 713228 577640 657831 978654 595529 772906 723957
204211 486289 338816 721093 79632 307 624664 466519 661421 295674 700775 742140 287857 85505 812550 354585 720545 948929 356727 987809
186676 973526 480770 198701 88623 573266 206305 959089 720290 986783 842109 576385 150086 681394 129187 748540 386366 941746 537602 880030
322997 572877 276099 898166 605192 795007 532489 222142 303650 409093 484922 694525 464257 689569 870312 884590 230128 854819 360371 463134
110690 77131 369381 29338 180478 203630 396819 203953 532250 591923 818173 307493 93084 177836 170872 279049 680680 834709 815186 467242
641046 582985 134400 409544 401481 564941 697195 174112 260411 111794 114284 228065 186306 478021 876658 856999 242982 945006 838061 643567
316153 64095 181983 172013 667982 160312 27364 737889 322861 227230 67510 189 938579 503126 190186 393729 742679 166305 350450 317355
987078 126877 737486 946971 163300 931819 735655 211580 630523 581452 498687 869225 245317 698743 620430 559738 868020 266281 523128 168408
918236 253015 699921 237107 259283 850985 687625 579228 224450 273949 92373 70951 163543 374342 772577 465311 133502 377670 995297 856359
229995 318200 196401 379664 777021 780344 350607 407339 374131 88821 897162 714625 828816 234737 529704 127740 217681 426000 96248 774896
306641 289694 729787 629764 971705 253740 510693 98815 272263 915045 870665 438739 78862 765799 805996 659678 118266 82034 694323 12733
548882 414985 533083 321688 400864 407609 872470 440472 649570 256873 127485 674334 556406 953317 888132 843786 869309 466132 184490 129492
406189 852820 832739 58198 604333 908960 262240 668289 224088 859772 383487 657503 713176 423770 541239 188184 899203 757245 167081 991937
57383 992846 479724 701226 418851 883510 21076 613445 568262 402923 542263 88077 63210 911839 409272 313623 672022 882005 70506 22021
233480 654031 444915 541115 727650 200326 640475 707973 285211 429674 848199 897309 556607 330536 253469 180108 94560 252655 242803 97808
281431 934323 44866 804905 605680 490999 523500 250307 792893 474231 383528 787898 724183 719706 566033 663858 809055 821718 272292 539405
29217 222295 77757 435038 666304 924166 307254 132950 165430 30379 232304 839762 4447 820884 603452 376969 19394 762693 308237 450633
143829 670794 914074 822497 976897 559537 82573 290878 388900 436678 747046 585911 696942 208670 887759 871532 109430 450237 655764 339666
854613 514241 988150 555713 949831 888490 709856 864633 780715 200438 351720 883457 183037 319357 627075 237819 933862 669646 17517 230952
361682 218559 223506 493431 454685 701267 473200 320415 583733 275077 540986 143189 115352 267024 806207 475298 364147 219885 306528 443061
243971 110940 942509 56233 406970 36743 774247 105577 189386 159632 791567 288810 677810 384217 53553 760823 786378 700792 410748 92182
743068 19104 731189 781350 55933 804251 324299 880896 287137 366812 479358 892385 354514 808681 743941 964263 336528 78968 571125 570940
967777 751861 55128 605641 449508 995717 138117 120308 766779 859469 412624 564335 471018 358165 610381 540265 419863 703785 790836 165864
217305 914975 296066 215543 425161 638939 175407 963939 294864 518572 657048 344661 359600 884573 497232 997869 770807 677249 206148 387519
931724 296179 839193 818472 66627 885353 60969 716581 688845 393584 879405 807453 887767 922373 241186 344921 262736 439763 629851 922099
802329 439201 571240 236957 983458 253465 262454 465034 994589 583914 350992 524060 171342 239918 135115 63155 867573 263953 499091 917896
883765 110511 302583 368825 157612 359813 233088 977522 258032 848744 774947 392916 978311 702763 554977 165477 48918 790320 277453 715561
262932 291735 500873 772368 905565 881880 567284 803087 289302 152975 976162 399584 657807 907875 86615 652571 921918 94838 2215 480455
134492 220161 351763 749300 47068 750941 849122 699734 767535 20209 738698 522532 281169 292775 972106 592518 240343 15818 685480 278768
471119 560513 780614 70965 559602 259422 675156 25236 509493 444011 99776 407361 484277 194621 35065 363684 254306 537771 744296 516735
915714 555234 920230 107079 419314 542562 65216 278083 461143 952898 836843 205816 82327 815746 38585 13639 183374 207749 761976 330411
810920 397482 483540 331981 77200 946250 887402 981582 419089 664336 910423 523688 96971 465763 265807 714654 884411 350368 593293 167956
253169 885188 465892 329714 332559 754983 395527 438847 690679 855387 651038 945626 490125 82354 483271 641109 187269 682745 442269 678451
509469 768866 828215 325677 861731 168238 203656 853499 245497 866353 567221 682450 828616 84468 230607 101571 73851 494067 461983 479029
317204 391206 18684 788664 127663 704340 579972 182976 579386 98736 288246 194435 403638 352228 173793 256242 393479 439061 292516 624721
439532 776926 341912 460537 327768 367118 371893 790831 852453 417621 971415 357852 824601 454831 271502 756859 73986 763349 293033 141542
478728 432877 714591 45095 134918 857484 743130 578630 667167 666354 37928 116688 272366 20909 188018 31643 774299 747627 219578 265972
907149 990457 619631 700534 562472 996298 413385 654168 366561 333206 35718 125900 222217 785765 363040 793744 170087 603116 44014 164926
341287 865688 484924 311066 594335 519100 411548 366885 88516 701760 243938 222448 979592 123428 175716 351868 870329 465623 974916 522574
878806 165954 99326 52939 635592 299548 245685 439047 344869 965628 743495 203335 325060 158594 500199 487819 922159 371606 309419 566272
744564 892730 111653 715301 943344 235145 594778 604365 608016 748924 426647 656099 367434 938030 994828 857475 457920 28870 5660 813738
749494 804496 427743 163964 408461 525532 666608 738322 688833 816209 332524 408926 587777 209325 460408 252481 194295 872816 376535 619692
574396 946624 10424 731434 781152 301038 787266 267625 81100 825711 362276 576339 915697 37596 679907 173930 268329 84855 139228 13332
872387 336252 529692 476392 70013 130257 801659 656611 359800 812618 407482 491289 106036 89850 988075 678203 648324 599774 235077 467920
191130 198353 683235 271514 67825 611774 344663 192503 25649 236832 514671 490391 95671 578093 573430 678363 72266 361771 432686 23848
596366 144920 234428 317098 657614 790860 268693 818921 707701 36435 570155 720196 167723 223003 188253 924220 379066 824064 496312 56093
480417 982929 159014 3394 434445 402604 32452 556637 765043 784159 896935 44301 487637 285198 91541 630092 867153 578403 284979 855085
874167 905273 48888 456632 705598 802044 117438 425355 716300 61940 301961 418782 36421 590217 616337 611042 178619 697871 114289 871557
914392 80799 968579 886219 270907 616267 230896 998427 506951 834043 375253 600174 423174 410647 370686 696060 138426 456693 805206 608247
950266 664924 42803 296838 910288 69309 452350 605611 846899 765596 414420 786788 370042 707547 637636 169122 57762 413716 431536 945645
735192 404058 779173 937552 602172 422278 332266 715669 984909 773831 338804 9865 342886 87635 223743 771478 536469 3196 40964 996472
92259 500840 406262 656889 30117 107947 663862 335290 834477 80469 705612 987230 461630 851945 498047 597169 228373 834799 711235 10597
399904 350627 344603 474960 238317 686275 190298 865821 767741 796169 510676 621859 990705 67005 46450 412843 441002 425618 957098 947133
237768 333376 158712 431565 225855 17899 606357 223432 180032 20725 400616 789027 611886 973496 136510 613930 207809 741130 913398 830980
526715 616254 341185 967702 783326 16078 469877 246703 834205 522107 89684 762912 983455 900254 576346 869229 91764 852475 824106 446349
635867 484266 502442 582665 605250 436654 792406 582752 215837 320237 255885 322364 278016 36749 701867 744088 528179 297728 955419 488643
780388 319476 925212 258100 586146 456786 711106 936213 371513 501217 711058 644379 151271 246944 210660 860285 50580 319313 598467 755308
784859 487979 399192 178012 393845 833290 168001 23954 290447 777325 936549 283627 409215 704409 904222 438152 183082 652481 4380 20596
86626 558551 692400 184919 948329 357450 575736 396740 346339 366037 156886 248966 328506 547261 167897 495656 248182 308088 380265 28736
65365 970587 111571 998099 460595 879406 536458 560870 228757 46662 318093 26859 640508 292201 200084 235340 264202 610915 48510 186754
951263 725111 652597 749024 569668 659049 572180 719020 640505 565811 995363 815047 668588 405860 909937 480645 886447 771561 909781 417194
442403 916444 202689 221797 584736 643972 867551 744550 961594 887012 531949 381485 862394 515084 986553 423420 862980 154470 471126 868669
224007 35408 957237 678439 112383 187105 518101 674113 664666 812449 887321 830715 419102 4445 157872 516936 920017 950813 982747 831492
866892 100653 821528 278365 800589 382515 567162 926791 283259 141234 167670 360718 370306 639342 642483 677657 91509 790277 310398 493005
54275 747306 238599 614257 363072 88532 127966 413066 10481 747620 582976 855929 931767 946904 10994 341982 377966 598085 818905 804364
467897 573534 758101 697591 600528 225638 428273 216384 89762 373869 385697 827085 338065 514514 124487 706171 506376 446557 562918 429473
348414 675460 888127 241177 509442 379072 363353 235750 496974 331144 177610 31997 462506 329027 518637 395665 779621 430039 964269 113501
185165 444524 108328 443734 611614 621578 929920 963658 451945 83049 352224 244436 30488 984794 798973 363821 505766 402323 485052 444180
594880 196821 235510 50330 436632 788628 619801 285446 427106 305367 847842 963595 719291 500924 571426 62369 399490 517473 525814 419169
801662 487935 798196 285335 867745 647979 158880 147191 472262 114786 378381 239192 283900 134924 909980 369206 236105 519106 206825 727725
869996 374234 797028 324797 706845 296882 917688 950617 529524 810332 677216 31502 36973 556099 517943 590468 862455 612405 817115 225172
792354 458936 535723 24312 297752 331347 1902 272759 273602 62339 612674 155792 709784 183772 160624 48334 608083 320572 831454 101863
750628 45875 471585 908666 565674 364353 20654 680929 20682 491112 7486 235909 594542 660697 158609 469186 23208 163748 65704 263747
698341 15798 81996 648870 353800 311950 372492 892375 511089 90309 350223 741098 846640 60635 171156 60251 206270 924643 937195 780021
260739 565783 691525 93015 873604 409274 304217 335666 75517 1830 196514 793793 523708 891632 564441 550815 146370 863394 834518 467511
699955 603380 349129 197848 697758 726692 925221 328560 217399 656339 200521 597261 202299 350098 615686 678608 522866 985699 94102 818931
465768 923620 705850 569323 629064 323285 11272 398433 917966 631711 355865 30165 781036 282712 752441 527899 939246 187342 182817 37616
686233 209186 248299 895510 662002 209017 803437 456602 432426 415569 414750 438289 746709 970579 868010 586278 447655 972122 475819 382530
624927 600587 306498 749575 991992 844129 406703 282987 628561 928439 872380 791734 856141 105990 567291 660911 923575 243220 770588 512433
183838 260839 747442 691019 725550 331772 392260 317846 539555 925538 769437 90806 31565 923351 718262 274053 197992 499271 34929 605925
322365 605252 55023 415794 775584 682865 418131 179321 73474 266783 659750 738910 813193 768651 554660 857454 183428 946558 79897 635088
287771 212053 717311 538777 462159 93918 330455 970224 957287 255537 427714 574113 994417 972407 331996 769061 577108 567137 451826 86933
617060 361550 543156 480698 522669 280652 502449 456354 247512 564063 574636 376754 456905 316358 380680 365082 293094 684724 14244 282430
456473 44796 914070 594539 668162 694908 274449 835473 152331 595758 780934 877641 49891 525975 240568 960969 647371 681577 1269 977072
355000 753865 792908 565207 185199 42888 742528 180246 572141 393003 48589 199067 49435 195698 813565 239137 706337 157337 141679 761970
65105 695870 825758 802791 969600 214303 533946 462668 833349 507920 852993 436122 737440 895020 437801 343776 44563 312463 325309 661630
270195 950325 330063 380301 14777 381326 380960 395062 687926 301632 211077 90998 428974 15022 323898 469486 223150 939632 694261 743669
397315 74277 470601 341365 466911 171439 661350 279084 185743 741800 48882 339919 573784 662958 49337 834236 847401 392350 495339 835481
6960 507880 132083 356925 862102 259776 137541 531349 795385 802725 451171 273852 473558 725257 131529 1946 376367 777644 555365 182668
124187 36338 314691 215479 360299 395872 473993 657890 190145 439002 460983 481998 290548 364764 234125 37827 162240 782535 631167 165062
852764 171802 290353 756574 226757 434115 409299 431755 37778 476888 249202 372239 630659 973496 862394 891610 316414 215268 785829 771745
963417 963961 133218 570112 523606 923723 34665 794501 618033 341420 127993 195075 892119 715332 957061 359657 796787 947418 688014 787706
162649 766311 633699 486961 35097 264328 86650 261837 610099 124267 259172 298765 333876 439852 676850 938667 557732 439845 300033 606502
838843 593181 982568 868716 448408 482889 3907 987004 812007 207103 405036 490207 138484 879889 806877 536878 295325 573630 444896 270648
470304 5084 981634 665390 882915 450171 311157 154863 920441 989122 704555 57209 12435 906182 789680 563546 420090 499082 843943 340579
385592 718715 48581 700615 165684 527523 379008 186735 399128 142607 718644 180036 890866 144654 912252 427999 963830 340534 869969 640898
359007 233638 172255 915961 215188 661403 652571 602515 6599 716197 890952 567799 76972 882681 855654 663978 749061 407215 613365 415794
325270 169798 93294 549704 58849 742476 76202 920621 176070 299545 889637 412416 664472 784186 110506 425621 671663 754498 551247 320397
895965 170282 268036 77943 76246 489313 512840 796547 269240 45301 886359 408206 8851 365624 611901 197118 528593 429516 240686 703562
839190 52245 725060 946747 831962 860642 34743 596229 835866 388954 912840 5037 882518 957883 848632 87481 674347 375898 13416 687962
49087 860360 700038 183299 25533 752894 725490 304751 928372 269445 295759 408074 427599 698765 453709 972900 618533 125889 850377 239858
302061 234321 391133 456052 842081 77856 992053 213762 612696 189064 192852 778693 118853 978446 152191 791701 3229 547178 512498 851061
976469 80299 652865 367359 498120 964324 676057 767098 573108 292516 173505 51611 592329 872346 32928 72617 938780 938700 844254 536083
531392 227653 917734 780747 28310 261107 43928 534334 210614 165623 350154 276460 338583 425742 885785 898167 401523 497111 936020 379886
136216 994481 260469 526321 757738 833248 351917 749104 146745 647803 202165 432063 151400 723588 252829 509164 572042 203917 588742 682193
799081 357798 114088 461039 348322 288717 314228 132722 894326 558247 276417 896228 616533 325467 562620 594099 307210 178345 247818 225103
927851 71023 653293 1937 605114 37857 475710 510191 673615 784861 509468 965156 783154 331393 472916 322409 424261 600177 884799 340865
768254 270492 317334 30584 382252 284188 153348 223368 285126 688115 328090 511814 127723 497147 573776 726966 993952 867914 765351 736426
569850 813065 347089 977783 667497 684448 279598 712411 704522 492614 441239 421276 335278 664995 635976 368984 987318 373227 704514 387371
217727 510526 578692 780347 581619 327388 635478 36477 328008 4581 244933 382248 16787 219122 82090 202386 85245 771533 870347 677837
855071 780501 715560 679863 441512 722747 825753 746438 192014 631283 144789 840554 380750 881366 86649 215020 293929 298886 609563 82911
671719 723754 559657 954064 831999 828487 325852 505101 900702 634793 591286 898631 54880 801460 858099 432191 152008 756373 254918 840283
706666 484863 489978 278680 664477 142221 459528 284200 539347 472724 82284 968033 445009 929011 317493 790879 289907 612056 580487 745471
972349 878673 417303 635170 159099 674439 294250 75844 151638 357366 718737 326263 324082 386804 372979 850449 313112 472667 791902 389458
714838 339351 767799 404613 633588 763053 87667 355392 891581 313360 229198 359543 887067 160223 587949 120652 298346 886079 27397 314944
922515 555648 845033 95048 602672 600008 300381 882078 89685 845954 916165 682134 586571 307014 476617 358318 17368 415485 956536 846732
865744 640518 385598 160017 872392 37785 750685 98716 821722 989187 901189 299989 596283 651747 612094 182270 151596 507703 52546 531396
119533 98268 462915 508774 101367 714163 153813 403077 563137 365417 455622 150267 306697 161062 557689 480086 432623 794052 652357 358511
930470 122832 860210 786946 817739 670666 305421 813114 944383 481183 502314 133666 436579 919545 244237 334073 336405 185778 298270 396380
49735 530449 530092 786835 675321 123733 472136 379142 778524 308156 907268 45128 341662 731234 832140 160669 415437 238354 799805 161812
388154 483695 768410 278748 728693 686477 534166 518192 309079 949127 158135 808442 277729 837549 829474 123125 803992 900159 743021 540519
562877 892173 583617 829935 905936 216702 63463 378600 944024 928991 433581 860725 310849 807492 28755 543907 649930 873416 288664 803329
328325 129755 753871 221264 684888 102693 968710 321300 112431 416802 82736 631660 39073 401511 880566 119582 781893 524973 615282 537530
941382 37531 936166 745533 359920 192273 988489 755649 704545 241212 466717 664182 916168 256529 794118 292844 470419 601575 692202 862029
746821 891902 66228 213194 189413 298251 874251 569270 901370 966198 507517 763871 561976 787127 342800 292546 492958 423223 222366 903556
652836 927949 670760 230267 370157 472161 438639 963562 50912 625803 721552 700745 439162 499895 429044 574421 476935 488805 323447 909575
824482 521463 542401 902701 85115 998007 273822 217690 52563 848946 526601 39389 618859 82664 915976 60448 517611 943386 983824 375711
988533 451278 180814 444160 870471 284293 88000 413350 63560 812746 898542 753134 699256 885161 55050 623555 850958 72920 900764 509544
83622 510988 924682 408870 181694 777964 556354 216530 714114 214879 859666 397235 932835 744585 625882 922930 965245 192102 284421 753475
134330 244317 768359 457272 31001 936840 151697 27198 399707 237583 534101 526596 436681 761138 793919 236362 228374 69632 202299 417492
72860 935192 760628 427851 292337 157017 803534 969619 966899 462823 590018 253379 480339 219146 733778 553166 838669 526107 794642 615044
188318 572109 46478 361085 915418 580129 594020 268621 354470 887450 452385 600021 423214 113976 480047 339937 953564 635299 703575 506726
414999 41710 288781 12457 249084 660238 88987 879133 307383 713712 798372 802464 967373 247699 793149 475159 445919 732616 646060 531954
270112 374413 362095 264911 407701 36062 301715 734246 481281 332092 356219 730200 52351 109052 233736 502840 76350 755126 242536 164457
508851 508348 854557 432441 164076 199918 533321 348436 127593 657369 609764 764822 115822 158763 286175 272187 24583 273699 343838 684322
777222 2424 983543 708867 778626 426633 862148 914375 128260 955589 217300 853165 248409 893166 497641 889155 831914 744708 362676 719559
352964 370629 988193 316292 982598 795693 419926 421930 334506 217789 176870 279262 574308 55382 845770 747344 132495 959319 942550 636210
768873 583268 405123 916127 821991 771568 641041 118809 689451 317544 18676 481708 792429 760999 46770 657955 804970 892979 713752 47161
696350 751617 226554 317518 740458 407116 53725 428316 102754 837860 343778 681987 745011 551262 583170 870323 968752 400414 503448 642018
465994 768128 506453 796929 463829 8043 504553 508450 724170 764832 970886 242762 815311 337956 8228 428050 780137 688969 476656 408799
327236 46297 653184 22695 998273 799047 192793 682110 685466 445048 387095 654816 365651 535968 397936 857273 437276 222006 669584 141841
205892 499234 714347 739891 693620 109205 771379 186469 604402 511658 462363 545660 182482 984868 120669 918392 438398 392500 677603 646180
395629 441686 85710 290710 222884 21841 203857 640331 793010 346696 738021 694535 211034 104600 180309 762196 129441 141903 727590 583671
147146 245132 523378 318200 352265 443515 556640 544512 590779 131462 183523 233415 632129 376418 262987 877824 819965 454204 577431 77005
913666 217437 605246 95707 956080 592370 497893 668421 589549 238142 987613 118446 569904 126113 680474 1910 849878 817499 768615 414915
515958 39810 261468 230884 57517 317541 850170 632661 229815 775707 346568 871403 743173 754750 29057 598023 440086 58962 966760 335051
850892 579149 420869 870731 438576 312784 360570 502130 199077 890610 731475 880579 691995 62090 405837 532267 568518 883293 405012 138395
211149 513899 783442 397527 153922 787582 627694 259120 150145 688683 466100 195008 523666 862189 56039 685695 330982 964636 13353 976152
898517 425109 878884 191189 801341 313508 402682 598004 250458 259375 492371 524156 954455 329440 45572 379988 415897 936417 653895 872368
862242 321781 141105 169610 819738 424025 683173 393502 121997 752327 333458 535823 47342 783337 515444 134488 578858 295438 922991 759756
661870 934383 943669 43888 123492 924257 362115 427180 61871 737994 95464 344875 149658 925434 960953 997054 423215 273497 279017 861938
637013 290194 980985 598952 447573 506320 885055 74417 738726 933811 294750 95361 714076 289288 495124 836009 622055 336054 992006 191726
374080 713057 651208 468820 223160 372474 693369 26657 694362 976448 617679 15675 513477 471338 795096 299204 180191 685419 174546 105745
237017 132901 876229 821189 877131 503556 952453 478257 932395 273665 200322 229789 313322 969667 506154 935901 840565 44153 297113 973202
504455 440972 579386 575189 589522 362305 110311 70825 470677 712111 770841 930433 568632 830029 146090 60253 294086 639994 589856 806985
231941 777523 890422 434113 389436 770325 556462 211483 10596 970116 848819 989386 204862 364842 613382 427430 1273 411888 77412 502501
360273 338895 226924 281276 758024 7920 774284 127632 260507 260851 904130 257411 983917 438326 929735 573996 411852 62515 828312 463460
131132 593217 421995 648738 157074 480537 281505 965591 769660 470250 790936 910065 579121 676638 719708 326205 210155 968425 306994 735370
311737 605058 624734 614398 976408 358342 815535 366353 622546 420667 19726 537858 395454 816955 555532 816476 750435 217155 625850 264598
327629 626000 983431 612880 297449 923728 571838 487255 967748 149621 272671 469513 224097 758348 983299 658890 248294 273646 831395 552631
762029 169788 750191 74740 286885 783954 403787 604739 863150 252766 678112 83657 814433 49208 328136 933869 237056 831366 515099 665422
241277 791907 31221 513895 46226 686532 786999 855770 986070 924646 141924 470547 457561 568292 219198 906300 911321 8296 51641 60581
296244 996518 178979 731097 710906 140742 108149 72855 102358 962254 535179 525969 686429 445103 942643 209224 273401 56328 338019 903901
485144 942342 215364 755312 304923 227625 345187 234399 351885 989449 334036 784666 49716 872201 975599 183069 705693 473309 447188 996740
523539 29537 365196 871246 999604 441550 451020 499548 471649 303956 69540 110719 472191 762382 247431 516036 361588 955475 488003 886090
741380 763324 724477 23597 191694 273496 664473 137829 404524 821639 885387 274883 233472 533065 405587 380371 663136 236016 900355 788251
970731 904377 987196 803784 507706 140851 818499 175108 593813 937891 938530 652381 73157 790016 716991 967634 564910 785544 399200 759565
596593 669383 635269 83256 569532 815731 385859 452238 674206 205182 557101 209129 208996 33346 815460 734805 493028 313358 498424 581071
474621 767540 546670 816474 993841 902759 571853 348703 90450 891232 786475 129507 159042 565987 338292 201778 236290 458597 473010 48911
671729 883802 350492 137074 400140 387303 45707 792061 306099 23755 91787 946058 896351 116354 867183 965773 263518 359178 14999 95387
843124 159522 514560 690620 729629 771823 314647 952259 172786 212123 806608 817996 808357 619109 490835 636050 150504 235720 411796 437783
339519 614555 934859 987125 173306 882121 975973 359548 667176 290890 752019 851823 988829 885950 166311 948303 850579 165527 323218 825391
790631 158649 496342 549872 248200 293445 742000 939389 188603 649333 328636 804457 733012 975372 937766 98151 429577 696779 162808 852056
782503 82284 151874 386039 564132 632715 279314 321036 498022 630144 213554 391744 442024 969830 38553 209583 659814 266981 682807 964835
292043 587699 86391 297999 508791 666146 158227 793836 481890 25615 323053 781347 156769 741330 200616 531085 217084 742985 369462 560599
462453 833471 442037 423827 549412 25161 740994 607212 202848 176771 655875 236394 132234 161061 933055 470631 155917 161862 570444 210764
720902 701015 122967 238908 996902 851268 898603 646725 188281 545533 847741 2893 543594 941862 823026 17666 687499 132602 173453 375237
898141 23518 410447 868869 150339 689657 981849 90263 502118 51404 640102 328480 669829 139466 72734 429087 104849 408589 503773 77537
817215 851965 785650 52905 357767 83458 416623 767667 939639 948479 804791 186367 340773 996047 214009 224736 475155 829877 81594 718797
766986 231072 384793 105919 937133 654407 411746 334370 144636 296063 592600 753378 341760 113503 885657 240406 213923 334560 374293 165332
893610 422744 85205 563936 380794 963024 944319 181529 344170 956598 431143 514066 548130 844452 376164 682430 484086 67580 237939 205926
904091 937226 790524 671985 718429 990331 236514 337073 328765 285020 277407 857137 421782 649114 932354 547254 11903 630227 580926 641947
824386 556285 794295 980008 922257 8712 205069 28709 234803 451628 523909 785274 724851 5989 461881 221206 814743 451666 346155 914345
437760 94060 907663 830122 161272 625587 406977 968973 459080 583709 864107 51752 600271 45102 970953 111908 435489 368537 330685 926949
584663 630981 602530 512354 50018 200811 22554 631927 158672 827711 501975 343059 2309 455414 172702 803348 674254 908981 556722 608113
407224 391209 868426 73535 453548 440089 584332 315821 765208 398913 667123 440935 485982 76322 598202 182600 980473 717025 411908 750385
448282 604669 368853 807836 208404 260407 852153 872414 159797 788142 312834 470277 187787 23350 546040 891901 191012 687755 990384 267798
411246 762580 18049 114416 525209 211770 561469 489900 815345 728964 83635 310526 169360 607254 945666 490397 577483 97765 404440 470898
262575 297791 52270 564544 932865 549144 707397 559018 922484 499749 554897 496091 919543 772145 296921 574782 521542 268007 275315 503537
104710 783569 683123 711485 272883 895490 6033 675449 441772 293380 203575 123012 118167 315146 723588 272545 489893 534675 232146 347988
266170 628162 794406 603498 128781 663931 370483 231564 710233 429920 36721 418061 755555 514419 288420 523569 761781 675830 258002 836612
811090 179948 751918 395902 340007 967483 752804 10219 953419 838215 24948 585743 838702 788686 50309 598649 991012 658383 979737 810303
627155 111271 608007 622779 653051 454179 735862 588432 774050 332113 13965 347210 180732 694040 143069 176872 91207 611187 568383 548628
73025 482324 840058 839907 624938 335113 809583 661969 380243 116799 643818 555978 968853 126221 576205 695142 609977 253512 100768 528779
25663 504821 643107 351108 451060 595050 898977 288339 286020 455793 745152 694630 913714 975830 331333 662353 322324 103654 544728 585882
656647 649480 979172 383406 298501 902849 236982 709019 713343 150214 319188 68369 155655 630506 540590 432621 15680 380531 849072 106614
293681 111700 641654 983617 694180 911851 524954 740421 641698 745791 596160 962475 444629 551887 798180 196953 449147 65864 907095 491978
192802 227328 670834 821832 183345 254892 149718 521850 285412 774939 258691 430325 171783 460603 907747 615205 19030 820955 489624 800183
405265 790213 816429 864630 601023 904446 836249 44828 469956 456218 560215 192752 906425 762212 964701 106827 965279 814820 269167 708822
247847 527722 819340 356824 169199 952335 596715 396907 148539 579468 826223 635252 268671 240197 383179 278982 841962 305090 385166 231697
566936 911112 612274 797782 79597 210250 107520 794569 475555 49193 774291 372668 889101 3989 286709 853293 447167 207719 7668 907445
418678 7564 171048 828993 581831 697669 497542 807605 659520 642881 411002 91086 993962 686142 812392 502318 828927 949105 316387 986679
498606 243605 468335 801037 770263 76764 109580 136078 136284 7755 569816 46725 641897 491773 10199 301831 845628 137793 198121 401925
15650 857908 890526 437185 923019 975543 442192 372997 104538 534342 462632 871402 334306 121468 683777 83426 125873 985420 185745 825769
720308 967278 975227 258082 19843 4434 687157 519814 449582 192915 211413 272884 332755 379436 441095 207296 709403 981260 671447 866832
885281 152335 708820 839031 875092 343079 345180 799880 376812 670463 160313 970366 154299 498961 8694 840167 2723 854581 66446 260149
886969 864243 594615 838631 73949 141773 877078 769139 386390 518833 140003 4421 783280 980816 308895 751852 597293 653056 863502 745334
32368 152032 442049 25613 332678 897498 324602 411657 7443 194402 511893 866973 61222 267619 598850 263380 908588 809598 914016 242454
110359 491736 187767 212730 907993 874352 319622 226496 11328 861799 271619 925237 396150 552472 741806 315446 374883 126679 243078 370553
505585 112151 169166 823253 192910 883375 145090 473770 577464 214579 454554 341086 962545 357855 82207 69358 27915 934413 204964 318215
557500 928080 401821 871182 223423 182860 769453 809160 518720 38963 821619 936712 19324 649846 136557 256412 434964 949440 525202 844535
734995 32277 844992 321494 239672 133943 333000 893782 991962 26305 530327 659963 702743 987967 576435 471608 569160 677626 266438 344933
959692 537484 525659 136879 415975 181944 127470 43172 638154 155881 924558 138673 488503 341772 618100 865849 403889 662955 324219 762646
76612 369082 30975 165173 626256 41243 400779 580397 746628 527360 233618 959369 497223 296860 240085 129865 402206 848760 851745 22632
111579 57277 392939 203425 688850 774932 916079 133877 192423 574443 521458 549337 592897 173248 12578 338647 518056 338326 946866 925347
600607 859204 715698 60630 721133 726139 828824 698016 30755 466078 990587 657637 986557 140029 37461 956624 755694 794600 104972 34877
640038 567182 104989 251429 384677 311177 737379 226961 585137 784694 627370 235343 911280 855545 411453 77834 372543 212891 812179 12927
531362 977472 884829 949526 590640 110432 502073 573499 747492 522090 45423 18895 970197 198876 291491 311139 889608 252322 737566 264658
729035 330920 169957 209572 393949 244076 139911 860298 577639 644442 745387 453628 865990 40332 683662 817625 987056 75151 131023 376976
991903 33841 151308 348160 804629 714167 270245 761982 889576 809740 402489 924280 535530 659291 210719 260173 433354 452527 907350 731537
536052 346813 469813 851690 475809 429020 805058 202366 486055 691419 443578 650475 663381 685910 105681 5052 450865 793927 341161 470159
119710 574370 575164 300504 909625 707961 343985 322229 779500 830641 764626 248396 264813 866115 140620 233648 949458 81408 928225 534526
485747 667299 45611 82506 923306 608407 885339 924854 759107 929949 800752 48784 936423 774040 807605 363124 633757 41400 372324 238972
801344 303484 889430 161059 983525 405024 547343 221671 133110 9904 823569 13663 820791 694174 146701 440911 589377 283564 648962 191165
728055 928367 536229 917087 838610 731970 174605 31580 801286 204151 381866 291810 848313 836534 41071 525811 542398 315463 179412 481675
18629 301067 259348 292997 40536 523881 919901 72828 749300 659835 791288 775172 605598 882578 289401 440193 705521 593558 838665 313579
768120 978238 241184 631952 1345 353733 345740 858671 362832 508261 10779 769565 295338 741902 635757 681792 817757 314253 900974 473529
423663 141071 35707 106171 365667 504469 57295 692129 789705 166211 857903 877597 154453 639299 194331 128388 122904 450720 215106 401740
643466 373830 165867 286002 921731 214788 513033 252376 500128 509637 70566 687683 959584 581123 412158 894005 855598 899488 690951 535005
155082 455925 802238 978245 877932 147086 642884 521258 569323 905228 901320 480281 109713 275885 460025 16081 140708 757269 275818 648540
890406 808499 943233 100944 258741 776554 924757 591527 954953 901025 430813 725534 634329 437329 853034 901097 362942 206717 929327 31529
908321 581942 262098 225174 57229 168411 506338 104757 839700 197138 595304 63328 202225 13401 1134 481352 971379 230573 902709 775476
897583 458540 47591 970682 744171 420927 429073 465718 606360 900757 66758 344654 8207 351502 139424 554248 849305 863504 779477 205345
625509 277984 107042 930850 888314 516623 116912 627225 685889 681205 25850 413256 395658 435808 601941 238307 885363 299304 7675 120794
893594 767899 9370 228936 54087 74887 511960 43721 761420 872859 777863 419706 675604 45676 478542 834735 116940 840413 516903 866401
833387 141595 318043 146256 947955 386339 553267 78921 255844 161942 799759 91708 420358 399863 662083 490360 91095 410423 508309 194448
718620 477319 170249 521189 734693 46669 641566 791862 609626 632764 473186 316636 399657 867461 894831 913674 706000 17451 886837 306769
547209 749966 556747 295995 552760 297080 648848 15149 470056 818364 806779 797408 372074 42510 962025 66799 787010 915453 417100 543715
687831 352375 980246 258956 630493 240912 589008 318551 683390 554783 566915 531153 332799 913487 696522 297405 665557 812084 582481 256388
888544 779334 246293 195325 32584 793696 336121 50858 551493 154013 311693 79083 372864 234334 779228 675246 73126 470455 859669 149063
915302 524649 510347 28218 464165 748600 52712 341352 568075 579479 321164 983033 97844 621451 33057 223068 703923 824116 170100 824556
39961 983528 548367 122147 429109 45618 817396 791228 698483 739733 440058 269279 422496 241156 600436 495178 720294 386999 795228 600198
444649 954689 317011 93530 78227 258629 52363 572470 135130 657858 687807 382845 937710 411551 503026 378506 475470 29637 928909 625032
284365 985426 843395 680537 938752 427850 657931 192805 693324 348176 562018 593919 3544 162534 750421 485123 378789 166696 392828 391324
617557 680406 775087 378403 285732 42080 988561 871850 175893 651308 482650 683324 355269 880928 654192 955463 778243 718163 641921 838299
749527 949823 97317 499637 424112 213843 27809 262272 396445 841513 408066 718682 69215 373046 720996 633410 64781 292339 119197 678688
509658 992158 741568 714440 14944 125709 233554 872860 238231 223277 129113 257807 69473 105843 894138 276839 941693 305712 534002 412854
782412 311793 161106 508275 408971 107746 347993 442843 371714 113996 578372 407426 475225 390896 291433 159801 146825 951380 375984 799365
748337 860898 391963 645199 180692 521807 274020 986873 161508 465644 175055 317793 428748 834485 175942 67831 568039 223306 787047 168096
57215 64430 920405 214884 285874 843269 332002 843076 732724 552768 756106 152546 571291 469240 981892 7336 723849 704477 409855 498820
489054 685573 949619 793014 57272 599759 985749 979811 785351 309119 776158 892600 63480 553370 478346 336307 481436 490433 821111 246644
870678 403707 602043 193206 723382 786131 205093 292768 811006 431605 864461 456350 120049 802395 659088 455508 905130 726216 33617 4943
871420 778703 120098 473830 608661 686492 21713 465689 45714 606502 138027 52529 454992 283728 324862 4305 570157 302797 491904 691576
251198 525138 285217 211222 490902 12736 737220 968868 405200 374110 386179 146482 656180 395740 41959 379182 588833 588222 31872 258822
963326 878032 638416 869531 528377 624034 43652 982410 961143 350498 291769 337435 322789 636463 60033 378980 255817 469049 754947 560821
174894 10873 557982 267414 927373 570902 954410 838269 450671 12584 648224 117700 232735 806096 130334 668437 575372 656281 553428 127232
635555 734328 741972 524257 556178 498709 137365 401882 541565 8582 446577 956156 334622 736419 419412 635748 393967 578911 619714 292639
692430 586676 692590 625048 532026 95658 770879 327108 14766 466464 551899 185060 305994 747806 50660 407620 597976 811753 178803 201422
471754 49799 816730 513129 632392 816404 57505 437136 947511 152583 773617 276775 555581 82969 392163 113008 194413 412127 301010 212471
382773 510014 531046 396384 587030 699077 255638 933789 83615 871734 842516 540645 212336 167612 988638 386472 458487 465534 663572 162425
834226 265829 462518 752641 682863 861009 171631 716217 818552 331388 558370 494818 744804 972112 888836 966261 620369 319274 764472 56735
541613 840828 654081 207797 961976 377668 774529 850987 225448 922032 42456 386743 534904 273320 34522 790033 561760 841226 430634 75423
108040 142876 646376 788522 330670 767193 361274 717592 292517 761284 36668 406557 95577 375118 785216 980879 393082 122251 847111 659404
90343 242070 53844 838416 272296 452157 801658 356379 245359 841394 63305 207183 711002 944211 442279 207655 111105 787341 218580 595015
795204 507753 261929 245700 164425 718953 756419 503200 125316 996607 41530 835718 283541 476072 681142 91504 692888 616833 267059 337415
173858 39038 884751 536436 114088 801963 565046 228364 263591 8556 729706 559401 866122 487642 822537 528171 338811 198297 730638 409285
791756 891500 930042 648109 280899 279066 727588 559798 377025 49112 469941 927960 945844 404320 27807 890353 756189 589304 998196 831143
738018 317743 103337 175213 921771 771858 348728 39598 913889 142826 521054 689856 154192 380712 330233 616254 579344 646529 322163 450394
356070 342968 593144 580759 485753 489818 249929 201842 860788 484657 460912 120786 143191 224889 390328 833052 809581 123910 928281 866219
220449 11823 215044 460630 455101 639676 657964 517347 662132 962325 724794 204241 468494 111412 968040 111925 665892 718539 182953 733819
406514 795916 502579 515594 860284 545768 529651 469726 269951 636332 305909 654970 815534 540949 130964 602589 790573 506833 615562 314779
633624 846312 109630 944535 437189 481092 128336 52663 225876 950622 505352 717411 786764 384800 762115 174765 226244 998513 547321 400067
101209 506165 915873 345049 656735 808450 714058 800086 569331 232696 195993 771198 605211 579186 169396 249694 715294 833129 804792 25541
220848 110294 299628 415363 985081 42744 636128 657878 269618 16958 239942 242184 195590 968378 479413 99684 821855 721533 537971 784269
291297 68244 774018 336739 312125 832781 799464 418030 826746 717304 733259 161003 717253 428072 316271 17303 537201 51146 225719 506908
106756 902746 833437 125092 383695 54197 476280 126368 612606 258966 856931 818811 279886 414875 133208 186868 292337 628476 72500 735807
892913 767773 165467 644292 180218 512057 925896 377553 203044 118059 64630 762490 800594 834769 852335 952267 926719 746861 989681 120449
754706 361086 578174 742040 468564 525314 628055 100491 880217 968334 554934 844375 38004 720839 88652 9256 709917 132040 115212 923865
277783 766286 322692 323196 76501 836904 286346 907607 297541 308421 63421 516027 863085 453293 57273 630414 396286 324318 732821 848868
765918 939208 499693 856405 518380 536916 532588 141355 911671 770404 643371 706317 562975 60235 445157 601668 902527 45216 225138 371802
72593 276127 258186 859158 697969 197621 383191 757393 46394 859888 492325 970138 646033 764471 563339 569291 736169 783601 424566 933214
342056 887996 392766 464378 822262 972022 984926 734015 419168 220833 288555 568476 173894 49160 481220 340323 493934 903068 179961 151981
347959 705423 969803 221134 516465 196834 308182 380706 400667 599997 995953 578874 426169 29178 582780 817225 433338 147836 118846 416345
772130 441874 498147 592759 752954 603499 270402 364155 999894 717754 298985 443474 112034 897327 970334 122023 328931 660553 517275 808586
906200 730603 492887 725261 333312 144550 186408 496481 851918 29045 82190 150266 546995 146735 406126 836475 140080 357322 675997 829278
235136 24297 47753 469530 41728 634540 796805 813005 290428 960358 472718 357272 58027 767318 51368 420244 795570 727333 745629 969745
488855 93091 349804 206150 278909 650738 505201 315447 501432 75935 907564 210030 991659 93451 489659 838457 816185 786356 285542 745607
930523 307193 123189 50489 537955 945891 19070 197419 684525 333999 920867 769416 122993 149443 681539 207809 80860 933425 951756 820897
460483 833366 233765 673001 301333 318378 598517 823670 75694 688608 767348 840500 479590 347669 764851 880819 822853 540423 921169 431885
626199 566977 405395 240570 4406 117597 806863 18889 933717 62684 699086 806220 429344 650187 202954 569060 880037 450517 510016 266260
392234 83736 20047 62296 392012 354339 39310 954057 566792 37337 522940 367749 410387 802235 779653 472029 824218 697544 735882 101744
969937 675293 438101 728186 658981 402307 564340 323050 887390 447261 227295 995769 651105 344849 934601 722677 700160 293468 58052 589075
788634 711845 686430 316229 980218 45583 570631 334727 879106 29602 655763 539793 956430 955185 973172 277091 391079 774153 73725 155104
598366 304416 914649 916673 512992 318573 304810 328635 706715 743023 857031 960949 217840 692327 818281 767595 427590 480876 759988 210711
329437 763128 754677 130008 673273 334624 475499 219906 239825 754275 950690 87300 639588 517974 23883 12877 807515 571435 577227 29859
651321 493089 870830 577868 317553 598237 275954 345658 434376 719502 654914 549121 243305 89841 171233 88137 366462 811230 886888 453911
987988 699903 301776 568120 310112 398549 752029 900461 278976 683964 838005 948959 371875 215248 34492 643329 101037 497508 541879 439430
299670 705489 493501 37537 341520 334663 218799 779773 133769 881633 165491 681738 93693 977454 887434 665514 539719 965838 68965 978690
92974 985312 419731 704076 36943 460643 900831 612874 490581 383390 983974 70424 782723 615030 802436 976249 223243 848676 886343 803898
792347 293044 619019 514339 626891 996266 47626 902501 773170 192980 691140 307460 893060 607195 484133 974012 134781 635342 835365 430731
256311 773671 497219 457833 848302 60125 300306 90779 710111 911855 550598 156383 884853 320071 671723 113734 311164 617888 342083 905915
96091 337032 448949 156552 670500 90168 531433 77874 49087 488389 483548 94138 414370 922976 33727 307256 465095 897055 94939 870688
689475 260136 124531 554662 764031 670386 195324 204453 447717 843665 676343 647850 157921 392914 195108 383739 265886 593627 638871 204571
820186 878844 705680 297458 87587 49698 848538 233763 558739 909802 968733 314484 362550 602580 618949 481858 953965 209569 982739 435201
633073 741028 962577 705321 957270 584652 871053 31395 900466 702124 465932 619476 822357 395745 859103 400401 695835 256614 985298 682169
69322 71933 928985 920318 745767 834187 372909 592784 705933 664051 341332 577153 13686 672982 612884 408721 420144 420099 600072 903166
222266 605187 1452 777035 631853 24329 255276 322984 18466 15609 117362 706278 172047 319372 195974 342998 152431 951840 515113 391430
130683 448117 127099 301275 511534 227771 441933 585620 299379 520004 506844 642536 261554 330622 515514 570278 913168 559574 393347 208468
119851 195308 216826 107084 768892 454474 357225 455899 711039 293129 764641 557350 403503 327026 590920 875043 32199 236288 266349 323048
109729 901889 165021 129333 584619 485968 836527 706242 598366 707662 755572 893064 280882 969625 588469 112054 411782 289036 450978 265454
33615 186259 554396 738361 464664 483061 580860 579829 77923 671655 287917 641666 245540 706996 392560 587111 386038 963740 323738 963107
783311 436668 162921 909863 424041 298547 715141 512521 444162 439575 959090 322419 667941 350554 290128 744519 495104 480035 344144 138549
220583 993698 378131 614415 780972 52065 576197 931149 736690 322425 82156 929410 735663 409762 338017 415818 987236 327574 380264 320009
888138 442832 898103 60526 616895 689638 670640 138998 482444 323205 519726 838755 574273 40222 338674 289887 790319 919418 972928 186118
65454 951336 163310 646691 954288 563764 651532 481962 645302 180170 990840 486809 914408 657461 692183 922917 271888 102541 557020 766918
516571 71067 481756 531890 425043 837031 744655 897111 820713 238415 283180 657028 688012 180992 136957 193796 950796 841801 166271 615866
50418 148696 666481 625607 477608 374883 220234 435983 634439 506553 550084 908984 517222 369516 656602 206500 743244 925234 329829 698652
548668 801583 733064 887926 669234 949572 556032 382788 117371 954232 894911 918799 445268 824711 828850 372511 528515 961095 196209 746240
246223 885598 367076 277114 961144 38167 118539 34135 946167 351769 741061 990018 171572 540356 721742 324759 556551 169919 13177 943699
197707 873056 150696 213928 313533 578647 104708 22269 535220 733664 36478 642152 922776 908842 2068 444531 820481 624027 9379 24663
673426 119044 446602 134224 602146 369589 530018 184886 863231 572793 213024 791388 463879 250696 191726 952942 517722 326940 579824 322839
944378 540243 624041 893812 429908 427356 851525 605294 504723 845467 575130 800118 215870 74784 779941 277116 916418 629484 857808 76718
842748 439271 807346 306850 433114 135595 619689 763685 754855 662045 586764 556117 979758 244086 263050 271081 353099 362787 356929 530382
832106 916014 287543 905727 874434 476577 244012 616773 400151 391509 453166 166853 55353 175544 400189 76040 293268 525750 620298 728644
205941 253467 946485 246657 273620 653048 858314 275134 309860 645932 758216 897561 331995 491172 935547 374703 515505 932146 231639 9622
919301 275123 911095 604513 818151 38077 261637 274083 352646 556169 435652 794790 35135 300329 577859 787198 571031 997462 968117 770495
797376 668684 414743 233634 755905 836133 758853 287224 324866 831020 941070 837200 735726 872632 351850 368694 201357 120875 3159 576656
382197 450522 14980 745298 136889 811369 861830 580809 141139 434526 971455 926335 347640 3943 876734 610688 10580 629113 484439 302352
936989 855900 691717 840593 459791 68814 892766 53480 328125 79162 388059 784210 242404 412736 683013 146255 737592 928824 670972 318458
237343 802814 608523 355512 754532 24524 124419 866539 131897 829928 41114 788509 588225 886525 912894 759289 574780 684499 427217 261748
362767 435546 845765 356849 606203 911542 16410 98484 471911 650674 804521 454751 373919 966022 799832 991971 677816 884112 477870 720697
69632 960275 914026 649195 165325 769335 610487 655052 221725 11189 171570 873230 182251 808713 314219 895413 839286 921228 508598 580017
616911 313486 28433 26334 766418 918929 559181 383979 675761 419611 354683 628474 762142 601944 102380 428528 384740 555071 586788 162680
533070 914447 460704 855929 288063 168388 541607 522256 503706 45980 625553 611776 250974 468312 382892 908680 632076 939105 369281 762764
98325 660047 323910 574526 38063 317317 757398 727868 262316 886819 844296 770859 118690 696650 40505 649979 688906 364319 109198 900562
163702 876837 133779 493581 932484 743292 827538 541081 705181 406251 833351 880834 933069 685265 996332 902242 47989 118866 43737 540658
435373 566199 281295 894149 853352 448091 807862 871200 364396 56415 410034 667921 300259 340518 446361 588170 668887 469918 910181 445868
719637 102234 309117 791460 532536 396149 876121 884797 117386 826254 649959 159761 749745 58543 399684 735462 559057 985983 72183 801855
411441 144983 528695 677660 109325 824186 834311 527559 545161 190987 498219 693107 641090 824319 750579 312884 753006 390192 824109 778353
857457 308344 888052 608546 853245 801561 818379 998301 441578 485607 465056 36480 134726 600631 118849 68803 590260 407205 293777 459092
786580 10160 185868 229994 321736 74131 653141 459043 56578 764217 554557 558568 654145 768612 598263 622245 29836 915686 708132 430146
883525 983516 285149 979066 245781 192611 813412 759577 233372 834672 864670 322491 941736 917850 207217 15017 705725 626242 7373 911570
837622 558344 763829 922145 29083 997475 179553 51382 870886 571942 226240 475381 621200 640987 937931 858706 397129 187448 285889 713937
26479 776955 194804 949457 767843 129366 832060 261671 8028 961432 330657 498295 472209 965754 469458 636920 374580 772907 741635 726214
707486 548311 930640 944281 935426 3240 197800 58184 544499 171753 10279 419491 676683 177427 294894 438917 703240 867422 503077 324212
358597 241524 357763 417668 244640 784872 43748 499592 380593 362153 578120 732857 560857 179614 418193 523243 782011 495883 697473 739556
796101 82898 948557 586024 564526 85201 788539 366853 953206 742442 821477 287500 517178 666870 302446 502503 243040 410977 553533 734451
389453 273646 162785 906141 255558 839084 742656 409472 423774 663051 266398 805475 574490 945760 799183 648324 331413 145896 7202 11930
188751 552787 655227 793424 469989 254775 5734 139981 696528 114555 436967 688447 157835 474211 563854 109502 878064 354294 181152 188968
753196 746772 504106 919660 831561 228459 54710 562135 346105 843529 262222 642432 300696 980815 747017 196575 332232 569215 1957 949493
99493 599262 981828 176992 784796 648370 609018 721009 76770 954375 187774 949323 218183 676431 68923 485587 955499 786651 191971 257723
572865 402175 126676 187004 494055 292469 989181 77047 162696 990716 728450 189441 941405 57964 941112 789276 295365 446080 414673 38779
27127 784139 674396 696819 367763 758992 9945 696098 481781 919272 134137 442557 149605 414587 341939 257828 270931 184510 416725 358805
553254 946691 507170 384013 816253 364570 347798 340580 271127 373064 597473 803008 706069 495983 627647 234188 674393 525097 392922 579956
671680 531630 600964 306388 232164 774351 159401 38459 167294 410879 729749 469130 20382 357635 415388 494034 714155 868331 828309 964130
135413 6881 83808 636195 800887 727621 816792 223079 802790 527625 11494 151587 532427 270358 737432 179386 199583 156920 850168 209457
609870 139575 235612 417265 73823 723238 312015 616172 950250 242737 905038 966329 541806 742803 752638 900464 531775 430805 543631 762114
993417 640312 62498 489511 989837 791580 467357 243648 983735 428679 842282 981482 627173 473539 356859 512345 420740 287983 923835 811629
87081 940716 25090 721860 470994 908453 296087 329275 694295 314417 682781 69047 257527 142171 139171 340402 317832 797365 611749 345555
269584 850852 357467 522430 943866 379170 57862 52830 804398 909769 72978 699545 130035 751027 872081 23963 283052 87696 51066 321769
868687 365859 819606 486063 211604 839043 877909 979700 75808 347576 492503 391132 749787 926875 910651 668340 475850 158179 63172 991791
713771 319137 211514 367674 937409 806622 836868 908602 958015 190194 561578 96788 837258 577498 426440 907510 158464 376715 983388 635907
75028 948231 171969 392465 692109 430252 757705 591784 302633 783017 757768 676219 870498 757427 3398 708522 360257 682987 201304 112973
744454 358195 377967 926218 537576 107429 482063 388742 393741 543804 3801 294624 407711 175642 587087 38079 898832 833288 213487 563798
867241 799365 639969 862321 80139 333223 799589 488535 339530 462768 474044 221028 278202 377375 963839 471792 308286 738921 133505 343070
868800 959179 969127 464078 12871 688294 601255 874924 187637 744911 958235 819337 118560 623596 888327 155717 607695 433971 805726 399819
40313 769580 436095 208386 392393 693168 134505 915308 352820 599306 906725 581903 821798 769421 947975 710698 93803 869169 919879 727429
837550 635764 8356 12771 70292 630003 335082 405540 736496 346583 159344 950067 422266 336847 538941 820776 405402 53463 217182 183998
916883 480235 760206 880762 31255 129293 613953 584081 648381 868830 550042 64601 582522 132567 454395 586873 384708 349657 178832 725912
628794 865866 745144 725591 808000 963664 114943 864412 493910 288493 870419 323067 248658 534420 28211 291909 284288 530339 169816 349860
130400 695808 519971 558543 203269 414089 977257 576801 477102 591204 946545 765717 353569 113337 263223 634100 757763 971459 762958 817829
556226 867951 35516 610479 187408 169097 569619 79128 658044 780320 860756 449476 332359 66801 296888 608379 454273 872425 761445 26349
805285 207440 168026 677300 626829 693334 702340 804346 124461 254555 450648 697417 194474 481941 705303 160063 390317 238180 662506 312493
564025 892208 415697 396697 574484 974145 767389 477438 899285 333203 61292 440726 996658 984084 886718 133337 305674 53198 222213 563691
366034 294398 952199 621765 408190 233884 760931 360409 438284 376446 287956 136646 584261 700790 754145 469654 199478 783322 694986 590794
659556 485318 395790 443405 75728 515810 920610 464862 840282 397507 436154 583895 669783 446746 594578 833763 699029 530295 145476 894239
886200 486447 983647 38385 214717 299497 789498 443261 204421 722283 395205 655798 194861 558381 478710 60226 309603 767795 305910 371015
267313 610470 626624 84437 859263 732413 669546 34731 355169 564118 807959 492191 370358 44414 409015 605151 864812 742588 730855 735220
596142 557796 793441 468221 298689 270614 797092 86583 64092 433450 777099 288284 246035 618956 721625 685708 844055 71205 884916 424531
813699 117371 197043 496542 682758 364811 93284 173890 98312 732946 623811 150016 741905 696826 243899 423091 369354 68706 38354 84786
154338 30011 844992 237449 989722 326394 142454 43101 947758 968479 62776 431894 337176 65245 433217 314802 146275 608387 173890 236175
801067 115035 353197 945457 204082 731665 360038 169322 447258 46890 48447 240760 354262 170197 171806 154252 819107 334190 422592 323801
796800 354434 772338 649770 515814 399196 450666 615024 566914 964805 992045 6598 726071 474106 792147 290616 262899 104033 729202 758897
511859 488554 472998 633513 502630 748930 882286 629364 607451 36676 734992 327045 109327 702550 604635 834440 848546 37508 83828 654536
248127 738570 903084 853409 795606 694649 514054 55912 48571 412458 41251 230936 480322 174621 711326 302164 753179 595274 726114 974098
510070 551431 519720 700217 215329 405487 712113 416637 772831 613439 316916 230628 433151 657346 544153 59628 316193 558691 868477 852346
730872 245546 813534 728389 75609 447879 213200 844152 784847 719895 598284 946444 627945 959909 362479 687672 82493 868930 744589 253796
485559 275962 70342 598591 773392 36531 745949 212890 150512 957341 101593 475190 316548 275271 486897 824798 459926 134386 524910 846399
600203 573799 558464 609940 200628 572271 849953 491095 406869 733832 968409 103832 235068 135704 564534 374281 264381 971296 319439 239413
466984 434049 695241 972702 392135 670439 160310 139173 942552 887885 887749 559599 127009 80708 965242 282335 907266 454985 360546 786110
350587 307700 114373 697151 276940 540712 136176 856671 343214 189710 61104 232161 810797 705609 564672 832592 739513 955993 185467 529998
556961 195126 712447 558438 862251 312700 998205 485267 395773 778733 617846 740377 462384 789804 299574 144862 663189 830497 982296 352407
557500 168957 653462 847371 927941 178465 4693 462554 174495 534022 815358 292062 601921 134413 29730 534803 841558 410349 865563 96946
265018 978632 669781 49663 924584 359013 166165 270196 72582 44753 171806 769220 587720 610214 186967 587591 991356 23362 592560 738998
912669 444695 122859 974807 153521 524716 319306 643063 522883 65589 735268 674886 872381 444882 354828 658174 124572 520661 842254 960298
878009 14212 539151 365071 954906 780270 585514 641614 210879 731824 992477 997658 357910 123308 587628 334630 362743 305423 796496 697454
213888 744726 89910 719257 692600 400241 923078 410445 725668 997831 662279 775982 236520 736339 562721 576919 979407 703467 134403 167044
22699 620565 526442 416147 985120 626079 329813 104180 475611 654099 111287 961038 47140 834234 629688 69309 767385 240753 170609 369654
794768 68278 714229 697435 692199 917992 494638 683836 626487 454319 617188 519878 984433 6939 579989 66361 248742 287815 569149 895844
46071 790203 607415 254964 784255 983939 845865 261816 880151 52961 915532 769952 698672 660183 921777 590733 746171 854471 575637 863729
349522 219047 620770 203907 614583 460303 937320 731034 165914 289464 867202 287965 255373 463891 80758 863088 920620 573834 152682 371965
498669 416420 920762 933760 515214 977086 954828 760295 49833 479120 201672 257170 320880 78348 308314 793278 150109 128081 51185 975320
359750 267372 66260 554172 999316 214275 504767 761923 15028 483278 958283 538233 86332 804669 615152 854886 230228 387198 238398 720087
931369 195739 196385 814228 618630 322235 958553 656524 599314 901390 14822 726114 839821 237661 259542 542920 207514 805070 953686 736621
10935 29329 594238 874813 365758 814484 334052 677548 793721 601875 975608 335876 483881 832654 324858 700771 911959 10483 59398 554024
940037 994904 737978 523610 475914 94059 362594 850076 533121 923608 709120 66637 595297 506530 546675 414602 59564 310730 210801 937839
179563 12710 10680 718926 247374 793305 662262 186759 164499 821817 171492 526868 488155 199834 690880 47982 148780 420148 842848 822872
861452 232116 587493 642661 942665 109173 691547 800009 15549 615369 788390 249266 141943 792647 982824 863916 578143 22757 679722 787776
230587 177440 607641 497458 92115 678611 320783 580845 817038 357992 506131 601728 764830 577344 245217 9724 554195 117457 33803 151249
6132 129096 761357 45373 504862 337659 644840 167535 294382 521435 627863 961121 859053 665499 972473 442341 643204 13290 959290 626249
177635 97970 120952 8388 728256 342609 852630 572674 348624 281611 664919 176703 520229 330224 771062 687693 203102 789400 926605 215321
346930 356433 485259 72976 185785 629173 538290 100077 668293 414647 768268 379889 123845 896845 486299 267735 196598 671867 288493 593286
24639 474836 665304 69852 827665 473944 189173 833522 654459 644203 824467 302561 970319 731486 335229 668842 299758 532022 105536 105257
122307 280013 782035 219810 10952 391913 265180 354615 363451 902691 517483 944583 662802 429100 995318 500040 211722 232616 520273 237095
362642 729297 869836 615122 7561 74022 331416 975976 386033 530914 433145 812171 878144 245134 208275 785896 352764 239108 262869 301093
627844 630086 538577 215783 430469 803781 786396 321117 95791 745411 334267 89239 840002 123481 977717 424552 156643 241545 542724 581552
530444 428396 357895 430089 472817 323846 391718 770524 496937 80276 365613 354110 728382 774875 42918 199257 873553 949708 517645 291093
679162 880455 39908 718391 776873 311927 357134 338107 824315 725596 375863 204436 228619 463025 787565 131919 261011 443132 471201 122666
39716 350688 969679 27283 314521 215345 637213 177778 885626 941851 876489 730188 637664 220981 96742 340559 301853 456593 543793 32961
998088 573096 875768 915681 698581 610143 228514 982367 282605 522692 274825 906243 164617 427072 681703 166520 508427 924578 133166 939783
801236 183129 548332 344375 880844 679667 116074 832167 639444 444842 210650 623534 636032 272406 536792 60704 723516 944837 740330 756460
960512 73998 74312 334495 728237 792048 371592 667811 966291 596433 465996 528856 24671 352754 306321 395522 174615 316815 838594 429421
152761 952237 505166 700581 154121 647745 327107 372125 369435 820816 764183 216545 390722 72560 367180 856349 368089 981398 279165 828273
481618 496913 816890 676918 721798 983060 345829 869874 591093 106748 598631 617983 961819 265938 706715 735460 203164 213825 717333 736399
134035 382643 721116 229375 366380 578632 499385 218878 164427 495321 746628 280741 94114 274688 818515 597829 418525 1811 924073 912205
419581 511665 363476 872172 685021 948725 700215 156673 736366 650333 907007 22802 30513 575542 930003 100166 71377 405197 174539 465919
140244 698275 592921 644054 26679 569810 344301 173153 252046 123958 445243 718354 295188 254161 899652 667621 577886 706850 117378 660248
112369 584725 652540 67215 592379 865316 53546 986427 925845 952573 690948 483537 722998 551703 187214 410206 403356 421714 216366 255595
9532 124110 469521 821235 133479 472264 759608 278523 235103 551618 493403 625609 657594 805582 922645 611205 555078 624722 265636 639400
767155 13236 120494 14367 941007 470356 232696 380147 952925 447712 911700 995508 794379 578463 711521 734954 241759 514508 638269 215526
554538 328528 15668 457425 581996 684032 843474 721185 315971 342469 705291 929124 39201 700024 101953 50008 370657 86118 423508 258716
11288 758136 510639 836731 617088 493453 107586 241625 538904 568591 756492 892929 54789 206989 689680 157101 795241 578730 30834 920469
235008 383292 874331 56313 427243 871043 996408 114911 959185 576111 476715 292536 320971 683686 749553 43919 798470 669405 204585 84298
145762 506498 858646 517929 109235 40972 269599 661022 630984 850871 257001 943741 304110 764028 879665 810030 817091 745610 970258 862359
544162 359213 413318 892070 967793 772132 506881 9861 501725 3244 359785 277626 281963 127160 427608 953570 2767 977590 684603 558595
237450 151756 890025 59792 974041 971962 377291 77828 294320 728635 945847 866401 47521 556681 157974 461446 637212 73825 536306 114159
646295 51167 16508 716212 983853 19506 462275 29941 770111 827178 966832 699730 119345 282088 87662 541191 810686 435658 368035 273060
18521 946748 836120 987561 267659 587298 952453 744901 792759 54860 736377 182913 122683 815396 943245 289788 670842 16510 93048 270741
587153 75644 132945 106912 596062 848136 620123 804931 965869 817164 430384 299141 735387 629188 767988 926692 954483 404145 323369 544780
304403 549692 270168 272605 892802 709892 330131 77528 762498 906984 459887 364329 971302 548079 847489 309040 303538 106080 187301 129575
665453 601404 531720 121366 664424 798611 563463 465396 191590 862519 432840 271807 511557 638599 113923 625694 349910 625902 92739 348025
325588 669265 39570 937142 698585 57490 432204 742967 341356 858640 951303 956242 595472 813390 923501 927555 168067 4912 405324 135616
932752 768969 17667 919433 895347 337658 637386 475867 146262 502475 466113 853468 140762 868724 370724 455312 963028 365053 828522 112735
396276 763818 112174 754968 949072 970785 806806 615778 392434 37900 481458 867689 190815 932816 901241 65762 716511 109427 104534 274597
758966 352658 399743 891040 717266 362092 606136 853046 541558 710256 149128 579338 411764 960823 926445 617720 408161 318789 711525 258998
398297 238516 100511 815072 980123 190994 69465 380442 635714 815404 337125 622737 484152 717210 8188 927715 636961 291673 893426 895035
402138 409071 440375 138352 687378 146416 819977 679669 528154 390593 965880 896729 835148 168983 386658 460664 144576 226161 440998 360985
941232 148331 395998 47481 742089 346011 691639 335774 943386 732851 78667 701876 773813 120513 671003 110424 511066 484689 759085 932915
354271 241149 593810 611563 821820 743681 945139 844723 607224 497878 825331 882347 921788 812989 12739 202585 605299 786850 70962 122522
45968 983447 863184 662 990568 522678 957797 500319 163457 245796 402795 857109 310998 159035 555042 709501 380010 69006 51590 914719
690210 399356 776602 215988 682862 2268 566579 587485 407330 816665 555805 650103 616984 280578 824768 263232 27228 863782 836671 174622
438893 60542 245270 70305 733630 11528 864480 215256 889034 856939 981983 703659 748647 318210 818294 338840 635631 73829 958831 489366
559155 859394 705158 773664 640523 272470 117138 162285 525879 83141 520914 666051 859411 83626 274504 437294 395140 142806 964122 677877
433586 944564 296004 381614 696084 502630 120726 786466 219813 661672 125798 291379 758896 897557 621798 905030 709235 438227 902146 537425
447059 28608 587390 735117 793519 630283 897360 252592 703404 911499 970257 675929 590430 914947 255510 989367 851964 376280 70843 177294
539514 326987 269252 416498 492275 470435 125998 259406 208545 985248 394146 621001 492290 293459 488602 854580 986918 603366 817900 908425
928630 778255 716918 933067 401423 525187 444009 670469 729529 672593 974624 210280 643230 827443 54055 754067 541481 983776 735505 176735
555366 373535 287346 799769 15671 116051 650044 149563 678940 333086 329358 939275 310991 992156 595099 735135 612751 716954 7409 84798
322934 785024 121760 157179 148927 210996 989716 61495 366285 498104 666173 753109 792992 109271 227084 777532 476187 40680 986230 383672
260456 399864 5353 321636 793488 27645 136469 349151 709225 228886 457168 673166 98456 414004 138686 538996 40070 968310 44602 110738
883341 207715 510952 81113 541389 875774 878883 945914 578269 731025 731878 945390 36150 543113 300262 985177 902482 557788 410128 824984
287228 733431 733475 320077 9231 392458 394866 499211 320981 254348 595123 785147 463871 65919 554995 668966 363240 330044 493487 272271
103671 199862 485639 391072 514405 721733 18776 597902 255273 599526 934983 408867 794974 771330 892332 27478 882500 567139 63233 260601
141605 182342 770004 26017 438892 726865 561382 599430 994836 95560 364135 147115 577777 638568 880639 655961 831306 189221 663859 997268
77638 73581 958545 145737 801401 723545 111351 375273 668776 266303 321126 502067 162226 86796 975454 809797 820909 63861 623623 66462
311386 651032 768436 627677 828042 903594 250143 926572 10799 357276 646193 170302 844806 561734 770929 736733 509208 614307 158633 170458
340702 558431 196393 486198 488078 173086 11613 778764 348188 537464 363469 994317 224245 327319 775792 225911 988019 107360 551176 577450
560036 561929 550480 379534 764318 713614 862273 541892 16932 993812 520975 269193 914989 23252 862263 55360 452716 533810 183098 768237
223232 698593 541729 287225 650630 608536 516903 691334 365381 304359 464814 599445 576943 632921 905346 150398 486792 234508 288377 289140
79209 37844 507559 127492 898165 503126 518663 623157 200585 879865 406076 181291 245678 707963 370768 853370 647632 418678 842875 154770
585272 33593 986753 892056 892310 689612 290261 799450 101045 857979 200638 201002 799114 281690 232902 328608 209330 725391 592116 123830
63714 622939 252449 307476 701584 317054 630269 367666 664778 295294 561086 837833 692262 518041 705923 163605 987456 904396 716655 853785
761300 800416 630214 104858 276896 684083 470137 162460 113721 389631 351926 527020 608451 912310 550994 475 409418 599002 853523 747552
991707 900614 274400 248374 156409 354756 732995 202628 564113 260854 495956 168585 274146 742095 668012 953010 938080 234552 306543 187995
964748 988617 38850 388137 52154 224140 586940 621928 423848 495802 735448 714856 713788 284176 52132 821983 541308 312356 239914 948873
112291 528850 586483 605079 448729 125402 342306 856283 234391 940575 957891 816294 175479 167794 787192 471886 209647 442473 975340 629896
860699 174789 113134 261584 355027 657505 162333 742425 567222 751741 633824 754852 947645 81774 437167 295783 21073 679189 602355 494409
723420 190735 803825 823988 16408 113912 188954 335042 226335 315771 297594 918811 486897 833132 957177 252473 75234 36228 700460 212269
162713 535270 886993 827783 826364 999473 310985 943638 220937 963064 643367 156253 634861 576397 359802 245143 80809 627917 437487 368193
725630 890595 413853 738942 123696 601982 191883 34372 583320 643197 637221 569908 347205 206762 182531 144205 157515 30101 241358 176704
259179 379520 147497 435647 526199 127278 946020 450568 824340 571846 472244 573534 34743 574864 114831 733566 735153 577449 462675 358803
851531 17622 159169 175513 387576 363287 541662 143897 157546 387541 255332 761820 84406 489386 609683 284800 896237 776369 81577 972007
546602 611940 350666 289696 87346 977982 593124 801618 22526 101603 72424 420808 123659 716775 85853 865821 273070 182646 208512 757652
16537 653628 834788 838080 912947 931711 216222 361405 830685 707908 189474 427288 141972 641743 171099 55527 387020 666046 348753 341632
21191 237246 322932 258200 573067 507081 854669 77389 520815 54467 643456 117882 36404 283811 684195 789397 14058 427515 887006 530056
714426 925762 183872 490153 413821 609151 182970 190850 93146 943257 798372 437685 235456 689728 313530 397458 64831 611081 301457 587205
56795 245802 852792 941660 173864 301506 937963 725841 326808 474578 859904 219070 540573 952875 660368 136399 271095 479915 740408 487268
801406 306120 782056 427367 696037 755354 81466 879376 318410 80800 760254 181113 107320 532788 967575 453442 602263 438586 166688 610300
547336 967891 148241 641868 412667 968728 710621 625751 608691 882379 176770 90619 562946 636183 742720 111498 83965 194350 652557 343453
471539 177336 708509 739254 864234 294143 823547 511214 589212 555449 790574 553132 457938 753525 466562 894401 484832 561040 717961 114335
841276 379747 620539 929555 714229 828638 647531 304070 381528 500670 780557 302938 960460 229178 467629 190980 292831 173677 944486 511337
429239 533715 795096 673422 311346 78240 689829 532146 390245 640870 80347 182893 136501 634771 58729 943636 15924 244953 345545 112344
70172 127481 383074 434987 320064 205499 589297 306183 861193 538820 847676 430680 341583 255343 155719 534687 334811 301777 924855 815007
449055 860898 263392 865037 541598 905638 288845 795191 83629 811135 515224 197948 603996 907045 420813 434910 289088 764364 646499 181816
314478 387232 925843 181999 614058 458557 833607 587259 355989 801716 488512 689236 232932 325465 163458 31516 614761 293741 3272 510818
521680 480787 218509 95109 133883 602084 299822 396473 64345 694584 111914 752052 102507 405672 640620 466454 96583 36508 137053 839799
81457 27324 789599 664555 397469 540098 675058 447206 782508 972586 134804 359088 232223 112085 298015 773577 771574 273735 224629 63562
50350 519664 359841 810526 490748 500834 131556 983594 744611 127439 853748 789562 690276 194840 802357 160840 47278 954899 829967 397517
507188 233935 513155 368119 399281 61828 303890 483848 454262 192523 365115 757316 56818 673606 523546 245151 941390 522875 872728 257454
546436 760587 377640 268968 389888 547395 302600 616042 542331 101381 235204 531020 50532 556629 721109 267797 952373 958777 305797 2554
335708 335232 898156 810629 306252 508439 34706 327408 627094 180510 482907 591172 823157 936007 139498 135767 219921 93631 981522 522462
487505 759457 196309 188528 828569 943639 922787 704780 727395 788836 442276 382790 422307 532857 267798 842851 66123 391158 582485 959595
349740 295502 452630 412645 368679 336350 115758 684516 847922 183167 656986 414206 130526 362831 739375 950121 869526 340195 631366 105491
816784 466580 362013 685455 3257 208412 673224 473994 893282 327367 583012 317930 14706 239637 58929 403317 143494 429845 264053 997371
949293 350985 171735 579653 161920 510611 334357 912705 449034 846105 692123 848838 303801 23229 333766 494517 652620 172821 879224 666451
746986 324601 112633 856037 432453 469837 256108 880708 827476 206608 220268 225674 835958 934350 797429 530797 815917 242368 294935 244001
285303 328717 340357 414663 876048 880233 489405 166040 577234 379725 950457 328564 491290 893336 916607 621229 599390 259455 266256 917885
177468 775374 36180 521385 265484 482214 465798 499624 835302 542097 693581 218468 843425 669336 391330 495036 696838 624185 233927 229269
900282 325225 559762 561371 63624 423343 871408 402392 65826 599526 623922 831023 327803 44962 172799 912982 95455 626920 415454 435001
696405 736428 924492 402228 703095 808651 83103 950581 849644 179252 308090 759096 887005 884141 923813 959498 138945 708260 996449 758797
975159 346305 887971 854980 4911 100979 432318 139069 205453 168140 122893 597282 586293 309477 686715 88516 493962 514788 810282 115422
448093 254656 269599 280278 860075 676785 292775 864291 2767 810900 64255 904194 327224 856463 263525 527950 187370 475931 616316 359126
3475 629459 994196 882449 640298 958896 32686 608681 572885 729408 111741 67237 68034 421282 521784 843716 14952 349977 39710 33615
855325 120466 631585 996562 388785 884955 3618 778870 969893 11619 776082 293384 512478 427974 160295 446894 741661 167732 343290 150470
41620 751890 485311 142720 263689 328619 64900 592107 272356 620100 957308 974931 211877 474843 263923 425537 50567 471535 319997 290145
698895 276961 585408 275735 983320 903932 51042 572533 701856 309892 390613 962785 318665 793078 359318 595677 444901 661597 751556 117407
593651 699057 629844 630055 221148 187773 242588 149515 190306 769069 215883 174404 907610 283990 832948 673055 420361 757983 145431 138807
721898 743238 686967 158074 624440 369320 153266 901809 412300 344883 231226 176888 955100 714520 401290 959766 288527 89595 101124 248739
38406 928348 115979 376805 870831 380633 169473 568825 188701 460771 473248 379529 507893 523987 700369 243004 308008 377007 175936 616826
728392 318260 854900 585855 444661 387904 493582 678601 386078 133426 290845 805284 195337 962207 87555 887839 536877 588861 507733 284449
700357 847553 853506 569470 561680 827396 40660 850894 737841 738554 726235 996450 602484 247062 980629 732799 576 394603 876817 980762
29853 768106 55669 406730 831351 352819 818666 712647 611168 566783 333343 233986 666380 639683 597473 911889 239260 288978 646989 680090
385247 913401 225895 248077 311490 481034 878955 65424 39799 140647 665000 150588 458098 303844 673505 734809 998647 160945 906063 648564
502351 482323 186532 348525 593601 380843 541052 362991 52018 740688 570666 17816 93449 470416 722726 624323 548719 566918 767148 770841
172622 796554 601056 55629 460563 606541 601814 924687 401811 626862 997338 250860 107109 704814 142565 195799 316429 514240 71113 365431
290881 921697 484388 480209 329105 737006 81530 197502 863016 551376 284286 453319 273501 168492 509386 172409 560696 464158 650750 242471
847352 133699 172317 619768 374547 675457 801261 790797 82457 32655 877871 847610 941242 929808 380207 245074 597999 948347 300033 16561
857716 460929 23408 698952 578184 86893 417201 793251 92261 820096 26700 384115 759122 888077 800096 842193 248645 80740 95546 168582
217056 1976 806739 943012 732743 695067 280802 480879 547813 327441 556492 924636 864779 452294 520831 370500 859838 69832 769436 36224
579956 646231 676272 751877 776201 717668 606665 559572 718532 607190 499276 357653 685443 539353 730145 699371 874587 225286 508424 854906
109439 743327 54594 396932 56316 545337 197562 434760 516219 580315 894380 682754 873763 595225 51359 944829 494009 761920 646008 222941
151837 539691 501163 573729 405028 44950 377163 844945 18578 877737 348066 690884 291320 515627 99319 658043 205249 433498 108188 322472
230727 843770 467317 493019 927729 121458 982150 963287 403628 891008 387901 758442 719611 474914 119321 394964 319498 761011 773080 546678
272472 365240 34147 934335 188046 507689 166032 963092 390608 205784 445708 2663 77663 159218 860701 115310 814039 275594 962488 709328
181360 60449 180529 572178 772511 34893 905926 171551 95497 657169 250112 404732 600028 685443 740996 89270 449978 914369 623339 920810
284501 31729 113977 522506 247811 938033 799415 726208 291622 574748 96148 839930 858386 610003 623419 581289 79975 235497 6056 130645
532371 580845 612098 481845 659549 904203 210943 527014 656947 624694 612592 387624 446393 401448 886471 998462 656490 218124 22312 332231
905741 243713 441249 93381 931519 672470 865268 388565 414277 459675 305211 905678 497392 579012 786661 297420 326328 155573 467170 444142
618159 923655 54922 424026 626586 681979 838815 719675 412416 268205 180645 13054 477664 248806 284218 900744 575809 453183 967644 765955
691225 548734 584294 96685 756354 548332 713148 836212 250449 843879 437528 392091 201396 574740 629492 913324 604298 508594 53390 761138
442624 752792 785268 637030 178363 887363 503873 117478 586528 715592 317070 611035 462359 973583 727190 494942 558740 408982 78149 343796
7295 838476 611762 689144 514854 57432 109613 466740 842164 622668 774440 821392 372806 811622 558963 150545 21781 74617 878231 817796
771790 31353 937521 779911 688829 238280 774034 602961 880619 123228 891806 379501 1475 182367 503626 723401 891506 690527 962279 468850
999251 579975 385291 557545 878497 89024 745439 697880 374414 252927 305393 110254 754293 541060 983979 204533 373055 613754 517549 446175
96366 134056 553751 694587 308158 857314 43389 322838 769167 237762 634099 812052 536998 862621 921601 61978 521678 957060 665886 897057
117089 294097 392627 524851 314222 248007 835014 136778 36174 724993 814082 205449 551739 351513 660160 782370 650520 920615 652099 478897
446804 512968 932626 192200 437800 523088 974954 258981 72541 532970 904865 292948 451874 657813 372935 370822 455453 893199 884315 843979
989860 526062 585387 247803 548996 735035 17665 361823 910063 302602 930769 563548 711522 839375 672292 82781 279148 492025 177352 617649
769295 176394 162686 602589 109504 141688 172351 965493 877080 56011 874387 727212 935467 195208 641009 409124 23052 900051 298042 998010
28601 102250 95332 377346 771036 727633 937128 100808 841119 224171 281297 668322 7309 260402 565488 798978 459717 764902 951272 91640
448315 356997 73224 878443 960979 737929 422481 786538 555799 125593 155880 467114 974648 59863 690800 196242 237135 48220 487670 946637
257717 510862 118055 388784 810088 319529 563164 741278 767251 537194 94038 927179 969762 800393 699580 832055 888163 940739 485800 573000
259856 486723 639394 542870 463250 641035 78756 375911 715171 146458 508480 307203 265398 473463 64513 259230 311395 495320 349527 876251
625121 847146 546843 242912 959007 294128 754583 357005 78974 772344 934933 417751 77045 28939 32589 375534 386866 637829 91256 207200
144185 906567 306133 825828 40919 773854 19719 296983 981769 679442 236130 131318 86083 534445 343386 903578 613642 189918 581723 362742
842403 630195 388145 685678 641548 371029 756144 569942 3379 554842 649605 686980 448343 675056 878502 395387 416500 743873 167763 686801
38369 781863 352233 990176 102437 982092 576389 993073 573523 469613 691509 828925 976038 810126 54352 336556 842229 259967 583807 421557
368245 317842 260941 947924 189480 963754 747892 500818 649268 590661 442438 481894 470489 598849 761445 842726 559109 246068 400519 682239
652996 667340 232108 85589 429929 693953 866511 203104 842915 617918 403815 914186 756224 919779 699051 836587 586378 989649 996671 7127
817407 510933 240256 533296 444774 271476 328162 691919 248433 981695 829610 606125 395559 549322 703136 209595 812803 201839 990417 5591
125736 196450 122765 977116 731523 337431 916484 204787 515962 128318 115409 220224 54214 481911 48018 435737 135223 362373 996862 801777
677921 863988 834345 772192 924564 895436 350191 976488 168317 149842 893912 362770 535648 712349 207514 628557 558507 969727 157161 902991
460686 888629 379022 846504 204742 809039 209214 884392 724730 769871 604338 918006 88697 906385 405266 585085 230343 26203 371711 294632
891798 451044 724294 720762 131162 668030 486659 238100 578626 561607 566193 645797 855101 306969 223957 806535 830537 755334 90188 904439
802835 98386 272383 542878 497012 921982 822948 531013 491229 197999 476628 824671 607925 152385 193706 836012 571564 831795 751970 359797
239869 661304 730675 295497 470396 113701 683552 631908 505917 505291 578570 32780 780395 269702 419767 547940 504122 528412 399981 66675
262810 896429 454400 672839 4329 540560 390176 795418 546754 925884 398062 604972 647245 283075 899056 855548 681091 252774 520480 488191
993410 944240 881207 514437 505077 989068 694724 800547 449501 719539 591643 505272 250989 449156 765354 329825 39125 509802 299011 735435
24507 618539 73126 609952 21552 854863 833680 281708 276775 158028 590306 706071 986027 32354 783668 901452 98894 460422 327724 176980
776634 293736 983984 973886 810405 841120 257087 377261 217490 3273 217577 750389 583447 163926 457975 373969 973431 395507 682247 716966
597807 540009 924865 265837 689987 35263 989974 751515 63581 181161 750748 348719 818843 395990 392887 359968 226299 739978 765427 719642
139984 70087 552681 659814 994371 788534 497766 282059 331285 58163 571616 825356 36331 144412 483616 525100 24780 18844 907252 797224
263780 475523 154892 702866 183469 792308 10893 363254 456985 143411 608910 104150 984540 788066 226299 446337 180319 302111 531673 311098
787051 506400 18182 488202 835161 535693 198886 536092 431159 703534 639761 124096 912859 834283 723292 560460 726933 879225 880227 537510
718366 938297 860505 712592 839568 593341 220235 193934 70974 839707 104487 39796 8369 689376 140843 938291 289370 129470 69811 90025
310941 879164 15040 95857 443583 64749 919087 336080 247116 330643 992389 435017 705110 862041 30646 486599 41936 703124 365699 810900
642053 996387 842793 653980 91462 234508 356030 707735 518997 161155 691088 313229 98794 928471 714594 643172 179832 613415 664092 246027
694850 764823 846670 405769 395021 855504 134696 62524 779825 567764 31332 225524 104963 340381 781247 6169 9809 256481 24188 429981
153164 886791 689192 785110 658491 235756 620865 211683 339672 122982 692714 96475 740783 544023 370651 1277 959164 570584 234494 70595
345961 833357 801602 454194 195651 34644 655560 280497 450242 221240 766875 251534 614717 882515 927981 264474 368316 635500 686210 660060
240282 144081 38710 613818 737605 666085 314138 622970 562605 299129 54218 350595 36775 844279 916514 936613 157651 864772 249193 783098
777732 985352 898497 99009 416682 453548 754964 595600 666676 628555 311988 688892 459109 800290 525387 315343 997119 896306 240708 325385
933580 709843 491511 934059 802615 394347 162828 99815 820484 813569 781842 618977 320673 937505 951759 895463 222064 760836 465332 286345
174062 890503 311528 536449 107749 167781 562916 309871 232989 17806 964200 502267 546212 962532 751763 550506 735027 932277 535829 592965
49429 932354 821197 718669 611665 600242 967500 736222 601026 519416 791492 440600 673874 60018 298611 398008 36854 637062 46577 419750
674806 573663 853904 681639 444326 393273 498555 252614 398163 283631 36962 923619 899842 281182 849401 827838 378829 557289 631110 773615
74151 129426 763210 331881 871601 579435 733673 492096 255473 253655 33102 112006 904690 679887 541391 183938 852017 616945 878498 573264
994270 58573 998731 302467 991756 79389 347814 927400 992171 763578 927877 125089 628053 655265 759691 804905 274661 427606 692683 221306
524509 560299 515 532195 697923 152019 884964 826479 516552 97803 263358 797012 583192 477657 969583 602715 819847 512415 445967 928526
866855 54977 935511 486601 588995 29389 467696 546052 147649 374842 465507 885660 998311 273508 570433 472339 11525 148601 998998 549071
569118 66084 231268 393110 807286 174796 82811 73231 305100 323237 526071 504309 8227 881562 556571 551644 565678 295824 666006 683272
606251 618904 989263 368454 366800 534917 602723 303701 265871 318914 913552 90926 598111 805267 147071 189562 89379 358183 824057 519324
137414 320847 640285 34661 60165 798 599202 216101 41670 19973 269238 659285 547163 870827 545631 812701 43428 950538 838109 321051
569773 437247 436650 586242 899158 374357 326319 643036 106045 843694 258303 675836 458163 574924 283923 929087 675610 778068 641551 331672
569690 400269 647461 97509 580867 95093 649628 98365 524453 96311 456717 460209 269643 329904 326908 745271 224358 771015 393937 736376
444349 103538 105637 8649 643333 286637 767887 658981 701431 618392 263287 212624 614882 106745 293006 67651 679702 702744 874336 277473
157167 540897 165134 937799 513569 418738 172554 319188 6978 109313 219668 106589 252114 991822 854392 549564 412226 25739 89885 99323
831261 317608 706851 317560 932980 590618 41827 768546 977396 876816 556868 281839 945595 825195 474036 78085 293109 190292 167823 360384
153757 105370 308298 322577 527177 789776 431026 723162 783845 82795 607563 53018 852060 755070 859295 593392 589904 787330 939729 884980
436447 567754 450770 862123 607713 188989 224013 290065 218176 172216 151992 301549 457768 917618 42076 266549 425621 755777 102238 250415
536299 553535 123816 601053 343008 288641 431980 969345 543497 495879 733120 3348 997119 832804 245462 732723 77561 899449 939407 347217
4564 868602 547020 529633 540397 958145 489603 309261 498720 730688 278449 838769 224452 430903 484332 181334 924995 852225 252110 316536
869992 440362 628928 842596 94796 556589 602126 87526 244086 160434 734280 557418 543588 871836 983918 924867 348370 121752 352701 691616
269836 946065 600401 852734 151185 240456 924873 632240 202070 878501 692119 854498 925993 51913 442162 660625 496347 828799 867315 789128
443958 623185 322234 996440 165188 135731 386432 262304 245528 105095 897571 705733 827381 111633 474253 714240 628808 478045 594113 530318
47999 633940 175936 749552 882354 839228 17598 211464 439394 455329 235015 575336 670694 967912 970940 376953 750788 664060 94676 853953
28433 494685 974357 224083 871301 584568 200229 752694 642040 31530 290070 17397 919971 929933 415621 202335 8443 205897 296353 881150
111370 456738 783196 494006 906143 579906 781889 953235 873612 407057 782300 142760 879322 930216 848204 505089 950438 734474 806751 553025
620094 1007 605107 585247 305827 335785 271203 188258 240403 42981 30834 194729 443874 763836 384664 495009 806251 463822 185337 443015
112685 509499 507586 790243 725590 687114 233335 333924 349485 486038 47708 283739 617661 172681 344721 983301 262238 60228 578285 366724
461479 168582 601989 923700 651493 937661 101558 274453 55448 411697 665066 922548 11807 897475 514926 179264 843267 304839 186538 40141
480550 969007 859489 52644 401901 293742 869433 383741 667884 992462 706231 455856 908908 328637 730993 323090 771127 491740 449395 208151
959281 481653 850787 822472 538707 977111 740840 232381 203747 140194 710141 230686 830048 355999 703111 582493 947692 89823 810317 355808
5389 129016 146440 539670 642841 557905 999618 548320 484806 768023 820182 314024 169235 126465 623981 563036 758079 431305 833622 59953
97485 58950 178622 472275 537232 384463 680427 944395 370788 274433 565717 510551 690299 707722 2705 259579 219600 156534 599213 333015
194599 762611 402341 249850 138678 988117 636551 90749 167578 775743 76489 122199 487068 732993 67765 857659 535954 920691 181616 192971
289353 43857 526518 1161 473410 117358 130251 149693 495940 16204 873020 482133 342963 33154 675092 633506 612798 637131 764183 600906
823829 448797 952717 896079 341716 441149 22653 400082 838057 590939 244033 863306 213273 767246 274229 203226 112163 685335 673222 186845
690742 446326 867167 878240 985377 144938 140231 558807 361283 738037 757227 197881 14605 966491 419086 767213 886023 484749 159179 796065
807184 81731 349596 436999 606786 891177 923443 965847 339161 441118 512831 794507 723191 76156 749004 303657 310256 258107 547534 762304
705938 461622 150403 543425 934929 282173 810926 195196 820267 494097 143765 515364 852813 194205 867593 291317 979829 989865 688545 701945
867857 943725 448757 899515 135455 891478 799632 321157 529507 965265 580448 684152 81417 821772 111205 648104 268219 456000 4590 292225
173155 939227 924510 198105 145588 984207 870538 65677 404024 670549 706431 690057 865185 607962 446571 283175 542510 441069 41267 617440
983326 971617 23680 174573 301 916484 88294 987642 206106 977321 968691 466293 969224 885609 16529 23118 204350 934555 550514 43181
841007 912774 62444 610397 595491 678448 796201 621208 584745 933592 959373 645431 198036 766045 183797 161985 810052 965226 835780 882870
275053 410828 857330 361811 327763 902076 516588 132533 806491 35490 174189 424757 249093 718553 524759 946444 335007 309607 594808 263806
539645 378328 574865 408099 332759 679420 299370 117846 549651 320648 471215 501376 214248 173354 560339 941911 782183 999693 249498 109924
944902 299688 592248 68936 771165 328934 455552 223545 463695 854946 8179 31461 341570 803268 144064 666722 765553 280832 985958 886121
693900 178951 524713 275901 788511 246567 665178 699829 381866 628208 728345 550998 55923 28819 344651 574767 1954 721030 127582 516037
634259 125066 386474 1411 626206 198758 133621 909575 890754 785906 978428 733096 811729 453321 344848 359785 207662 431316 61965 570738
294407 526126 952208 658429 52000 785316 131122 523742 116037 452644 995746 886973 403479 751138 1407 43531 297196 267104 7164 875522
469124 799555 352518 123976 856923 194483 982223 888819 52823 297405 395384 221486 720360 829411 389244 265786 759576 321561 518150 170515
867901 942330 13197 859077 385905 221554 995950 172059 153492 863339 609986 42547 757308 105319 797840 747059 533511 43272 391569 53461
242030 217193 787030 625975 577302 40651 251170 388573 194380 652772 253287 701184 524266 391580 785454 952014 609345 86014 605627 586884
748697 597126 538900 425824 641489 271829 242796 352030 931626 53243 582389 732750 866068 562722 330252 690831 817610 363253 759184 438681
719755 394812 159508 670868 938879 567336 190260 463147 355395 915772 514962 246780 546160 996305 722838 722467 70595 754039 542250 160147
12376 957979 420709 330809 809042 569104 943252 999790 329971 655648 815398 533358 1806 694563 353892 483179 931842 431338 667602 592562
618755 666205 690736 411757 615252 391990 977634 484549 943728 497148 419744 776880 610769 499325 891490 450199 47499 332839 934370 3788
519257 215682 332040 433240 115813 991294 662924 336830 731248 507443 953884 467895 202529 700727 229240 280174 244529 939614 614309 859721
734267 86472 501055 542187 960905 18725 426635 329266 131301 534866 874525 318560 8891 443434 239578 761753 949618 840997 398738 972461
86098 335943 338030 538571 525339 396076 21052 132784 389908 843902 75076 112198 280707 233703 228216 612823 66141 677586 705879 609534
739615 373922 856260 398169 910384 365614 663700 289886 437656 73488 684152 371604 803150 417745 97987 374865 170354 361647 397384 629196
745259 829679 707686 692787 681768 796166 180506 826500 425226 855587 236122 747721 246130 713882 990761 986759 405357 637850 230826 46500
26844 432991 173035 933311 542910 190152 72097 546634 861102 463168 23361 644973 375161 423326 386383 487897 697115 401168 569541 949675
732323 355793 872106 286395 743724 942911 283632 449949 240844 663496 831349 305915 25990 320612 873427 960722 151741 327552 279744 411786
205489 246447 964485 55114 656301 753411 530549 395895 468147 575200 618538 374430 149425 506593 709997 600644 579200 813055 258456 535565
621302 811122 298861 974951 678764 91107 238781 415194 691140 882373 706962 458971 876609 468855 118092 906477 168090 651007 211164 94928
315205 664252 936905 91488 387923 862201 680722 947582 499874 886628 186051 873814 46529 910350 372462 571171 468580 444129 268748 111210
169631 8182 973433 381255 792445 447304 527556 479009 778149 684942 870912 464551 96074 883016 917219 418473 334124 906036 940293 403807
159606 554434 400479 947895 778248 333986 526339 519580 895718 46388 561905 25820 996668 515634 129116 450580 455765 607052 664186 760230
72212 348066 169290 401192 159572 498756 12989 749113 690028 598123 973407 706036 975613 399780 831097 223249 300874 754503 422960 444167
874221 591471 543877 559546 939827 532879 327378 706996 697069 347963 65510 630151 818052 803618 68832 392444 185754 619121 331162 158165
659064 893082 435607 439337 716501 506249 183681 246716 89528 271071 89176 718881 608769 658694 390303 95789 434890 877920 396647 835448
263074 636577 366123 680337 738584 948716 208616 680219 374233 858600 234685 19744 561702 316552 116013 565144 220992 417244 100441 291114
426282 574842 490958 565763 451022 414110 282908 693899 568082 957605 432291 82299 110542 621631 388475 22443 249241 23920 175701 748385
412067 365370 19391 294551 163688 447191 10419 39744 443878 754669 22525 966049 721147 778793 178012 424411 882321 711147 119921 942844
573234 46828 614549 351834 272228 452182 896222 696953 891708 236052 909586 738520 955048 440767 834851 36655 938348 685709 318327 990431
534565 772823 50238 399423 925666 492727 242079 37975 324739 302592 864587 272552 479809 439352 895471 830064 486946 620500 623209 44972
299554 675111 9104 133127 870625 141335 853971 624780 796818 928964 94173 549333 974868 461668 468009 166823 814071 708698 461671 458427
915164 740438 517521 624621 236488 14037 30625 682739 440949 210859 311057 967695 756339 575281 442473 863365 864958 482340 252248 970575
604587 765611 261756 706249 106357 134698 965891 344042 56306 596973 24845 80700 767859 878749 353312 709370 120898 930803 732541 855587
887243 949168 67919 906401 44412 609046 230475 149704 524865 240253 198059 295976 526335 44624 91240 371203 94163 604856 707764 386342
769553 936112 893474 89150 775660 751052 965403 249961 109630 347089 240244 948045 86090 367617 938235 666618 978844 723840 391939 982064
103734 699048 910407 317397 297519 355932 348661 619881 569623 911270 968581 576551 610451 921848 9744 637383 943584 605571 364052 584265
373363 931273 810842 630745 913637 721400 395819 420458 129991 170823 482852 229935 98323 957638 224079 504240 734204 190753 551273 1834
813722 379272 453797 516897 384760 360551 365142 454142 863463 378236 839119 702408 864949 632430 983784 153315 319725 512774 962485 691662
840087 623586 758861 76933 746639 354772 732886 495383 597879 262408 633878 793898 819412 408971 953230 373192 417420 801122 898257 607149
89275 775789 698794 843437 443281 880454 418093 843478 387463 950332 761987 326128 589458 188557 654473 826564 435373 451457 748383 179188
150623 816671 944027 795787 36976 443927 902603 2630 271902 156957 345132 527219 85064 516983 252336 792583 825120 927833 785503 103383
584659 676813 333328 654874 108326 71177 879282 258641 738967 625670 171578 278463 779656 260732 928624 403585 773698 701152 834435 217918
514002 235648 662709 421416 368290 341369 47521 305898 29496 374072 157384 139501 918693 27214 502884 441839 145431 779811 903856 826511
228263 402317 209486 414222 185241 485679 65577 572882 636110 325357 165649 663843 169482 322584 820115 889132 262258 770682 877980 215858
784529 382405 571781 733139 199926 209995 959539 867985 123220 777413 975675 994150 913089 530263 475036 856971 413693 311632 98638 3226
186970 611376 182384 547494 622830 497322 486701 656185 543412 429602 455409 389328 551579 475570 576833 660853 625798 925322 656194 294270
471096 769909 307015 470866 359074 82159 660362 201372 580482 996738 898469 284262 756275 512550 779126 850271 523603 302411 306103 653065
966599 143606 657143 52708 744723 670027 134536 45698 908622 942532 236115 431431 272103 540520 5654 999095 939111 39831 225696 724659
892781 405716 829117 422493 239563 48710 573192 96825 384229 56097 203124 461736 742231 351632 869300 797664 376253 623028 885485 505307
190407 737897 949134 288054 339274 435495 521904 190928 628026 875170 471577 241009 779491 305336 613545 658304 205968 265804 167246 699660
954693 793464 329813 940597 258094 194804 751173 92678 75200 330889 540984 667907 748536 122915 315590 875715 828614 53406 273265 348961
998715 370345 839489 957219 758489 684246 560097 377546 664485 325792 83897 289487 148911 510366 426706 149882 718929 885801 166637 543505
739024 904696 108248 518415 578905 655714 142873 699284 647842 687276 196942 854592 234205 364382 730128 860591 165139 597133 186202 391978
165671 681997 565694 674984 103087 804774 83526 901568 880418 802912 905773 388485 186849 366998 827091 830201 105169 230497 556518 102559
87522 932205 532190 93210 125735 129282 109719 224785 297002 200526 350850 125640 675836 449645 141919 102912 951500 7040 377668 511935
228453 324842 953235 780744 397591 689351 934222 273494 488977 122547 940232 702225 288155 545579 603416 18093 155341 180469 43940 936669
384670 173298 888100 460457 410159 537714 228813 24616 595147 115749 586394 394262 819370 445729 142160 621880 185024 288163 52499 177975
833506 717496 359118 941813 724278 895812 258564 224782 249328 160637 522022 682154 467338 540339 562678 898739 521447 120853 680190 89670
412009 710099 207748 429329 712210 384261 911280 684123 608821 308374 954218 11932 389479 836997 777362 945104 706585 980800 443143 765847
850053 310503 197136 304490 322027 270832 360459 132531 510700 986158 969125 440786 580112 243846 248177 314823 547618 777851 253449 675235
414653 529175 585838 521744 420916 891976 811747 454698 859701 456489 675333 565466 614393 691927 961743 143515 91563 724504 287200 972488
943243 78932 577030 411788 221083 779235 784499 899459 218198 930012 885443 942546 370073 487109 966168 222434 461082 487894 318419 136859
759669 634723 832250 4479 458654 518947 390899 212612 359009 3172 700422 227201 896852 920103 579226 356162 188111 140850 646693 412629
270073 761131 65488 528213 781744 475291 549644 627660 67171 805650 720120 213223 321146 341173 13984 361688 140906 300114 274644 671527
394401 867184 477217 460326 315598 734125 13173 607127 708133 496094 317825 830264 384408 918973 626752 268668 88425 977008 998466 273748
831540 685976 923973 668584 304982 810929 257186 864809 114944 859606 995665 567680 185015 913802 647935 281822 825418 177105 857817 766022
20711 776267 119501 386990 276815 766520 316099 411650 640390 361491 52417 769816 446558 52931 812493 674621 649376 274624 973930 168895
415685 684281 235616 267769 418977 559000 568862 287998 899068 564322 681689 306842 603934 750929 444034 533533 935801 511277 982614 408476
81270 112143 797131 995691 960161 194233 687329 832723 240703 492971 945169 799190 100532 279679 132616 678997 16609 345886 420891 245260
129320 969774 533797 389372 387893 206118 569846 872359 284963 117713 551346 234958 635111 713815 807341 25098 192349 776740 641329 980808
600144 314120 412972 519045 265583 903935 93582 370093 862829 118921 46715 65662 875995 942921 822269 37947 535376 914973 716252 272419
488071 2675 16504 350439 498677 579929 673191 2059 753267 456331 954907 541654 171794 164384 56062 274019 48147 163730 335429 840830
94931 836574 687674 891939 650634 988097 68064 658053 790992 108138 552418 482165 746785 893064 419967 562149 374156 594116 124794 838796
636131 318821 803046 773654 488536 441972 451826 892637 718478 592708 637009 929508 648680 380035 903690 629632 783503 199707 185526 815039
955234 145264 553083 705709 319653 679341 155470 633502 401242 582509 511678 452617 552131 77133 25768 657628 656868 505292 246576 542266
603414 260994 993345 922397 375969 779106 704950 31161 659946 197391 29001 841958 950656 337409 15692 128555 58712 616270 504626 896080
886441 480697 712704 82835 985768 279746 638341 789990 299029 173709 543093 108546 75501 268476 111033 740753 188107 47140 678203 316754
768741 625731 882459 326637 435859 188792 872913 857360 92567 798006 739799 674656 303998 10379 927265 560973 41473 674516 510846 138826
877330 879974 889147 383093 438773 220974 91300 932598 987717 98867 28755 369461 875159 182470 612379 62900 540025 362395 410743 812271
466677 282338 37376 957516 727353 403734 964637 328346 583507 583421 182565 135193 750342 100018 815584 134358 50915 335990 312833 270043
895395 644904 357281 671748 176757 75629 152441 428055 658725 57504 348671 214325 231327 301112 56701 925378 895768 126169 82168 223651
639664 780809 532935 577588 205790 55660 285991 306753 91326 50149 931143 782425 634472 184213 765058 616271 307248 311402 178684 313917
334448 329997 632432 230905 581167 373436 354420 839992 646521 195309 463141 831786 191341 690163 540994 496215 171351 708469 420364 303661
17120 92896 843238 578263 2675 828399 95301 164761 471457 792130 527253 71841 403086 833897 781915 761493 126812 337117 34485 746048
507735 605685 697695 300043 748437 564077 49669 511531 17128 286255 268911 405144 859480 273362 947645 167916 732021 156261 48940 365377
463456 713459 192243 312053 616855 413159 405121 774354 17596 100451 463107 907172 31210 216812 917365 423352 482634 118193 559100 474757
589656 685622 565703 108886 230972 73796 36480 49704 142165 677953 460228 636589 231589 451085 969368 371922 33177 133593 182774 764296
16474 893670 497269 290381 865308 618055 834890 26831 428068 430356 63296 138927 73703 820180 813325 797561 470374 974743 12237 206095
926274 423174 311392 2755 175490 675191 502966 257927 144391 81731 787644 611707 283244 711820 534800 410956 690440 827420 703071 803096
802074 882384 350807 741503 195856 382459 961795 100598 490162 769447 122867 785412 215041 349820 375337 770959 318155 600138 304331 222262
577914 563238 159230 711902 787395 47109 199859 656926 531558 325798 623096 67766 248970 547542 959383 604212 824607 692426 417228 931654
985738 871146 749189 276382 30857 669871 569381 250757 117952 828006 918204 998363 55468 718959 420907 106599 981543 631719 569730 909762
553592 482567 155281 948219 411238 821083 491616 33932 358821 888203 701295 883115 534172 662059 888224 19727 187592 373147 907667 486886
447489 456575 739031 324569 521442 574149 268799 173336 563591 264097 692343 888283 104386 558938 16880 319852 811298 102365 38310 744595
816105 141688 141792 974673 558894 674508 40843 581190 560665 259885 761537 474900 584352 638321 398777 473958 337070 822130 527818 8948
873621 144600 47097 986110 942286 892790 172136 385069 356808 919930 3256 344434 539089 746288 350979 122384 868961 446402 967925 647157
976451 313093 297717 582059 103971 882050 597862 118326 550324 657622 203331 157240 929407 265144 140143 508493 454924 22521 218128 533467
502335 94309 570031 266636 741592 227725 790257 215401 241718 977937 988938 962300 92346 588926 858925 404309 814230 279578 681022 726079
748016 850837 575356 349993 584606 480809 762211 894045 264595 930710 124948 814188 377884 140076 785829 866174 344155 359890 236515 884870
455110 321587 761304 503038 298427 709749 761838 758475 584927 550669 575827 70546 217075 446558 324959 891708 667983 716162 707785 923173
355570 894774 692823 419884 558931 886859 104286 662948 955900 30101 35085 700787 331378 152957 470857 499667 950164 881656 629132 218760
212360 693836 754547 68504 282332 875595 797668 354102 947125 631461 617883 533093 799942 197650 192448 160670 101440 669152 425045 647195
505135 123747 993655 887403 44937 173279 262990 612424 236801 197392 966945 798388 890137 1529 134898 953966 854000 374865 999931 246253
152415 169206 302514 436423 734596 434206 208883 241504 636425 764023 897812 473269 260386 169778 754708 608104 159189 588630 169893 410321
853745 256701 231015 8358 8640 333973 438246 423775 900581 262471 397769 91491 777034 163698 429315 167311 771864 849616 690142 959555
714262 228668 522601 276989 152159 787229 916755 497594 886187 644087 427417 857081 293731 403646 541913 185239 848141 98785 408640 217270
965903 394398 770245 46714 580624 319420 225988 865397 985724 354466 535148 558165 817904 370455 657339 795672 149619 564673 420374 978213
606858 883799 698398 718917 210310 635966 315683 254916 514484 104303 135867 878500 338100 415141 376778 503396 528825 518541 475024 977088
714532 467807 928809 562199 727818 175429 136971 58921 135561 883723 846788 130515 803607 162767 480248 330643 596266 461555 756242 111761
371381 957542 190579 250248 185943 891169 373519 989664 548556 197134 855561 343311 451636 518013 141702 93634 304131 121404 438940 251690
325367 770255 44305 6909 273509 518190 333245 925300 342801 637252 548540 388571 339536 905143 841664 25278 613865 517175 203561 88389
141234 71106 429329 793644 439779 218953 698478 430025 515438 634384 998662 100620 462134 532245 729590 895904 371982 311984 38048 925541
988050 579180 104269 411533 98223 821079 160574 781324 624972 319648 623504 393816 916133 874177 901764 695613 24130 915343 619991 383254
38139 210937 646609 749371 835248 403422 707166 800959 710988 875251 35899 927552 359162 156559 326858 401296 792114 852090 615649 790104
645906 855367 504819 301693 349214 149775 290583 27692 981150 246660 691562 687616 451864 451698 88200 557911 126045 676718 189390 168436
245405 526384 222050 847284 518058 429934 228180 2949 102244 680464 36113 570222 771401 227302 379441 28658 605509 119421 922029 78403
665084 777457 927774 825066 307814 189506 208892 422338 760729 309795 124094 374377 776589 958634 352241 191446 203986 785953 37309 646579
35147 591087 791614 673955 86367 276751 58670 969904 891571 860545 427262 482695 145940 511020 208347 826503 741048 507974 405560 172300
564064 6944 561594 287732 962017 47670 152073 215498 69657 393017 321460 800799 739412 232695 502125 184453 966549 12072 797236 768897
197994 856089 428621 164497 270056 998976 980052 104730 685045 977714 937288 860535 245617 494262 689171 837501 334209 215265 248215 532332
311649 203884 282245 589590 391279 859994 646889 209418 822495 803891 130458 551670 415686 841835 883988 504543 401654 618604 843994 288361
83536 465746 66428 858209 227219 610232 445192 214349 552710 784155 123974 942230 658325 48507 520258 729376 842765 710413 720707 975480
798461 570003 50851 101047 239030 951142 733275 763132 552863 265326 834002 989737 814283 827406 485363 321536 398988 689544 289048 737835
770334 636035 433313 598137 651052 266400 714521 385327 36663 510931 310337 828111 345661 837910 967805 570327 336351 925919 186048 785843
232916 657553 415812 207820 439347 115931 943656 321963 643767 807772 333883 546989 261471 975700 64422 539698 673740 454564 364052 125315
706843 491240 510238 486953 147334 550589 104601 612124 908652 329843 604331 593589 789992 585561 113246 311032 700943 370804 442169 596420
346732 211518 122090 225786 908892 192080 323562 979306 300713 606781 691870 809422 340057 276714 793744 538342 494317 377522 892755 641289
695418 753173 186498 120431 182002 930533 507364 644066 905833 476780 765577 46887 426563 186472 658244 378333 616403 858204 349089 79778
623263 889574 586783 857424 639582 127426 627621 84420 555992 338912 331237 252922 171350 884317 466726 483120 31646 706253 621654 885897
233644 39356 555186 226413 822708 775998 537132 993365 290816 717503 663175 65047 407086 787780 85384 685876 119767 821106 572222 996576
597126 34565 10790 366481 612407 930876 129894 573125 350237 23671 107142 903479 53265 504646 853184 306762 710546 269856 777928 528211
453785 635191 243405 230055 956156 326022 730708 972413 225057 822652 187415 689894 926790 514739 876612 645587 741092 318874 466585 976288
809039 931617 166266 602748 536411 171899 404604 713851 79039 764524 459671 823494 766030 790455 948485 699263 810910 448351 552411 222277
519165 647282 807014 915699 546167 120729 650642 237335 99830 284422 839375 573377 551249 8974 787046 882427 723904 407390 617514 849578
314141 214491 180379 778667 647460 386616 409056 593103 441579 459619 786303 465707 920408 220251 870411 795675 122432 34304 312567 149603
218740 270397 532544 792976 551126 146822 72015 556786 646312 37769 249222 998245 692735 660571 460607 770313 445312 679894 810803 636005
133166 156999 373493 29893 990421 984214 553398 213726 619541 93286 459788 767313 189399 104445 642271 365015 329482 220388 250306 371269
27734 756985 28470 843606 139544 519198 333122 690068 250145 583470 203501 296802 169308 883836 47889 656298 812413 246587 659927 980340
233023 817383 734916 955143 283939 928177 28901 849661 263010 819156 67067 586506 938539 553795 620319 358128 938332 794105 293078 836539
765122 308740 911487 226761 412919 287369 820845 940414 471455 391340 925543 855519 288702 178080 474036 533336 822883 792914 814346 852587
431921 705851 282261 338050 668657 8658 930066 197863 778035 166264 956987 646807 151848 428746 268358 447974 228745 655230 331914 982046
585103 150393 256 555838 525269 299994 211433 243499 476353 887013 270880 489630 346287 314215 556025 303241 772217 955883 151453 889779
253861 23563 114213 344739 79823 697622 6587 680079 505937 94416 583465 677443 620536 813969 665858 140023 939289 667021 19448 743797
53903 409643 315196 657557 550283 903240 536429 719108 946909 242497 759874 539497 30176 46784 497904 212335 819604 645617 400008 878293
402793 907380 699949 524483 396862 159358 10727 723146 590616 612894 587778 470764 793671 493457 616133 144930 513373 787887 903111 36066
891614 711124 883352 39199 774263 565142 759618 156084 175845 562927 160623 10913 886312 537530 30333 393365 635253 907979 469263 611846
645178 690559 9029 881968 609849 284621 542748 594096 757600 376472 639696 93650 706936 839833 903099 853346 967901 699242 872774 402640
239116 915622 355014 743585 227622 945082 883289 129929 441987 579950 561950 395034 951942 82782 401657 551916 477997 768152 948227 567141
445845 406416 961226 726167 209104 145023 292267 278604 29407 597539 328645 253400 484121 52789 810391 281827 486712 204767 70976 65202
643299 741067 644583 31108 107789 881488 544433 677025 115272 827730 615846 864571 429568 822012 843927 450561 14683 652154 425082 492173
713430 87623 650710 816448 992794 252181 567231 304283 188283 856986 595172 589614 924593 950437 274600 76591 316887 58732 764039 856794
789942 46768 325042 813602 186171 315868 649967 525646 368782 302019 840110 174375 498918 483841 357991 48195 493752 806141 160476 392809
92304 949584 624016 128027 393903 151614 337122 73583 847555 164131 913313 751407 686950 343779 250649 577684 734700 833062 58023 248183
926290 5791 978620 673382 124346 216275 387239 551906 431049 199052 363204 366630 19162 229990 582722 12519 870921 440049 637324 102807
117674 673741 955029 313140 810305 100038 980166 661321 891957 167221 307715 183049 494027 479537 298598 828013 905672 890322 177173 509915
839027 424406 16608 454420 558804 652364 391260 458398 61272 385416 243006 366674 581299 817015 254003 399198 875927 708993 972582 543632
49409 915040 960434 175892 769286 82960 747924 463264 210702 398221 535504 804160 112701 729891 437366 299679 200101 726561 668478 869465
355155 509794 817486 481904 638999 211739 125566 965372 793307 728630 704379 620906 343757 758106 451059 219040 201864 714678 203771 379124
935522 647429 205907 94654 720959 20585 420373 57940 928649 190799 479168 801067 411919 484476 204092 131126 370620 227202 838041 168732
281612 131700 685678 288573 191538 574261 686738 983837 216986 605848 923622 158031 753716 63145 205219 218189 933255 187273 603095 273978
870466 548950 662367 658746 134013 511128 312213 576341 697040 161170 944828 437628 119984 640973 159363 235325 434103 319381 889559 754277
359670 823986 793629 230486 560753 206329 540585 677746 634557 494370 229618 126583 854201 645587 147394 88346 490677 659838 675381 596883
184367 401576 118365 675433 54756 940950 795626 213162 163591 473502 460077 914678 985407 46304 166729 36654 486840 355710 135543 484652
516431 274806 811099 941849 162071 997861 326271 91938 11199 102860 685601 787918 626832 284385 771961 87287 674967 466238 161806 756059
945569 950495 262231 46719 301225 379181 663155 980594 30595 751193 916227 919703 956060 543330 375008 739386 379878 510155 916597 646474
3697 248695 402089 295131 545871 227830 489012 141011 33545 542940 549776 625696 246442 612071 987082 950286 849525 182683 295323 887380
981268 871973 156895 62657 601240 360878 227781 339555 377347 367739 506649 61838 80934 827720 735642 406935 173549 199843 164145 503030
361240 923152 456512 190400 893665 73901 821469 968165 400418 767360 192271 951799 410055 348666 269820 485553 352270 252701 265110 640616
229996 577381 597865 360990 146972 326643 868386 927766 249344 10572 616757 913982 267811 278125 484913 638690 151110 697770 432891 415290
614296 655326 732220 975477 802466 289965 188814 426713 584044 908424 942703 409859 247247 227138 177069 104140 580263 106531 136078 374374
53684 231349 69934 688768 297891 807680 512860 762750 424077 807286 745624 525707 502165 972374 994649 837578 476233 623807 102489 798517
850246 514606 299186 71681 98115 777735 174811 47215 39558 978530 215640 277132 159458 517745 221991 873635 801169 231124 398255 506919
487448 78682 692321 305485 73835 443411 938173 658173 776352 597362 854951 57192 938057 448193 933495 188777 484495 410287 883264 401359
406254 901159 811638 785371 386095 530668 352155 14715 993715 686142 904937 810942 342440 791235 470470 783849 128 966430 298217 124141
516018 530884 49975 780382 410376 510964 388672 802582 83001 336182 94307 242113 562226 55456 901386 529102 102984 210932 667432 29769
72150 974110 616086 372025 246225 743132 44386 496404 2885 10589 658939 855658 262017 795436 766118 875015 736414 21634 828779 990553
502473 919372 739222 929308 169200 539986 618385 798526 425079 772321 475507 664296 46308 832655 852589 461309 142665 58826 265988 337188
960847 298975 968502 586448 847988 275714 416526 252254 483558 227228 676451 128386 763093 321963 182058 728297 301106 832386 397840 708880
140487 250733 40580 167424 459361 892703 559852 183462 128749 576084 457813 509149 343961 226994 463242 195183 627843 957779 329832 265736
799793 469618 790344 41721 220961 909251 565967 791985 542931 650848 85728 940635 752228 921968 68463 717834 480603 829518 65525 937254
389519 350934 710888 312804 875592 3330 920025 894440 799858 437372 318841 791669 904193 587766 440174 308520 233949 999824 883581 758070
330583 132740 131597 419959 44563 658989 647744 416127 274116 417360 928949 211926 678447 978876 558730 401409 818998 194950 939750 649761
314684 352528 649616 500323 1423 123954 479096 73080 545353 455963 394182 187309 776555 885118 689016 639982 109943 221816 170512 414112
440444 166924 630387 553465 465873 565153 223574 273654 502429 908179 192610 412941 491477 823744 671278 525790 209907 867938 538919 239773
907332 80258 717618 260413 911919 798055 84410 681536 753837 257737 239900 629950 197283 84836 706144 483214 180694 654358 423519 873011
815126 433256 563647 556369 359352 601913 236500 826992 130933 124028 80116 126787 85656 525260 541052 38791 39757 373185 550078 747506
963752 980462 610517 408433 320875 299692 187450 167433 337421 524124 276560 353045 401565 509018 764206 996627 482290 499776 876108 770642
128251 323162 743567 824507 505161 657906 996672 740926 812704 415960 659992 367311 471198 936551 121388 51888 858695 339239 121027 214458
177311 876317 807714 313630 683202 298763 929558 219368 953156 238916 259099 88551 621972 974807 642758 306547 21066 282686 597853 422444
59197 454795 562425 26988 252195 669142 149554 601907 425459 455545 582050 21299 120289 865379 344902 113979 46009 721231 307785 913287
782393 807585 696839 847866 570292 699406 144153 708070 630182 535855 876575 120027 220548 906313 388956 57463 476218 653168 982368 614746
542859 9297 491557 637898 953986 451566 376939 852686 107931 128751 187699 126194 821343 794595 809746 166245 513058 667464 603285 627548
338262 184753 457674 170049 432164 855788 916721 533373 661440 222261 765335 361310 774534 462008 704263 779385 25023 215026 931879 67233
387698 451184 781296 706022 255677 638022 293538 330737 643196 464247 493463 825888 741879 920175 142102 187168 263056 300134 284864 343658
735782 332882 101836 679921 522691 449261 189501 877377 842657 64275 755089 963610 782196 961806 454541 774515 717898 274925 726898 941471
792178 367395 478266 602504 470701 916929 380999 135804 393673 415308 697736 344469 613609 954218 930743 698707 529678 190896 227644 573651
82822 644474 516153 775997 263200 219661 71816 128132 20891 917641 577945 396421 259068 333252 24076 75016 375961 720423 298772 545514
548498 610118 31333 469300 384229 69737 457203 685375 96605 80902 933043 13822 939044 519366 521224 11317 159309 911840 66437 359404
298050 385484 274558 46256 744452 759795 663008 135869 814027 241499 795737 240910 443476 779088 59524 327839 662163 148224 652764 150071
512418 357028 584162 571523 654826 688905 332146 1004 130362 324482 787625 853717 223874 111602 988840 971373 190718 763912 658219 406722
624665 95969 395400 231227 69490 511370 985746 327169 356589 114946 903506 877997 961307 368786 351638 77443 451529 818514 590890 792897
578761 509883 686328 96365 909833 439429 129710 961474 644659 526896 661442 468873 517254 55198 82963 426900 756313 123734 463519 394618
616848 418798 442904 973816 341575 54654 981346 798239 706631 272123 329644 232984 855066 713459 495309 566734 219032 455638 966254 919809
844406 667822 921206 167535 811049 770234 907413 95156 361302 624932 627258 907996 103449 462088 119676 409134 299522 731245 129821 369450
152299 271397 168341 906431 656664 136993 103199 410544 136056 729473 657223 264553 960866 158160 482872 121872 727303 876985 666709 470664
47362 735290 750953 401880 171864 263973 371392 505601 278366 143150 847286 598563 799886 828256 204904 360394 847066 734619 937701 506910
999127 470932 161250 761115 438930 526703 542504 675860 243808 708455 113125 141028 145231 839103 950551 645597 290158 588866 98971 584699
32326 813916 313324 167636 212075 958628 910674 889893 923353 110611 962785 479863 41570 428854 762079 326581 706845 270994 634655 957701
785318 760336 974283 724406 229227 286831 904293 520057 360969 70809 326054 394457 351832 207699 637183 993235 150035 325944 948094 237715
715700 139702 745237 455068 345145 143568 186540 267524 806559 562581 807227 78878 71204 259763 585967 16029 905911 466445 320318 521329
328183 501264 127200 619426 374578 388559 320356 189519 406470 609805 434100 738615 159963 726034 469395 188383 708449 378431 453173 562715
219564 394809 539071 900884 843981 575717 601587 467329 279552 181905 823913 183708 420469 711630 913325 807046 44760 857722 766967 34307
317490 225597 784765 885309 247136 38004 526949 862542 336521 189451 453779 307766 185287 615750 776393 581236 157095 949189 611206 648785
119391 536931 995671 599125 484826 757458 781622 915127 595919 204619 455259 370747 943671 378115 522095 136457 960051 160869 43904 717016
998130 261650 659499 126335 777605 552775 432022 708670 333776 808044 818895 202080 14318 875587 699696 497458 678877 543545 640279 559419
768880 596700 746583 98257 638254 74507 433303 857380 87777 238794 460646 19883 958726 9541 21945 723156 868356 454044 842718 736270
301843 423261 970560 587639 19392 553072 844844 327917 836370 850629 295592 330120 467500 343397 943687 550781 90537 44779 356114 298006
564086 640546 858667 349869 252854 429663 195485 312374 949024 913100 430130 758612 378279 82461 277118 215884 834088 655499 430531 174202
108172 1834 912763 234468 309524 358460 497501 541612 262339 882568 167147 582903 833581 706191 298742 172847 847933 207224 389321 526773
178300 805982 232731 890837 650046 919472 392937 194122 663425 716362 878439 435904 934769 591876 295149 67307 126014 691746 296941 406769
295086 45065 908278 46639 794006 167143 122120 737084 897727 382026 515640 258666 92074 337706 378103 77913 996117 769560 581844 9718
741256 262139 983813 856470 522058 731265 540923 523629 645342 922663 18280 169454 64143 450576 802461 306333 108501 358014 646723 212306
448202 136109 962527 927608 282924 292203 644857 898159 860329 393234 884299 764828 805341 50592 778329 218768 516732 752687 623015 288199
285307 856678 296179 697194 21962 450437 289296 921556 120837 625038 655617 888503 720612 641364 309244 381329 129152 450349 256666 228385
712554 575901 202417 862053 165696 319165 726799 43747 883059 209676 435712 962033 80595 910816 256412 216066 514018 287457 841034 536958
567343 132465 18030 330698 286699 725530 640051 475889 101625 149954 153208 183617 330005 342528 432369 854895 342284 508248 831596 318420
225617 757959 506216 899339 2591 17129 86911 918572 724779 946999 699137 126811 558090 149713 312840 690768 787193 645748 323975 452001
77319 200457 499816 774070 331985 592509 269423 391368 410776 144703 215353 453372 314467 346750 327193 609736 230138 737464 171947 863347
708312 692744 95490 626337 942226 656902 618413 153038 934455 570723 149124 976730 555237 915992 145117 1375 202946 535397 341592 191731
896104 675679 592292 306092 28275 876384 154971 742337 670371 401697 633333 612048 2934 18045 368457 37255 94062 474524 302357 915378
552881 403256 941782 528511 214712 811634 123818 643333 980509 483977 319517 813852 847875 424480 524045 707604 417992 100336 386114 284695
72991 210205 801232 342095 595651 719689 932419 616896 437655 486607 350096 733498 614198 176299 578571 843025 18769 443002 782417 533844
612614 650753 159652 11310 43312 259132 921130 740483 943935 863124 789976 74260 42910 827637 104040 981992 643181 340983 837651 729835
826480 308431 124442 424666 709885 87404 818494 710481 349161 698226 714246 941624 198511 219703 420753 745091 497469 503167 926657 672230
478339 274922 442163 348682 188724 193677 610315 836096 629442 553576 721953 117187 51213 309037 247412 998735 430178 490703 171756 893993
257809 83997 607169 583206 357582 5955 777079 924794 993061 212402 96773 342630 872812 199089 603196 582818 393172 10724 658156 105311
964604 466601 320766 854614 514765 306757 484527 273665 183425 209035 776734 389087 817862 48792 650358 877781 424667 372369 327942 522789
779764 181997 586368 808752 120244 342540 431912 938785 894404 402006 919833 386383 469632 399833 244350 546556 711656 127264 967322 134109
535791 14114 715529 566805 412980 636362 786912 721628 696926 455624 90451 526182 802347 21125 101940 595594 61582 202918 348638 496894
447698 402365 46838 980985 559303 492976 923424 660602 816954 715377 374775 526521 323334 239438 782878 80201 731147 33248 440403 843442
446061 135730 894321 560061 186093 894212 725916 829561 816365 438791 171046 391399 540930 926811 430684 624704 402559 87336 528006 376953
435675 483864 2882 555775 583464 600675 881429 938943 174727 700853 960339 920465 283028 636104 114866 443818 88937 606484 858824 145078
484592 208036 893926 907673 702203 879268 496955 169238 943530 792189 57686 923513 322508 555421 428747 104786 808147 520734 108743 507594
201229 652067 707240 147791 129231 793987 959940 408584 303384 300656 944705 708453 7872 172687 254319 229936 237436 486207 363781 316286
219694 580043 624540 363332 292169 293854 88023 64287 209636 740882 436634 850588 442835 55899 153645 830688 160387 816163 24225 991604
337013 161192 866982 308749 616891 389595 819975 166238 353739 542228 726110 572723 75577 468165 126770 289045 173852 993482 543343 741146
550215 224852 671174 242947 278150 543367 956529 903088 119533 899310 929450 311841 139411 193839 619052 803164 888797 129147 958735 799867
254915 289228 517206 407279 383860 795877 188494 549680 175636 351106 574541 27098 977623 475538 612182 771002 521349 446132 461729 330687
561209 439190 56323 179164 647327 230852 79630 692157 612922 429845 77489 849720 192824 667976 852054 829651 167073 465270 715577 318954
720743 207188 797223 570761 104326 819583 102231 701612 486683 148745 342263 505299 708231 685531 557446 693528 881785 700735 709653 617353
422855 775188 430701 617561 310524 789336 409201 874307 65643 330789 989040 71066 936394 102978 127645 460048 158169 30598 722814 889676
52406 907602 640779 944640 408595 879027 445118 58232 524141 695619 242427 954318 871494 743688 878754 563826 808524 899420 168470 35294
419744 3782 720096 263879 625084 574779 639649 928743 46499 350710 697800 905641 633334 517832 244385 860067 889330 69542 998988 60345
275786 639478 50605 635408 41611 949158 112846 54297 886153 760730 934330 554462 670857 14425 734286 788557 846415 633484 555080 277878
907215 556106 215902 666119 147183 194849 367465 768604 159429 968330 470288 142263 556537 400289 298967 50084 807432 162523 57479 695880
975907 826815 900467 531931 249063 130584 713822 714086 253231 279950 562651 814908 243719 659453 709656 323062 235031 816412 907553 444786
312024 711325 457416 591558 340813 426043 12366 466810 202709 230522 681921 578075 472224 462674 822351 633395 14081 993970 69735 274028
825640 441415 4393 457582 475738 864531 95096 142645 901233 509120 886955 648685 738337 347947 790349 41175 793230 705104 247111 162661
207947 626252 791494 98715 871913 110374 952358 837573 661803 285653 551194 66611 163047 32400 285678 990205 877813 377105 441977 145994
362442 319880 874652 415172 800424 149357 607163 21687 66385 305055 436108 523944 193098 285906 683106 37511 435467 658724 641121 465628
469660 364443 957101 171611 371460 181070 695398 738725 551935 86874 155158 983588 644811 196809 848681 116975 91410 847532 68765 164050
225449 901418 157325 381773 444206 467900 480576 397592 43798 497531 918725 465834 448565 96489 880904 214430 597047 35868 976870 733303
2634 257727 689387 784443 938830 665764 266717 318220 910017 618848 348843 976278 483210 602983 103749 139426 604274 143716 710669 79690
772555 42143 135924 884103 404626 862811 484259 439844 81151 929852 314743 753077 901716 293042 580125 737596 982397 222449 987436 921445
165289 392333 229309 703191 762313 696971 807020 998305 636395 758310 493448 569155 37130 861197 234288 234843 896896 870843 512729 243493
914183 184065 447192 65167 236313 855923 29003 914568 679534 430857 419565 984785 475159 277181 73762 868472 527738 627462 93939 270710
281879 595851 94953 653650 893201 948092 301281 556612 690483 725122 917924 960913 964119 523161 755734 542435 360749 902254 425267 149778
346839 648265 477144 623020 82665 895050 615952 815142 376714 462809 650486 397781 40066 440061 494906 852356 307399 950929 275175 63765
142958 550972 323225 492969 25110 107080 108833 450782 336919 204269 541284 900139 469699 898885 508763 412409 859138 276142 857389 960557
199285 827175 829720 875306 403042 270128 261647 928374 486257 780756 376869 288726 301429 534121 285847 131720 479991 343444 878065 247760
870391 538459 712339 175806 253568 416681 318262 369995 486373 38237 218006 516917 305975 487787 3842 505020 328117 588334 560724 550013
532285 996541 887391 137165 176033 255941 330630 988126 200426 144443 387539 474947 419306 87609 356457 410465 782663 692249 444542 431713
132749 338348 346884 554001 34191 15591 611687 736684 297087 431458 972685 878382 686935 724885 783200 367832 71872 852648 462717 895310
389278 383726 318143 678460 722804 120799 220939 172066 193072 198119 463937 741447 453031 780631 780703 888479 490648 146536 181753 566756
10847 719815 27586 152191 655097 23648 434381 379941 864814 310863 17904 157472 71205 438754 688098 650426 767473 342971 720321 685983
877112 473683 948309 121009 931124 267259 766219 515887 871306 130186 794550 403945 886341 684201 863417 185383 90189 427043 311418 590476
727073 998813 787863 825361 850045 494728 707021 915088 181669 344731 38730 55114 903089 903148 915023 574296 312634 809367 168804 540559
766553 93933 366340 196310 646227 587514 473080 362520 773158 431562 43094 178192 777819 315609 97048 427299 80906 815228 269134 505116
979071 915764 263531 245751 877085 404437 298445 501279 709787 952045 673357 168871 355878 951422 5353 759765 280164 908927 704186 276882
266520 37481 105939 784410 676537 393433 383191 110224 347153 496456 411133 108522 239718 602859 344648 941366 273076 939950 689186 273481
491093 53808 917014 410080 934810 999766 247559 259300 334874 547746 580127 610137 420806 354057 306253 401117 55700 506162 665780 348493
48112 470413 392892 835061 378389 785567 713785 579551 256071 539634 241183 585222 399804 178151 622851 925977 504581 936457 991036 258752
973239 362622 599949 26229 541584 237020 765323 15784 416920 397590 61792 458208 995547 919261 328520 97589 421201 660330 789935 836559
83861 460464 852937 573073 832400 77895 25601 8036 648049 287886 187992 149730 270424 486723 530090 557296 683767 956230 724303 268455
672027 565450 251163 252549 544928 905663 954290 477570 935661 152753 710628 212174 23841 970925 407192 421352 469045 138337 709324 146392
227965 615043 302502 115389 828458 188399 163496 310335 74963 878171 719986 149826 702 176889 329140 244403 66258 829105 877489 839558
374273 733330 325181 498833 338222 150180 124336 924869 285771 685894 861540 621985 491209 185668 132681 972742 445713 932216 855954 216608
84623 873561 721111 840519 592007 846747 652627 745720 325389 134347 714778 55926 682670 853722 838306 826036 805069 262636 112714 197803
501233 556252 542406 314401 611473 782035 517753 65390 3608 531905 754734 629538 928917 976578 792360 44263 563679 900062 151452 551655
343142 398226 801631 920375 368561 46702 652141 262569 739042 852322 750001 72060 138697 506971 684887 780944 327825 496144 215430 771714
579531 600343 69466 897039 666241 845252 391604 530031 694826 48963 624712 792293 186132 652008 653554 583404 870488 841164 36921 167307
584943 160516 310201 476429 386449 374634 848291 542783 184592 21711 987594 294787 483599 80984 151270 63903 468945 739854 814147 725383
871688 734903 641337 17330 1390 994607 698208 68297 219073 478584 359210 394679 422651 861677 685594 103534 363464 23800 271131 957528
715709 625857 731914 994366 740841 216685 118978 50921 234079 584020 443250 377499 887447 37295 899968 683675 763400 65011 135446 441776
14735 528011 730394 297752 473199 302649 176207 805250 922618 312459 700268 288272 330891 720510 315118 826483 706973 896093 979693 20506
994956 415116 163362 159057 99162 408484 56149 939191 300540 413008 394437 3337 867776 766810 974857 576769 649651 960474 830262 267790
506574 613181 496306 760172 451641 910564 520559 723845 750006 103213 945758 855540 34899 94247 161772 464186 354650 178463 714114 506498
287701 157331 749336 130666 54646 132217 954996 749743 741969 481244 849636 22472 663816 848875 771777 949424 854948 114743 510475 58310
255597 566777 510835 937820 998892 67490 796996 297733 691826 341414 250424 602329 445079 424693 592426 712390 877977 494711 233288 182142
370549 459027 177620 114328 716213 786955 371162 852939 441011 93410 979847 602972 129870 803537 55077 233660 981694 802392 404174 59119
549546 534869 102616 871826 97902 355957 12179 70826 122665 981577 299299 741630 875685 347696 145 53199 261573 519361 84603 544806
802320 758621 80067 889841 400840 857465 649669 198889 925976 527345 590743 567391 178754 313779 896296 243847 588911 607174 328765 832174
335330 41481 208867 592347 644569 392937 375368 176892 229511 136015 37627 282794 863816 353387 934378 727477 771990 369859 82897 347296
272046 485676 675097 573271 270181 161809 487929 711470 461361 92458 71225 868800 56880 343893 564382 709134 513673 391980 739919 738898
816311 634890 85633 231582 422325 4911 123360 919973 301881 341803 968259 525721 305765 381493 40307 26518 774158 229317 237369 180715
263985 422142 8932 467957 724978 135457 835908 274791 594119 503309 456467 79027 639054 575669 954905 844058 800981 583052 281405 508362
767794 839757 390104 227195 859181 539269 334578 879564 687749 281468 1305 37491 781407 642473 241515 128863 962275 360819 490509 972325
670491 758599 900147 242844 229765 185038 412302 26016 540289 811372 476375 21468 681862 827164 11266 636958 137463 53836 710226 75844
981626 457558 935904 397324 539493 785480 586545 980722 769427 601779 259246 970950 51356 103156 604954 655570 721671 997901 376612 923216
143303 25346 394634 189800 845532 439156 670713 573157 537227 523156 550620 31019 987923 621145 182361 44991 678222 341471 282869 199871
946709 480532 213442 419977 804177 266179 441681 896087 393961 841895 524367 564500 989030 768034 170508 840542 282019 926334 157116 892830
16647 138479 598639 264395 845545 296231 436938 607408 884810 366059 277990 337559 949751 107980 585142 559968 976552 178146 105478 681205
850202 994584 310071 792989 164552 70093 683763 53017 454568 922791 619512 612505 190219 920321 319659 764309 734967 911592 517245 969464
688721 619007 86351 965246 515357 694109 83942 770967 9757 624791 233045 992525 414138 866495 478205 786847 773149 197063 69042 782130
281617 699275 33405 571126 838770 785967 379546 966169 407546 848866 366486 199577 817661 917129 323537 666691 6636 160237 21620 884506
248516 191321 722711 217065 158353 335034 696382 373627 497769 854253 386117 34175 9845 475909 352420 625411 259527 175945 71886 531797
268002 15954 566203 707492 429865 957126 540072 664627 96900 775448 916525 847872 162891 912783 511501 469435 994300 3782 40550 669587
431522 327608 128101 322682 521108 47209 18775 429625 298993 987003 783643 97405 18727 393787 614155 848230 734754 807612 221931 32250
330847 998465 888112 970656 190098 89437 804392 707378 64930 734643 303127 357607 188109 514477 728638 765089 916409 100764 908506 992246
113055 207249 731287 964542 317765 403242 781870 500173 99327 93448 403949 900301 958369 872616 386850 868376 947727 833584 761118 595308
214803 345834 104432 853260 323852 891022 958204 982683 1782 195390 286873 122967 156436 281485 141394 132729 858282 41221 402660 928185
847217 482505 631946 911858 356811 169939 423515 549171 782098 951269 391610 336024 663390 761609 341014 455606 722242 518994 912386 344973
318505 927647 429763 882245 330980 430217 294393 768774 81412 540657 881932 424137 24002 756879 433121 888958 829310 558002 931685 477796
300327 764769 277267 198018 839059 555778 442356 727343 654751 687796 289378 243983 874573 552460 470297 283101 660482 29554 139296 319818
329738 816882 441214 117558 44681 642986 799875 361421 554112 165234 686049 488174 775963 689579 79758 267811 158762 749582 845327 963352
704347 624485 850794 588065 741589 546141 495310 99588 228103 933205 88149 264077 629521 679622 793419 395310 726058 719571 937825 961690
400164 460934 118015 88135 638765 143305 230845 56600 664323 879164 283971 597982 901851 512786 7001 577295 477131 285883 550708 693470
775237 329594 120509 810801 422370 905026 88606 572209 766917 491505 381299 608354 560592 645030 961003 632205 592270 527738 353167 744007
533243 953103 12251 296661 511583 397430 999666 996097 37779 353728 190972 395924 945766 703240 702502 318078 680469 420370 886979 221261
609233 996851 56818 81726 621836 792199 78532 678177 99215 529702 455010 459761 222628 242345 472072 741038 75558 980449 289529 734920
879007 972078 192021 84456 820361 125404 801626 144092 18167 826010 748257 525746 111884 911860 584790 258713 63661 893226 292097 397382
378653 105146 468095 492272 221815 895385 615029 477102 803151 479406 119722 897586 125620 915092 486549 321226 588164 470446 327688 455221
732244 554039 740182 680118 171079 947495 591739 445155 356441 574257 676100 468695 678278 344016 517122 572125 367305 689242 240047 64902
244177 330623 118225 530906 711312 652064 978842 38904 857275 515096 253177 469777 808857 931913 803736 386723 726975 772718 625940 743135
274629 651685 258989 797062 294071 686765 316732 837306 801114 649128 884434 625097 234024 149998 334920 473655 390665 570918 108692 485301
296396 303697 1462 52558 554367 597462 982403 151243 551871 534376 529513 145627 313867 167867 191562 317663 963415 325270 202945 121227
594280 860659 591924 10596 351440 919811 275 462212 471859 796719 622190 383154 968832 680836 833156 485320 329024 830090 252285 818734
571123 445059 877114 74026 107634 428146 301217 648185 939159 251410 674111 151840 91980 591464 951273 969619 370674 705762 184915 997635
85157 782142 998078 366880 932746 261324 147341 72733 869005 412269 847247 347117 939904 417240 186339 160831 803813 704389 400414 364299
312553 856067 666739 113601 768242 819647 665876 151776 520937 879086 106919 885553 380957 57707 708701 214 12412 961009 941984 743922
359767 65901 787815 564797 633353 780562 430188 410239 890308 164421 658369 37227 520194 39264 586638 512147 575768 790556 657052 190902
743886 252368 493323 68309 966278 566363 853821 391503 112963 222224 474665 991507 548922 770327 992158 437236 943635 135435 724573 810076
155651 361430 745692 188283 24797 793517 931560 287178 459360 725570 313650 975667 122558 754882 158755 421976 350491 507094 792107 21457
670218 569629 463685 249506 276628 369597 417559 752132 367174 438846 217712 669126 890788 742531 334724 19823 537742 841124 604052 808473
57155 511537 644083 974829 649342 940920 349793 483022 988638 266221 132620 525624 948831 515149 389543 544516 163652 809964 106705 702785
670748 216981 414868 212056 87107 154537 711954 420018 853729 411186 812595 456569 990938 553109 956585 34118 236132 575258 562449 440130
762973 24538 121468 780415 264076 362655 475485 202091 555345 520682 940142 188144 455538 507515 98273 213962 253044 848816 592971 293333
533683 208727 845850 506579 85030 696555 982160 532161 717034 650539 896811 779414 214867 367871 233114 458923 99389 212332 85536 489055
682734 103034 601801 73017 422309 409234 442934 529140 53051 768790 318420 444309 121755 745596 804762 519590 660123 509756 976711 925038
616266 899750 210901 401398 919840 788753 321692 185809 176950 822431 869822 221365 836706 781935 245669 408793 431245 787544 838472 419870
961600 616419 592736 774914 931737 731038 766035 378431 546198 876722 51513 777100 593770 650019 135025 907286 227790 947745 834159 935937
650147 726103 946623 514684 689248 32311 917533 582924 346774 495360 856375 285954 829666 920927 4233 43774 637113 495598 48944 548427
155350 712113 310127 329222 811496 811063 151996 949208 590908 313360 504030 789851 168541 84363 223284 623427 356878 669185 505618 594587
155528 119042 657659 167978 423417 753119 378873 845571 241813 504551 47085 710052 785291 731687 52360 679880 963574 382679 537875 372564
762656 738939 823219 940788 297528 238954 518725 401008 28498 874194 354703 410096 711275 315055 945626 716101 230250 350104 449221 469094
70827 101612 914960 79259 294815 94541 461974 813242 97751 909633 863235 817952 288028 753797 259011 564130 815636 992277 147663 955687
73089 933187 437530 708477 797148 521121 143640 58419 781543 915862 624176 534901 299764 526416 356105 843175 421991 770424 442320 35472
145884 328591 309637 324502 628669 120560 79262 486890 940014 266744 320894 486066 678500 249719 231484 508286 49190 397468 421599 380935
143838 718728 280303 957244 217015 714932 496737 173795 78068 896824 531809 775332 790586 535045 811115 769129 768342 977626 546328 180587
817514 759839 805813 554893 60892 207027 439268 448479 886998 274672 722361 563369 89857 577844 878139 809325 375150 843780 506065 240518
291279 933762 127645 977757 615674 75586 764792 312322 345031 791994 870037 350576 625672 765996 227257 506406 512497 96298 644051 577503
633089 24040 450477 117651 86977 298082 685163 371160 395364 233523 246535 830932 350889 893544 535218 884206 343423 999494 438958 666180
736648 389215 105441 63984 16363 630201 54067 328997 617961 20690 151999 995101 139842 533608 398578 272115 956888 840040 339323 648687
259666 951986 315163 489721 865252 843223 140204 504168 57884 852538 610960 908295 753353 420867 332535 989488 383770 625870 792952 367384
255279 84017 191346 371686 274855 500719 131607 145435 42525 708932 559931 492819 422403 98075 835522 220605 498283 466714 267362 645761
197720 81682 478525 914532 90833 936059 362786 863056 855424 335878 279352 929972 842519 205773 451995 821285 113330 603472 678901 262922
191787 263541 597559 452837 154028 361765 538536 686119 506784 539928 94179 397422 268463 521807 873716 528805 505630 178447 972661 525815
586363 299449 915440 211862 714990 509660 259934 20988 786747 971068 120381 238902 498516 610817 645196 648461 59777 803513 739351 881861
108902 439243 103154 545486 45349 532167 745198 887342 589143 144302 263911 94689 289991 77482 964850 76377 474865 183544 112993 757101
952468 510819 707660 529912 655726 692629 249884 719075 970473 145273 510205 211940 316383 838914 481397 197886 879913 494472 616397 273352
680826 3902 647720 361806 947997 160445 81420 413562 730789 790426 838886 438399 227455 250474 325657 397293 277107 405817 729366 825669
574344 793723 537318 734565 417660 855458 399534 648011 857898 274316 485143 389868 732385 409374 665229 527702 608010 436968 257612 803936
446926 244121 857804 139236 155122 541011 773085 80135 631028 986258 70228 930992 533308 372302 867274 37841 468717 473504 491969 97298
788961 617668 430607 635866 703719 10752 581525 993697 160348 700186 393159 448672 895305 997357 342375 54785 216769 399107 748001 634127
186190 750399 939684 336090 742450 36622 934045 18587 279083 814193 17244 656650 310451 485400 460865 277611 726159 590349 798908 915029
937275 370829 500749 629993 226988 906950 381947 478265 772770 457920 365098 659042 130342 792889 816789 692470 219762 277478 125174 318976
74759 663024 194297 81851 16027 379953 908883 745006 97335 379852 485227 247148 475592 533681 755556 908724 906895 915494 31278 983203
270718 918649 447014 484849 356937 100203 711121 221701 131394 444347 962191 458760 703414 795676 440734 326095 215321 947973 248456 914274
383384 342988 602180 115942 21489 209036 863273 686615 622018 529672 713309 37577 866020 354576 26646 644900 988790 944232 159205 147363
732391 959936 710376 374793 576978 621339 807716 55554 488639 241324 413769 368888 642520 757595 780174 900138 899394 245649 974651 875312
77236 226310 565690 979359 140954 451449 824298 672232 224492 940574 815800 538850 248109 951561 418049 677096 602035 189118 801932 790896
497987 129396 830083 48956 621950 878931 237978 819179 425093 152228 396747 457697 629576 217826 855396 662930 571400 790896 178425 421433
184391 814142 325243 275177 152294 907360 305693 817992 802088 71126 808468 133523 264011 963802 372943 977508 703261 836747 179423 880217
974741 156329 25592 646446 648263 887998 414466 522019 738662 850198 471685 349465 862523 5855 825050 479681 221558 654482 868285 39560
674014 361285 996580 649699 24264 33353 688137 139678 798282 627461 8492 625267 230085 715790 977505 839539 810301 559166 179732 410393
747255 795241 208617 85124 727241 110036 154013 972531 42877 362904 315370 453825 643617 955300 802092 593476 360255 552836 629246 428841
263994 753321 801318 523964 921188 256128 867228 495882 933766 194243 596420 455238 822993 879804 494255 287622 330088 452216 703577 480616
783272 420544 158510 974921 649418 52980 21217 91383 26477 185409 270611 30558 112271 758777 885873 999214 960424 70826 43945 831562
765850 488783 803280 632530 2910 224667 729676 398226 81878 158719 298286 116374 798334 627602 314571 96607 867107 617450 886230 130440
302674 223211 457630 948275 777951 33640 498129 522775 51862 513507 386288 676670 166992 69796 559150 327716 969440 525250 641815 20555
121679 954667 585221 497908 504425 400912 322806 105153 577277 838095 51784 656079 510766 61542 412191 105987 539472 36386 626321 424409
689520 322469 488589 719565 837724 450099 640834 57938 527845 322394 888851 705613 308803 449368 331838 163495 467716 31211 365643 786401
867351 928446 858846 428078 444619 659866 8508 569699 242773 401509 447813 318254 122577 442390 318795 21961 126537 321004 879424 3708
14999 574777 870903 369292 102901 6050 335919 173022 762855 761745 809353 790176 963971 82569 675578 110417 448505 656997 447913 658904
637203 299638 699918 958995 621033 958826 845410 258653 689633 958640 976028 864374 593707 801702 663529 55612 632216 784263 792448 108792
407515 671174 675772 158874 908047 128571 668775 674044 511179 211227 764387 575970 327547 45938 549291 806605 832220 461280 292836 62803
573581 957721 130 27155 109587 124500 802825 68635 97074 333842 943667 124226 76737 413792 104664 571430 703542 192671 862369 230325
942927 408289 714543 442111 798323 313823 565074 662144 398313 315399 924506 556440 786566 133587 965513 396839 546563 517575 874374 721925
611976 630847 146633 621191 62982 766678 365894 706212 471823 315553 497105 529637 863656 286302 362847 527024 789729 832719 375667 905636
281755 987451 195301 141461 149905 260128 576596 574211 123093 690724 982062 896782 449707 198190 832399 938798 673852 566843 474158 404586
673346 160473 696302 903289 972448 928100 358061 629900 839098 306844 362699 489191 349645 69752 509457 3854 493881 933143 215110 26616
169134 212968 727535 213430 592515 418413 144082 500325 408041 608082 237972 950569 175259 234641 17713 193996 74547 35805 284976 72412
36882 391686 788991 584625 853947 827258 280051 175360 509547 324392 655845 190857 816426 75424 492227 628592 408631 385935 257581 365759
712152 851867 364138 713480 353872 424848 495366 979683 165517 436976 719350 438531 365735 357111 910582 976123 666088 957760 486246 397121
839524 95096 751295 470075 102360 920855 935134 813636 109434 885542 288991 200884 537102 563776 563785 861450 512294 636822 217219 665624
619070 846911 620046 191214 151102 30491 195814 832374 600167 373583 646235 646430 280440 856663 90295 493048 902759 369956 61890 493952
713891 839559 216409 906094 332477 167404 504211 652016 648111 373677 127377 588153 166391 827861 443542 670590 605052 231701 888479 375469
514165 986980 978373 364072 877945 1705 15266 161845 116440 977116 82536 532497 605903 248265 824549 629987 998717 84176 5741 428799
598528 485883 625420 398688 639013 912474 692511 527834 488071 764168 444255 939681 521178 417696 982441 722984 908865 917194 599752 7583
252280 854578 471802 465210 105793 758484 56449 858909 794497 284478 423449 616629 193341 535902 254492 900378 395172 631312 687999 156465
779082 528822 467667 286383 651042 197054 881596 845199 524375 967515 825603 602900 311422 254416 426328 220351 979565 332946 16815 135212
435170 804012 607571 775675 50616 206079 280692 895397 102139 774698 596001 52304 477148 823515 332993 429616 530694 404346 307122 201396
99442 890193 710259 386411 183345 711467 737953 953545 484361 743561 271213 720552 167511 136492 64733 226686 684956 647486 8118 832029
553509 84446 231529 206914 478350 265020 399446 899592 830548 622115 128618 73862 742364 349052 839803 374327 51633 616896 654800 472985
203140 573626 746629 149439 519637 260261 76112 546555 130549 723671 43200 198620 686189 91181 573509 522492 885980 923810 634126 3762
472807 532390 919145 675548 83426 317440 886893 766326 904952 75576 865116 303863 366321 942530 171341 49620 64541 276607 511133 798428
192483 64917 347374 590047 856548 33964 869354 640853 377671 514435 566275 203353 538962 50375 450718 657568 350651 441174 789303 411473
660057 972190 299217 365444 85584 57353 827665 677271 975838 290200 76526 85876 216842 518715 65838 116102 894477 980469 889866 939163
989358 289706 445374 863428 156720 769383 641737 862960 450034 929061 630762 398401 607961 159341 950491 891153 841756 560781 273573 341792
713835 615858 762955 702705 616914 867818 819296 949688 234289 780316 631760 520940 425906 429329 667127 119562 719279 131311 370003 570638
30096 685155 586468 359667 585246 67140 377581 757342 583135 372958 316450 580024 529700 304211 978496 340820 333446 540192 476933 51444
474926 864454 244350 676974 240204 709643 130666 414711 415969 722398 766052 802951 305604 175657 303430 285543 673093 447449 367757 894676
581516 242525 575176 51509 571000 640508 254614 165473 709688 558231 232531 261099 960237 851265 126518 482279 232124 161669 222622 20559
482891 54467 72190 129706 310870 637397 261517 249720 793484 550850 601290 578623 286206 111279 356458 406097 881970 664840 328873 771522
753950 501989 932865 203758 942616 136496 569103 12750 994030 489445 223567 98547 180993 827299 590443 779188 376335 559294 489696 665371
652615 910605 345559 385863 647490 594170 571192 301966 683279 859774 45837 766337 217082 842426 891129 934333 161839 469073 640663 870968
696403 323230 754764 672031 485136 452968 657240 22881 700028 703972 901411 911710 634762 52159 378345 317829 403107 61678 277858 437751
659383 668443 971514 925688 572238 880756 299910 467372 598066 442496 43650 755183 204954 98411 560700 615604 71908 164492 933248 927261
925481 696541 638104 582816 31863 210851 162284 307321 708841 870097 935886 363752 830549 873462 244901 581195 780422 898700 739231 20332
204536 458025 278211 905303 26275 215804 603332 267350 319280 993983 691745 669262 189856 212338 972774 503868 843638 683213 849480 221823
992875 496701 941885 691905 412209 172154 170995 678955 146285 736223 571536 174397 546143 412137 162834 613522 209326 715157 835421 308275
635358 656256 422979 819377 355960 975324 152508 424219 15915 49384 625047 578230 255061 144203 776543 501388 305579 838213 455167 740431
988331 795172 558533 758975 851704 690702 747 266896 216468 730784 208768 799000 898894 307487 311253 230237 151571 182149 748843 491266
274543 913545 272567 912796 508776 929183 306449 103864 71382 12765 360874 372448 12582 629275 661164 743351 137227 113646 120163 369222
915255 88229 450361 806677 494091 651856 836626 849844 474999 340658 196248 208676 69453 492404 180672 709029 888225 716851 429324 221552
473757 237565 848669 854226 267656 58848 266006 858659 962069 954320 289972 66493 285910 457036 377283 499486 184439 159472 970915 153607
545825 541114 703365 472529 490740 140894 399324 413321 858001 593899 998951 484737 147485 396665 581087 557640 414966 907588 588196 104037
413725 596006 528822 322563 346461 573920 248712 128416 453134 453424 905724 210436 830714 977245 316506 914115 974011 573719 54753 882927
270777 159279 431560 654031 153461 668034 984304 738787 669819 76746 63361 164199 511889 766942 615327 606772 338526 409278 222229 431915
540492 40649 765519 6104 808463 110803 78581 491551 389627 408040 503193 436939 918810 758571 133101 910469 18894 714857 348524 489735
109235 409621 581890 277527 315084 121414 398029 553003 55898 461056 344136 951834 130352 744465 86862 645658 340824 607553 592837 584367
829877 896721 787932 880361 976471 243016 284149 401601 505174 516203 973772 946176 57942 361621 117107 613196 854593 809733 897906 231460
621361 997385 351737 636653 328745 803336 137854 853520 844677 997142 810543 924455 355072 74721 467430 279745 901864 818246 363617 935474
85756 786054 239013 735154 130009 693428 982787 632736 493992 892700 242635 128486 222598 908203 443291 298751 765335 794312 532317 299211
734351 378817 261240 654 738737 118954 365646 587017 643950 538303 251678 516762 391558 182421 879844 959224 856724 665768 181786 427775
298860 658851 111708 656496 499810 196522 328676 808193 867309 939275 194845 493045 938140 668210 817394 233956 806208 400855 482854 889678
330800 546749 31720 10108 459419 104646 984474 805753 681458 151801 638800 211806 296356 870007 875929 318063 54841 388476 475649 642195
481100 515848 627181 681444 940257 427458 901937 780735 266252 210581 33296 9300 865394 880869 726609 745966 541562 768938 94366 152996
202497 752368 59093 874703 53293 613211 578945 509323 657699 968081 713826 291749 892458 229065 886510 718193 13245 342161 880714 660890
871643 403194 634313 814964 93747 633627 175736 417703 52681 137845 112333 860558 73755 230983 922778 490185 333663 340432 283241 914522
480770 678244 91381 544293 13144 633207 213871 984 773451 869527 466094 496715 171363 852055 456250 488905 670508 459358 734199 591592
108420 882314 98674 637635 320597 916287 861287 973229 64262 474486 763376 112149 331741 808670 433166 653108 121892 845833 149691 832825
888388 933955 796121 991903 362916 205301 704297 928913 594605 645899 432115 648283 273064 904160 301375 398204 616138 874922 866335 1930
867338 839296 879286 762644 939589 881508 962945 585657 86583 197181 765633 228011 172006 299851 872037 217399 445349 520735 580238 14541
292098 140621 723282 918094 387704 603859 542579 57454 583836 858270 801348 542987 147216 91510 253171 859446 635004 520534 845514 731601
348670 372012 414382 450182 216687 454359 511212 377071 322256 716996 515193 38226 522915 284822 22949 255567 119430 357669 852707 285373
554185 410305 405555 230145 802061 320182 966 738656 64205 233909 417971 853820 541739 238211 869387 499973 489520 799361 42253 516033
252178 353474 727969 416586 27244 928767 9624 552221 160890 588624 558207 791630 458063 6089 115200 297717 304353 751448 402583 35524
492361 92485 947681 898047 415416 150419 339199 938626 428255 389381 364204 96612 94885 523900 318416 5406 333134 138831 254137 802767
943346 430542 339904 898206 889008 466176 143432 402806 807667 217772 437487 182384 20160 786117 522757 562745 636459 929377 831477 589779
257408 918639 716810 472259 19623 406180 211274 499450 56099 680895 879509 194141 665954 571729 557694 875038 101005 720622 518241 590128
329788 88259 865580 44541 743643 257101 438965 44874 815075 102110 351825 653235 872178 292926 703879 554153 381579 291366 393340 855724
989527 315901 242290 387116 716880 391582 655739 772531 171636 667591 776495 543345 581339 202371 860809 588404 230401 974007 905890 297785
357720 124607 915786 746274 257965 937083 237709 148407 944991 671212 60133 199307 520212 63629 438858 828515 538575 244061 22747 978918
833373 312705 216576 741550 408765 576478 222663 394573 179129 585152 688325 468762 712634 752871 35502 33815 486809 301487 52118 806607
165591 384828 964260 577092 708102 630908 108553 758001 614417 182166 256241 63598 740261 906421 297746 896360 687679 16285 673661 15590
258222 138365 384104 97683 681837 217439 628099 623963 974931 111323 643996 588241 322027 662592 155730 582949 410743 236097 580617 940025
518221 341036 669416 11920 651167 201244 896773 61012 667751 699196 745027 962124 516467 993819 167558 9516 80050 545234 652 745488
58138 976520 925819 375797 636078 68737 538825 554664 60576 885033 804677 353903 902499 526326 591108 344528 33235 868394 262325 626236
322284 435495 339089 258919 658356 423799 41960 198638 780879 814089 566921 30614 78422 591173 190784 697534 372914 932399 354089 377552
142750 605447 255354 890700 223647 473697 79972 180822 962931 713667 612607 153054 547650 806530 172737 193674 854876 350948 239423 271284
311898 785225 488411 356238 508688 654328 651688 133692 748464 894250 798759 436169 92560 296663 864974 302907 555722 146997 90910 701503
426731 415440 155608 673371 362559 989544 792356 429429 31878 578701 600737 953567 120949 919735 479326 688016 388335 492463 238478 373584
21899 895967 875747 503542 519939 272139 218036 579939 989683 704432 849849 215543 47184 298250 394998 893886 13551 956443 639330 683922
508831 757052 345725 457789 13798 104048 190971 203139 46869 964004 708796 830664 814635 262937 554389 337833 378290 139749 681066 510538
54979 590842 755696 728470 598472 318318 109220 820688 174712 332670 563266 226488 3449 266677 452634 460321 594634 275378 962224 380589
794340 861303 240187 281880 929353 256764 335166 323994 312141 120353 404933 857817 433004 289757 495038 757514 737833 742078 314226 993945
766398 523573 960639 327928 102807 189826 544108 491193 863819 249770 582062 104823 578503 368797 933489 754425 722585 18535 280248 119878
761837 653910 943805 99522 963083 962287 62694 133300 836976 423127 90415 681148 910659 671730 876348 256157 763044 544918 485290 603062
314168 487933 454690 487238 641861 930411 407593 938355 604377 563703 874499 703020 769707 391696 830400 204689 718010 980641 927112 695689
413811 968436 176895 408055 442549 717782 57694 143213 51273 870899 855867 570164 272881 3448 835518 396790 499950 951541 989732 605056
136786 960292 679900 619466 222589 791813 599887 400762 744386 702532 613273 964887 792832 869578 593461 402498 769857 176287 658113 83175
825737 214243 637226 136250 299644 655001 540855 837169 729127 280115 661977 837389 660510 397914 80727 842197 154527 635995 431897 977638
476321 800702 611810 606515 704952 336835 75457 690380 847618 545425 400305 468259 599330 133350 376309 515199 160889 684573 422277 147496
11097 713133 555852 717376 62579 216024 755616 952597 385635 890233 386881 274725 637490 751734 773774 457316 127646 472272 424405 347368
957734 426835 178365 349900 649844 512846 910638 157169 380494 285343 372472 519910 403513 694629 396995 870825 193937 380852 940568 218520
865693 91522 637609 446187 740300 734161 652994 588918 485218 507404 89357 123102 971705 336510 979772 75934 812730 146672 667855 59258
271258 68936 561090 111738 639815 593396 600302 391755 25436 812366 304382 984091 578292 243139 8863 603980 909301 323540 392067 338491
10401 74519 689047 97038 217868 819911 369431 73602 353985 49314 528664 301501 15473 897334 247407 477200 785914 593017 764862 792283
829526 256545 723177 651872 177436 169308 628149 158744 477332 476403 573080 78400 990978 830885 31600 847291 800650 469231 397586 692491
259075 511387 827649 274142 574628 8135 706256 238716 393615 40294 226209 185112 869377 369995 172290 669686 578200 867297 203082 413674
179324 686485 340093 780795 193144 285623 91574 816930 923511 751282 578914 558509 972055 275198 868924 124750 66303 126830 91 814280
328495 485484 107219 937837 902370 314136 731791 472562 358745 463110 878354 28615 771686 488878 414641 515465 242912 851226 946061 320348
425208 3764 32438 582266 627656 31548 732428 520485 86376 56369 700874 38128 894273 446952 774985 417004 536552 562617 583770 111886
255232 237350 619089 471080 361831 366618 19726 871904 938809 6200 599747 767546 13214 253683 320619 846216 60020 879309 525684 307108
507039 828840 700410 412338 134365 741068 473615 99721 32998 102688 250705 584901 967535 951973 271761 884268 814377 807863 376313 348385
430049 703152 110434 628300 822104 535578 892882 372502 767613 69580 739648 392785 412005 775592 9218 240177 854790 417288 254447 842364
11555 462194 668471 251428 297321 39288 182627 379830 669537 975327 714621 861220 711079 140988 271830 216129 861374 835981 842349 681006
637462 987570 406073 530199 562664 158230 368112 893769 822329 602907 324528 825271 357187 101597 890667 427030 204977 931630 362294 102363
419203 100121 434031 953733 608703 852498 308199 811559 38039 124269 235528 192413 117010 765119 388843 442817 319706 586502 347125 559375
570198 324009 526437 992121 988162 218834 866366 324860 508065 211790 328433 394248 445993 16400 497312 748440 385025 646264 645105 4372
384891 952904 537437 903209 618363 488024 746689 595649 676930 504789 170645 164308 917805 772676 209818 716996 638693 178825 155972 925893
462806 292311 974057 923946 992005 818509 211933 646366 481474 459123 491556 300350 466680 204917 447183 525784 773212 345223 663206 521363
630300 702977 145844 512322 19568 261535 345759 432228 109228 896538 808307 213952 338380 810024 272075 981194 258973 968128 178060 623993
628979 709758 652568 492903 374229 900286 573806 165599 955213 314391 642012 873777 507657 883428 409514 201248 1034 345308 101400 541426
322232 9228 495389 343553 360686 924283 269249 345808 673498 62615 369760 308367 907949 582521 366416 143464 708345 52110 323944 950873
409001 725744 789991 253190 908722 931286 356282 276708 943625 301072 156382 69593 667870 130438 621449 447014 682679 183554 256236 238282
40526 422707 508214 389086 787245 617946 802869 206701 37697 980946 2866 276978 594299 635605 108883 601527 987134 343952 308062 813272
263820 676937 71905 382467 368237 371925 583044 707402 585536 373176 424915 34886 800378 906848 493690 999746 901934 194393 466165 214045
696247 928601 102480 316845 980153 839560 322963 27984 490342 899164 122570 280672 321669 708876 235091 134130 992299 756007 215332 43176
613251 987337 262789 72942 812050 895618 552945 648967 861273 212047 340269 850235 557818 782690 955966 549261 491356 517694 814859 167077
153257 824787 183098 177063 395744 426208 558652 599923 203983 309121 397574 534254 72617 475740 380818 426335 343606 529409 27591 836400
830852 799744 894657 938996 336774 485280 460723 382361 873409 973705 772556 796952 222849 22136 609069 479427 576157 551341 746031 551797
987844 517515 299319 751256 787530 203016 868723 178787 944513 193164 203784 826238 750416 110634 430866 829056 620657 564515 951427 791011
674632 157954 939780 599158 229276 884822 893938 508491 11452 289832 589714 600574 786691 517613 245728 489697 628881 632064 379558 417202
891837 955950 70921 341388 539131 192214 166369 642051 966823 761012 953349 475400 908615 775075 475943 874296 132288 968829 89611 928561
793635 785144 587421 45059 841979 356078 221487 642421 694175 316995 164107 771646 93915 333456 445799 974705 756570 461489 276073 142198
848474 638313 264247 383750 257200 517732 596030 703453 519262 575266 363444 918383 37634 519918 335047 669179 457044 40635 471988 701886
296845 940335 277982 952521 60797 68144 897222 638829 950765 318527 239433 148188 342053 461606 511419 635088 290401 772365 845340 170549
162748 634613 495829 130152 106440 415809 467031 439600 376198 695312 818410 776365 450296 432540 535904 276696 156230 210211 536688 147381
93507 455914 54249 726586 590973 278545 70599 120701 985609 76844 250029 781486 39320 304759 637789 764004 170015 917068 492502 536707
191046 709970 418884 916036 767466 784614 846402 962046 369086 427412 173251 412723 445656 291156 869973 842889 897874 12997 459218 389665
926335 837369 560165 867825 995177 534964 900001 384980 359528 566626 195309 134125 202919 893544 874241 532641 449490 847886 588320 363360
803425 826588 80379 566963 12587 549296 711072 862544 545480 294299 388330 177333 923503 116709 366174 560576 478489 313203 493715 555753
457094 89007 952840 586244 462114 162418 59298 295220 688597 969777 545073 188510 300522 871204 215880 265979 597485 945630 683093 343571
964509 874632 846600 78520 54322 241772 393942 621709 321791 143762 293472 135917 139200 540433 940113 974929 463232 60129 323403 275854
475514 107458 897612 211866 890507 591568 307440 888735 981582 132007 477737 612318 31300 57168 496305 945800 234933 403988 393091 331346
416395 788616 325668 561216 909399 297956 401066 266990 515059 202191 944271 374345 89491 318501 620665 686999 777549 724241 554850 261023
978774 261725 254559 723083 567622 914352 708933 720340 455262 884126 999457 507149 933234 261833 786639 161637 872299 742689 235359 9420
460789 114408 205650 575978 288169 587007 38501 541 523819 847067 305013 534320 640712 136636 937195 543024 54465 35639 978603 280188
93314 575845 158691 212501 792722 495839 262035 944537 823501 342119 407772 244807 350908 624730 716855 538055 280329 255570 174107 573848
148438 520283 259781 386680 780057 457524 402319 545736 344937 523829 51370 564371 232611 487020 60709 253130 257443 859039 43018 484825
472820 485494 443318 893516 651318 96641 131453 759539 679802 107209 334961 662139 624483 710559 888104 864605 39868 503869 656037 474868
63649 997087 91504 515717 602324 189878 659807 571440 296806 934511 58317 103244 708523 618424 122510 41586 944889 582803 619615 358787
793559 49116 77121 720171 90974 339404 958690 488584 294748 958641 38091 5261 591245 351874 148782 733850 188025 678439 866865 571602
463931 939353 836263 909152 173036 592278 334258 136208 663384 820417 180178 634050 110075 217530 345133 456271 382317 713917 533101 556661
94634 100406 734209 980429 254683 328880 431759 678081 460343 178667 584425 448941 575431 850586 881522 271667 183460 501930 18657 521062
428417 680960 249575 22344 333077 323252 200491 590439 745227 562826 305838 896130 156559 768312 928464 653232 242937 893400 382156 161789
535305 189954 47748 346238 838282 897267 676698 963980 230061 253974 485835 220795 110032 226384 760553 128601 559658 471305 27302 849853
764155 441693 283026 518810 99143 92592 808755 586671 480929 821119 814044 120810 934922 101617 610196 813939 606203 944103 457331 10969
961898 521409 156219 523162 574181 94037 503715 401066 868852 636700 249710 520525 808888 370130 352952 700784 224477 62305 452573 525079
770513 331087 854789 169725 217934 720991 661693 913780 794668 691152 317700 181446 556136 223420 329381 429232 672014 656998 296704 28133
871456 201076 478238 452377 208925 732294 419990 63440 697082 158188 628925 640644 991714 284072 387097 582886 236847 849782 352043 654411
724806 485655 164688 587752 882593 550451 41251 656558 954957 606980 322269 513515 164324 370573 575482 235468 180957 166757 384237 482821
900694 970426 229830 958554 414676 156461 86821 740574 363490 176311 37654 665393 366060 732247 830637 973266 452764 523377 543408 969252
940978 86446 920826 601273 584570 52006 444903 274723 274878 814030 452371 863464 973743 438088 397901 362025 417868 323661 144325 364858
402174 497598 578290 979151 305284 752664 26357 340051 490121 148958 500006 642985 802269 551572 442208 674806 950469 953100 40656 266289
241286 990846 365952 118100 41384 42394 689685 152482 340273 463167 360387 425804 173555 835953 17035 327891 391813 752792 687653 857246
549305 860939 508571 573690 607283 643966 748954 924641 157772 743885 247058 634977 664255 593212 524199 771405 513296 473268 313711 875318
757097 17110 693724 576486 534487 326457 876449 443633 797050 908784 633404 147608 929523 488146 571934 266925 989916 708521 24251 853366
119935 562161 309970 195907 364126 666453 149129 974436 356359 362108 63947 394029 940761 892368 856829 600356 73363 117100 332615 555833
349580 382426 912978 710823 201769 206401 726170 501631 53200 166383 607421 782505 882472 574987 493999 558393 496062 724805 157048 505932
907994 195548 542667 968078 481478 412061 108169 131188 2294 973269 255871 109713 733307 34636 800323 45656 227938 619690 54759 391438
747070 407867 894414 471226 307866 978371 605532 844079 946028 641345 527125 796281 871566 581267 399709 929387 765809 612344 18781 891808
733527 232296 507143 762933 439892 115746 785660 53976 886134 444700 429340 707961 557506 224221 629828 432008 945809 446146 350776 521477
684326 745123 3030 90358 36312 383591 630245 787939 61075 953655 754839 460767 646173 457274 953721 484875 472395 359334 176351 87416
375805 619854 302221 559424 37638 767853 660541 134169 915494 7844 756952 336332 589054 306056 694010 461538 190803 723502 584716 75832
224896 980230 521597 636669 423350 947581 635159 983356 146152 149825 813868 932087 983329 275314 567596 211878 894033 315639 674279 55479
459346 403504 797145 921758 843477 674815 892604 712152 845466 818159 67658 899911 53422 9117 346476 666467 14511 757687 431429 212333
979599 630370 638573 730171 742780 979289 407102 15780 55817 766760 646591 298518 82379 104580 621844 569296 81682 229140 400646 796516
250890 588701 84395 680748 17939 605155 172567 871579 524579 213200 595477 182892 505706 867545 28755 963002 268703 345880 138091 7695
530040 107655 635753 490878 93310 444725 875730 735197 116174 408284 539138 930787 240400 11071 997176 738319 283692 618061 292498 507133
208700 563226 440002 660846 232819 875333 204826 1725 266336 59399 884686 560384 247252 104864 495849 845516 702085 829508 94525 786451
414950 429240 316997 580669 255123 674767 368314 893201 337486 320210 647037 929766 962036 176085 364338 770077 69202 513542 531017 617003
615122 858261 86505 865874 423683 351148 433775 239108 752065 159513 596646 798220 534674 823889 432159 381485 526601 425051 823327 400379
788417 628310 826048 922826 235561 920298 53039 800791 371487 942296 807719 644493 588042 52859 132627 415539 426424 449255 283241 989502
799033 875844 534776 887220 853138 135235 352772 248054 710490 583499 125535 564830 148691 565360 222992 732426 281126 61982 750929 80639
96542 592613 399246 33256 140886 897565 923315 905353 844253 321065 742108 902096 321340 93583 621262 589594 921235 297392 340594 80216
657690 972930 836434 150138 829318 73766 236149 616259 527192 60202 179414 545387 66877 972690 721111 779659 133187 338341 348413 894375
129333 395493 376786 259765 484747 9518 397344 16492 399197 229888 700616 483137 581012 856162 410874 262366 899186 447935 95131 238458
760874 698323 22618 56697 492193 210234 893992 543962 386030 55022 554140 532803 432994 968783 804111 624593 79789 976797 816006 890301
715281 553226 409925 595109 659370 488450 513208 486297 592177 978710 964350 143007 402884 449594 191920 647259 728551 413294 167243 634432
522495 873880 41859 388651 597851 643100 77801 88192 536531 440910 269984 140452 653153 475599 998893 591910 461500 697403 537365 117608
961700 469717 540251 601402 202556 597588 785416 626388 838226 648707 989882 902784 615074 82821 5151 312546 505628 963773 653043 476485
124858 549881 523636 37556 409596 325245 440063 606193 854666 284899 180927 163505 64314 502779 22979 848652 239472 220708 969075 492118
823448 629572 939346 983889 634133 724518 523338 348126 485089 812384 964091 847497 767848 588486 156185 109194 451205 131614 24987 597528
684923 49215 569904 471436 890374 412042 415228 985876 535914 281458 588257 241971 42641 185994 526345 261314 526782 889807 81003 156261
216030 871124 769149 111799 420346 539011 362908 889321 923971 240667 50126 330661 407057 111137 436838 552282 845410 460329 259837 241318
197941 570976 515265 90768 596280 438588 801135 118555 304016 329490 31783 850450 673672 158769 672220 215792 541747 137764 104694 940815
861567 147574 708232 790663 838561 533203 648945 800924 650104 634129 753699 582069 210496 100100 223923 551071 367502 432446 302397 337881
347696 912628 444 399305 677520 323178 725055 29934 158962 80633 146731 425150 758592 674417 99436 457148 86782 610480 517692 61492
274017 893450 817118 754661 822075 522862 900418 165398 839118 253216 49470 497833 905648 776890 782658 1520 545633 197512 280893 675337
311492 872984 11961 27327 201766 402856 462273 297309 402893 496938 965556 248140 895951 719867 534604 123626 530760 288228 93026 129224
548737 596169 179202 651086 636621 476942 130044 887174 208037 363016 644683 445559 750354 889268 883571 996966 961781 241545 900835 879771
105358 70889 147381 702005 562587 596601 243103 555218 500822 329382 519631 232385 90839 169884 439974 801199 849849 41431 580962 448336
524417 414766 623753 81173 887125 228340 831331 133964 509724 230866 574538 597268 192194 49298 644653 592561 95890 272936 122740 98461
60724 529986 50434 837886 438367 958492 199670 693029 402876 825918 995552 306465 221325 250710 337285 586692 683009 349427 217482 43633
234237 8399 902935 628785 63380 966532 233716 969078 972378 929155 361139 385239 119338 274393 695829 671194 548915 781434 766669 498427
759539 875987 200104 531196 643831 292573 682269 840253 650529 421241 776058 220007 465588 489210 387821 445423 78186 963123 840125 644456
161570 848887 95218 47094 800889 843234 647582 792227 956113 349219 862250 16802 552523 744040 234182 875184 757543 631341 800033 639794
432076 286164 4704 482294 638752 392674 54716 723293 743720 411675 974429 498415 637259 692351 334410 775661 241274 512267 695109 949344
732265 720599 545573 755500 937338 47752 160126 252294 898750 287628 85914 59773 713585 842251 666704 53903 45151 562867 656333 821237
578847 690752 33230 198339 196007 586330 194334 526841 620017 930829 140463 137028 788446 659647 559351 705572 708952 78301 862442 866724
673299 957977 103707 867571 788578 494261 46473 91175 255963 101534 581135 139777 630361 536002 836888 862520 556969 674564 353407 169751
602828 395721 31295 67835 520277 29411 877833 242115 893415 690576 906986 517544 310300 803497 629670 161010 402398 441630 331046 760043
614262 157843 232343 970711 996969 259358 144365 515153 710642 957046 690438 838857 5302 464088 325615 872770 280534 723958 740005 695005
154942 51961 487287 528581 53362 343887 248913 716591 512207 600646 379284 955933 189332 735969 249302 509878 735132 894285 563996 65063
695220 637925 545724 892186 501020 914988 663827 630084 282568 972098 181913 370245 644130 495790 110389 981701 198480 903990 268806 36659
681767 944301 743139 680759 827220 703791 352701 623012 38847 107105 795886 840588 900877 508750 581475 682783 360212 326097 190070 56923
565057 190370 630638 64417 288798 155480 505585 565817 156726 458511 249035 878489 851030 927258 937167 863399 594635 834754 933173 519242
707173 17079 2585 513932 861871 233466 419778 14542 653344 944125 246815 263421 995797 797621 236406 996993 690779 693526 203402 589149
499358 702983 818591 184352 614392 348439 41286 660954 704652 450502 115941 60476 764112 710735 19716 716468 844089 909789 719356 832040
420244 670488 121431 540897 989991 762884 811528 714235 497252 107910 353498 960565 768922 230365 568222 868130 645073 542507 742606 401232
483316 591564 43666 313197 994025 112557 18512 650189 732751 138601 642609 139300 902780 967755 430115 39869 346139 781638 324084 794404
80317 793587 634936 372315 776344 171652 731602 538740 499070 52856 237246 644133 82883 463353 25684 370660 563786 116489 200173 684380
648042 116539 563915 270544 751156 919361 582179 279787 793539 524857 245436 177953 853758 378466 888630 742655 16524 219670 887753 624427
156512 875687 544590 867031 451916 897081 526425 422956 165803 308213 180143 55718 218709 623885 183014 571256 383151 251140 926211 153177
759939 686457 924703 505158 689040 861047 125381 490704 253868 384929 230691 287953 290349 990701 700897 49385 78282 576287 805929 573058
965397 109769 506411 889747 533638 377387 373303 686223 119539 469595 782936 20981 107481 221071 358262 133545 23424 108813 897905 912667
801576 444789 563300 725656 869892 868586 121375 8640 987532 237491 988167 309961 279597 818481 2455 943188 836971 327847 246367 754995
245514 620926 657540 270643 501428 877231 301456 136985 966988 691000 981057 826785 522268 473735 522482 578414 996051 720086 65591 155677
183756 305249 680597 768055 130380 478156 765108 434555 935634 478418 467897 538427 58063 5543 542398 159338 155865 12813 161917 788574
268193 442180 502400 901599 166428 546826 71801 369476 683900 916228 20533 709998 105335 796420 30956 323124 50913 830553 341204 390469
314232 189917 439234 939262 120453 707633 838088 340495 984363 67048 82678 192198 516841 403971 537588 503302 181162 25079 593151 727008
900221 838146 921720 111200 64610 676388 638128 512307 574628 221545 603976 883014 938414 199777 223490 470069 756658 310490 629163 402694
494822 331927 511596 951115 346896 296742 700123 229143 363808 241427 429712 595820 293980 973334 65316 332044 336764 888373 392902 217768
882977 56534 553993 312582 434052 711191 804444 894999 179771 738865 245706 186294 264768 728396 619154 355644 2177 209703 132176 654733
16618 553886 189495 631622 556627 718879 122999 703434 514125 491559 295267 309696 176624 372239 666251 11781 155834 563658 869838 329428
210150 244797 230099 118623 180717 68707 523183 282472 850768 971720 912813 834972 760596 133103 367773 954039 589498 974625 692339 187848
455459 638735 160 759951 368867 649341 139865 144074 314477 29268 376783 399822 921085 39082 952805 120690 540340 477721 586781 868062
416752 64451 452037 945450 45480 286756 84417 351445 858440 33433 244023 423568 564175 991682 573018 158935 630022 929181 331654 585171
692274 172525 508527 239408 600214 403065 916813 248461 351056 44359 298938 246854 351103 434487 745546 442206 153068 58224 373254 12779
868546 607990 118487 325068 940655 358396 888230 354036 894919 784499 447798 44563 225015 474916 891132 563534 580678 896570 709731 359530
21682 18753 578624 42519 180544 254497 950939 7858 176565 69802 475773 47949 195855 610665 995899 549293 956225 276130 511911 602884
131761 581480 892656 619273 788776 103507 276114 480215 657424 281174 904266 389350 995374 380519 414954 310139 267901 826297 137650 377970
159912 202958 292290 770725 575373 868469 911916 607017 821622 229833 486693 823303 284575 577804 863729 552312 813184 714788 949132 354731
424334 907241 96045 675500 270101 555603 281307 761485 865691 630970 21336 322921 969562 58764 532190 302665 662565 551642 828449 854486
799158 747415 288781 254886 601345 199509 112334 512369 742315 686858 993645 954956 621204 858332 809414 410772 864935 316822 65515 755427
897348 2202 608155 700259 399416 627985 250374 793562 416048 872250 425880 325667 800657 472677 520876 468385 582036 81592 422728 205286
51768 746978 129535 200184 274612 281351 236848 128598 330326 900252 788541 182702 729556 231373 845591 817909 119816 540325 199731 38283
11673 948266 98394 325265 738517 770057 835388 757320 291812 639197 276086 337573 722692 884071 975070 649112 318650 244538 173604 613541
191313 473633 532741 647696 692640 692590 582158 833795 937900 775167 768294 150537 170813 960429 836876 587619 580659 289911 308563 522211
453075 338802 710029 454775 305579 864304 70228 199167 326381 392033 857074 261966 123692 413439 630846 802536 251060 7876 858829 653365
785688 763948 335068 702977 791702 139494 806081 167162 282810 316892 25726 17966 544764 448472 70229 958680 725695 133379 307625 240137
636246 614933 895045 556271 189733 48858 514360 41468 707529 296703 225969 689276 213434 77208 292839 693022 828418 329570 768381 900837
651317 598596 941277 858644 364990 582680 304770 332688 875642 633096 777488 306866 638180 199412 57187 334119 931445 138815 369059 34465
652887 750569 133360 216690 951557 869036 595673 617964 69362 972347 981897 226998 650022 225015 337806 561270 649880 65199 719235 781236
121205 907602 21 81007 842090 42992 196204 358520 354061 712324 72408 437938 844308 834759 143289 431774 219085 656208 927940 927031
319537 588864 384870 1529 771792 770277 214459 122624 754157 207349 378033 203911 469691 515192 318059 329642 772547 377300 89529 806978
695949 20757 159801 7325 830965 310188 605091 929182 580890 295649 143326 592305 369318 683373 20283 587146 160423 963291 489848 429711
367241 151207 345222 178288 470532 949750 682776 415085 147267 983880 751062 125293 13437 310219 450749 812855 498596 374765 767631 402459
501895 868713 612886 327713 840715 23194 84356 175195 236142 33312 224591 151324 412570 799529 98539 16391 368097 991531 300161 85209
370803 744626 401484 58462 693726 575934 656754 133890 731879 476908 860006 505336 772504 408513 388457 319159 178668 710273 163607 997338
757708 387020 914199 140922 133419 598728 748330 725229 360971 471324 474483 527921 23363 950626 234453 889494 298102 541480 917398 839954
741675 731239 917467 185751 806254 907369 525221 934069 512393 500422 432182 709569 209015 763372 849183 797702 984569 654919 183273 888622
22110 984476 580845 871040 956096 53187 735121 439145 969773 156313 338181 94434 518659 779323 200142 695976 539594 4951 698854 258720
948309 345723 698141 101854 791272 234170 911062 584475 400691 535157 186933 6234 667121 106426 801915 568826 938500 896031 360852 239289
627744 156967 849734 427270 820169 404175 357841 23212 317447 697594 296648 381784 359483 307791 739142 982811 527035 702795 71231 157961
307699 31407 419983 353802 544312 170253 27012 28476 85196 767528 649723 907665 899032 606766 945060 764030 437885 131303 881708 966417
732585 511191 311144 286378 349918 677654 548402 919523 638557 658865 25055 109049 836461 732462 345799 531221 745656 344878 196834 147791
474423 145830 256653 163891 850577 278003 445778 341113 112316 698054 528397 740325 894018 849996 759812 651516 325418 682696 909775 974711
250036 254554 426020 257326 620835 840979 877273 758596 164697 116506 903490 788470 793575 565003 865546 415284 78193 11056 294346 85651
591334 915255 641939 659473 788825 332537 933539 903483 614108 301786 424653 443814 724507 499776 417280 275323 207023 417150 327676 87176
622209 223201 344730 578786 716070 542204 973973 122068 631581 693473 42458 497374 799560 259322 812326 52946 823083 782129 542762 806899
585267 963696 31358 471327 919014 795258 690121 47676 952608 676428 530691 683042 841618 765352 734552 169780 964278 800838 972531 841552
354700 456640 700084 218897 469314 998268 402375 988384 116219 864513 889330 356029 397006 373860 530521 457999 717475 580763 999789 875283
994047 661352 244376 735347 277666 603766 643760 726578 170459 37561 134607 252568 246870 467061 569169 61882 367722 611382 991403 170114
208274 778140 411325 69786 839587 659404 45269 95725 530656 369296 515300 903702 261929 447071 858851 652152 87413 649636 471973 138607
700138 437324 103954 172195 210749 212939 961606 375125 45878 20664 705160 477880 608986 809200 330156 246350 105587 693487 708052 243173
197150 14790 513538 595136 710043 77779 45033 200178 692816 37987 240472 708594 195611 476019 614813 408266 152145 912248 687467 414983
675336 235836 576837 95040 367563 662807 213962 599896 501944 236319 926090 772148 48453 568072 509871 856965 48264 761811 437495 998712
983647 879423 891542 358896 166084 599248 13364 92250 370751 578677 499761 282982 496481 335188 690914 915393 804972 464762 736951 796262
764295 503017 409891 305809 616069 157037 12739 361591 697601 649647 409484 855857 91316 117759 484679 345013 985117 395506 474127 774479
250619 992665 113673 658908 645771 669630 755018 518216 107789 471465 1870 198395 916987 388558 414952 734284 735540 307022 708808 863691
316783 913623 477456 828364 706987 512572 69270 987107 251079 354156 224214 399987 295263 303655 530348 475953 587523 683748 807783 142747
598380 401395 58342 777396 570046 946514 789111 400512 556209 544514 858617 941690 915562 229062 289804 89961 296239 688701 977571 57948
675999 530264 50318 84350 753514 643124 74585 289762 736682 48958 331615 432244 79535 799615 683208 550068 728540 483326 440317 486098
386476 185834 193513 310246 838061 570254 748274 290341 426919 392110 194137 718194 891505 448613 650588 272432 928967 382198 327681 809118
516113 311606 632280 720059 840513 730678 597222 295904 359395 487282 983803 430708 579204 969705 158724 868740 378011 726939 817159 609651
216130 802511 686360 819252 975243 147014 865288 634535 508455 780187 111567 167333 621906 860292 51333 682411 485684 361509 535726 839905
182202 687140 558965 267381 114181 694199 58591 831031 502196 674957 899532 397445 63438 108474 345764 141133 831318 279874 245863 220831
490518 318257 314972 4254 256920 500798 978409 91157 711501 307483 442837 904784 974238 905327 95572 960518 53172 454239 475362 915308
550883 24124 768328 727103 514992 789655 244280 651613 821871 916095 134683 417418 14891 636777 842715 79718 376037 795813 648039 319146
420502 983535 1142 372005 516116 121994 121372 735209 409321 510809 807802 353417 471718 150121 898813 684775 144073 895056 364437 701360
506310 770716 591970 95194 320590 848102 571662 839668 174099 131271 650847 544480 995949 486811 419468 796655 392975 576007 309872 925108
442399 58410 680612 184119 520224 805165 608692 401853 988835 358826 49437 727496 540917 171440 299082 708948 192809 69123 982109 329236
457569 415009 401681 492579 347976 678728 280932 914821 493271 1944 741342 97183 636538 61781 762579 357258 744766 364581 797220 229585
756141 248249 334749 922455 697325 926371 312356 120371 825145 217089 267529 563735 517359 899861 512531 510719 158052 65914 286776 104401
40334 591572 311161 640410 888628 390205 752216 238084 100648 435232 882808 669529 116146 283551 135126 685827 681415 281025 731666 30258
461608 974312 966141 867916 62617 568325 856351 845852 683990 511122 710243 714596 24868 284021 669613 730767 610966 748195 195743 930895
936068 80474 401377 45002 811475 613930 103750 875119 937873 584278 609105 217985 747315 360511 710420 866736 714330 661404 681288 44466
519043 273763 902979 162657 160324 410399 746450 895045 841977 680431 816665 631737 409749 690119 225315 549625 360603 420155 738901 449312
389713 577416 86305 24753 191204 247402 238167 191620 824250 540487 455374 718647 169399 88483 585281 539890 736471 371234 622901 824323
930045 269341 32554 972316 375642 89893 904803 826115 451213 20596 272089 453512 682161 202209 873832 245039 132667 977785 118167 832754
860556 96149 83740 447760 561364 430085 396545 259794 568344 59458 809742 824535 808427 980909 301275 474967 922305 842754 24215 158373
165236 163856 425939 779558 706909 68032 292331 852248 885319 353404 497691 713343 74326 923243 41993 388223 685193 864844 808075 626761
45980 377516 635688 819487 919504 207161 131213 184801 963276 727445 559084 37416 682299 373576 846043 364429 696222 221222 269723 309023
865006 454666 762395 705441 625518 127394 732161 666041 99913 734241 889291 624129 46191 672199 894986 490323 100061 976854 864143 735821
643885 890245 154188 693016 644258 404255 87909 706257 154475 174820 937316 9402 299554 219055 209252 658652 209770 397843 3760 456057
754755 976718 943647 173455 753084 201487 234963 325051 599125 58416 226578 833866 559139 237088 854899 104204 789225 882421 352869 611833
829070 446110 557730 311963 919112 883773 65107 660812 465337 64644 158311 494025 417897 127881 175702 492395 676145 453634 228352 127487
856970 757005 200467 440663 774674 903395 415794 350256 83179 929019 159553 174723 870057 260690 965294 733138 908667 126074 803526 3829
826928 663751 956566 334743 209213 293257 510897 765526 535260 435508 19886 432739 827563 405977 457917 209698 973004 309640 156484 30986
17041 318067 221128 409136 42600 264114 910148 991553 968592 515135 259000 942223 440054 879824 645332 370640 503132 404853 854705 805039
812416 918669 372471 701758 67220 606051 884929 775584 446162 601565 301645 34078 793282 623148 89270 717632 525166 518836 807706 614209
338938 224305 78264 845279 546465 193173 918292 398615 576598 820726 402837 119264 53593 819423 829451 878255 333227 195013 521498 994709
309963 867782 311478 694293 110023 658238 982245 499909 306438 680253 16428 811981 203506 389192 129953 705718 376459 825635 476476 345633
60770 30471 762790 488417 354039 916891 217609 172705 729869 722577 826172 263610 378456 232294 846253 962182 963079 553321 947721 942299
868636 756609 666894 976296 938323 897497 881656 861863 529685 610324 650632 180218 677288 533544 696301 921434 345058 503276 286134 262849
75270 27009 907976 570297 441036 852119 760544 509567 450558 572805 912785 480450 334308 755217 407354 116122 406328 390342 67131 342139
536775 493687 134024 439590 199293 78170 560749 144801 484206 62909 932561 16100 958030 535608 60336 138817 181152 155764 474056 120491
229673 308900 226303 598068 900664 143980 107581 574775 363251 632856 679160 570799 42721 672242 38896 779588 283483 163151 390202 847656
56505 903171 129832 552224 365043 986455 377891 853682 912620 171500 898170 991113 100516 877548 683947 255395 996538 423658 855769 809104
742156 635417 438643 119361 148695 964300 745935 241249 33302 200144 375445 256936 688786 544258 353520 366449 915064 5611 890757 626389
651527 410421 949813 366306 333923 576908 430296 472 925700 634468 33213 425404 811444 346747 317706 920719 678331 801772 451953 517051
25333 427044 72028 115912 20715 275053 693371 238410 373313 156267 90481 284334 979132 571085 174184 162056 114764 445209 617934 742678
700614 7396 629472 697830 207498 2359 874441 399847 933243 977064 420636 851659 923450 21316 597816 72952 566350 216650 900684 91004
339046 672796 175132 875869 202738 185488 74255 324495 19338 311293 213863 743662 512386 662013 801705 482170 3770 195274 799950 325744
265045 916773 434371 667456 295859 368376 763443 809363 10769 605762 596747 929056 748702 864395 359158 836983 824871 914943 422839 372922
43605 897918 27378 419143 83783 830540 807386 51553 852790 446929 346268 743642 447960 571034 144053 92540 552499 386285 652923 344473
77377 72938 143304 518985 94726 7354 209152 858280 297803 733561 667758 835845 175625 161456 817379 177552 825810 283885 445298 797482
918668 475524 634743 585970 693345 759073 757420 635275 649265 215520 668493 718399 118385 326630 288912 37476 192756 242384 21155 338914
230583 862502 785969 744125 283038 659978 863226 279275 875547 374879 704035 348902 397776 926393 358073 494914 62939 47404 287373 278108
15786 596632 659135 233089 481898 604510 459199 164559 741880 212293 976819 111642 505707 303960 62482 548749 875491 629413 424439 188678
867438 138199 157103 837479 971502 625138 39913 82044 852401 959659 120399 611168 406868 45720 550882 389001 638616 625714 716197 55407
3199 576620 771688 546105 521752 174482 281209 792076 180855 850490 6814 951128 589472 701258 564574 359995 828181 174853 694787 170164
12267 387841 974674 284182 353325 279107 919729 952875 106594 465896 759705 230769 535582 430602 921101 148094 390320 182131 617212 656970
924853 583345 318086 937116 906307 232728 807984 611309 984364 254088 419325 240026 470546 267536 935333 613984 254649 25314 460026 15604
404362 440403 659054 375393 537131 550105 281973 142555 261937 866661 252041 697943 309706 673168 646905 577603 205966 202111 890199 521176
537041 650052 482244 471767 926177 553854 895059 774096 977636 252010 545160 482212 304488 523114 357954 108305 611733 535929 6339 986868
365937 619772 295690 878291 721449 340550 624728 429240 735010 25094 25757 769088 715069 501990 722085 284 295042 887381 916069 25036
81398 5941 991780 802960 709472 675236 811026 983343 774094 637541 960344 242238 754774 94424 570240 140853 186552 370598 38108 158570
53422 446842 919697 423842 44295 325556 835152 606711 246213 463529 750312 617798 402727 789215 335814 928969 328012 853430 264313 439612
980581 876425 740083 73159 97782 658481 980065 149813 99326 858677 696208 665971 645180 824834 893404 318952 462565 747403 473489 256149
824386 461858 22211 388471 319667 488311 870213 737201 93189 598734 505467 581197 292877 426103 848251 365689 976963 930074 174637 451909
300622 459305 925576 110290 93518 957273 90870 319135 263311 187085 2436 789238 215335 223635 761290 887972 635306 63075 227487 776016
330443 428496 139197 665138 750519 692491 371297 24827 239570 177353 982277 101834 94976 22547 262374 439479 837177 388814 286156 628702
979161 385978 60353 223692 217126 276512 453344 48722 851134 801608 528640 946432 462759 49589 796431 136837 861456 91537 143325 574660
55024 301399 774460 423627 548960 400186 509519 570308 869894 699898 207319 429449 696982 24258 832569 967934 828678 422438 27734 493893
640408 863984 760450 266635 398184 740687 904797 694516 622326 300720 226707 725235 894155 247474 245679 109958 736400 836519 653583 401743
189907 940909 7469 738822 160210 392882 147467 53086 390594 649915 420966 916273 588691 980315 227750 656467 890410 383579 876212 456700
71503 46648 946083 787668 672976 73325 211590 15133 192342 306593 731938 799988 255413 865744 669558 485395 130504 649975 548389 886022
770131 487916 677872 628005 108402 179566 441680 816691 832178 72200 54034 25868 727814 680765 881409 290046 92150 117012 412074 502099
655386 887001 830615 112313 602713 611599 475700 315108 766973 47846 826312 336253 489554 598308 962902 943030 316102 654619 192086 716346
446314 277783 919945 161777 492676 603183 561061 321095 30028 596698 989262 413102 541558 479730 757156 302083 522444 389151 187469 685726
672695 804328 118341 277836 199825 512312 770127 87433 130231 523577 959392 343722 441617 631871 709343 373511 222063 774705 285157 870872
900185 872348 807915 566627 288369 146324 657736 200854 526016 120453 354294 764691 395955 275935 737450 488422 883205 394148 210844 722195
479076 239067 287122 594637 556989 152626 582218 106369 612663 82173 840795 647200 997729 760451 115203 91253 526064 70483 809241 537962
60107 220138 119941 542399 409490 434742 984608 39727 869866 754995 846657 89049 603112 232692 945618 471104 828710 606980 459766 979048
775087 596548 504045 993040 171905 108926 293340 859929 310090 797540 580061 9953 461335 2815 377256 956289 8417 955451 908253 45571
839866 917872 236497 567099 191616 407224 899572 720733 616660 794379 468501 908135 468340 765864 677664 551713 707929 621048 699651 294197
574816 110600 733409 103284 986000 896184 246384 794563 103463 388474 21946 343023 73895 609325 901359 951736 593677 285401 359134 334802
985863 781408 620359 667664 883873 143952 850779 123040 539027 695061 352441 425768 63924 502566 833197 925374 94233 114996 899772 566898
27443 341636 284155 88800 574381 941456 316160 613040 872252 184949 535447 785230 321320 130214 650823 210324 147225 584978 875094 464674
512087 879147 948331 925669 715942 310018 293408 783694 205543 208659 822325 433204 142274 82016 664237 769272 12639 944337 540259 246814
898092 420361 407133 342823 196725 91608 760414 483100 366773 796533 14163 143309 93206 736108 721671 313374 753628 902503 862709 696668
653793 717827 5439 361910 206791 938001 634900 748856 995162 893818 626160 985044 28213 506774 110113 397281 374832 530648 892088 746475
364344 712275 775600 690811 356721 161159 617228 483111 325707 348924 286772 14279 935909 850702 499104 102183 907380 794568 67325 384224
871540 45287 56367 743881 47853 852011 289496 645636 79934 343243 363906 258234 850661 686652 654920 796615 216399 599144 443634 41982
979134 994766 103555 209712 854330 620388 480242 254824 134409 567850 84006 720797 688142 920200 407729 905126 834405 299938 807857 505358
446721 62831 377758 506319 651615 656330 163472 466224 842321 830378 423763 831801 139938 880448 295482 585567 801346 115095 643513 725
713737 971121 645395 128328 801469 538795 372501 677161 347766 852112 69439 280346 966859 22379 270273 211683 994141 353900 127040 194147
607892 702203 66550 837715 108976 20850 763374 987917 733028 384610 662457 144036 331939 517169 290318 968594 401621 960185 721190 888237
695747 967229 755051 513116 51047 515066 470326 426151 312545 990234 13019 493458 762031 846680 510001 823545 675281 836536 749248 488053
487329 188697 904491 299071 144429 878417 324842 210111 11325 244230 900159 110696 929924 742825 685019 443883 622762 128816 968235 168164
300585 549198 315881 131829 952577 355525 280771 644485 539181 579770 374593 921752 573174 346319 560618 251330 265139 795759 311923 388501
95084 83246 191275 946222 251079 631107 860297 851828 957534 276301 515700 59313 58318 155798 990760 466211 119278 125930 186868 432696
454411 645182 867926 217740 998274 422893 811245 955668 229185 117181 288605 293321 272709 742119 302567 799846 943855 213994 523483 848969
302507 833869 542079 596286 237360 799234 804609 83570 120145 603673 782513 518693 850970 450074 427297 481561 819997 609632 681287 883019
699933 43637 854993 837114 78480 376501 18492 845650 995228 569516 778250 267905 289519 347498 848920 930686 305797 360309 468251 393157
135291 415118 854521 30353 247837 729505 882200 254628 651240 100405 943219 150381 183961 672625 316790 187415 788303 364496 449664 107599
556001 340050 508173 693972 85171 641221 386494 362296 591058 380923 389005 422104 539644 667583 769344 421680 621256 447751 419628 287301
216113 121191 319387 149508 716089 559515 886124 529893 100472 881180 664756 219260 145853 543405 368858 993917 858783 591940 226770 415809
555547 615602 964731 124612 705997 641241 164206 474915 399729 586142 154504 976175 374155 20560 763724 303886 554518 921221 82904 522755
148969 935603 235268 874869 772059 488511 537917 730674 984262 578809 661736 80865 544564 878198 695391 367107 746409 744024 893685 106295
167277 491623 265393 456994 250621 484308 618086 712754 503678 406791 172398 819684 705678 478218 645725 173277 334743 749176 332381 88971
856300 526590 941424 349071 463253 427015 581343 959176 720104 630183 132097 983190 726659 882611 504918 326617 702227 63801 118414 885474
539332 328686 458126 538538 23264 303763 202214 232302 8206 175183 181354 791922 365645 930486 797354 498582 862603 336491 707690 752861
801974 454233 878402 972943 617573 918145 737652 899424 325509 662568 959814 482695 751083 753034 644071 712701 642554 863508 358659 528897
510418 261382 81029 799113 661212 332323 670948 298681 308711 942600 521300 598531 35231 439596 560113 33250 981550 641152 604901 34145
363873 931605 266133 757233 968991 40414 207601 993502 515787 799241 6771 85716 928738 86418 336097 349383 590246 594090 426192 853885
363217 41949 798574 44418 248389 248097 212851 192972 483714 522614 727408 738838 728718 617608 167984 864138 897835 58642 214337 313629
588847 99762 399430 844087 350587 360087 173220 45185 811447 757271 442815 79455 955099 968650 953406 318570 59466 263160 887732 541369
785973 797788 882838 312857 220378 379394 351933 575559 888407 403367 416280 300158 520501 54322 563980 956337 171188 110776 936205 534823
647001 300180 610681 44814 993957 708075 871161 156346 716236 684878 67737 417170 518622 938354 916148 124019 783778 605702 451179 647644
410967 678008 389484 594845 920801 276689 246133 631447 669441 130586 142226 711944 748 459728 154788 425637 553763 95850 32526 969793
392440 255971 82773 148243 274563 912617 44507 431713 841077 216627 842166 652779 796064 207171 784829 357524 477000 830425 110729 950142
337516 343204 192742 794379 69398 471489 17916 666711 2495 557428 830875 829676 66823 880348 507643 63982 438468 3635 196701 212940
209964 211855 649811 375285 360202 159716 431733 280003 918869 916181 516165 719687 949544 67485 503451 283734 423046 645637 661070 870945
152723 827538 111988 17775 580308 302580 172217 216963 796504 365196 878942 512434 54587 969738 361158 137730 394479 851905 262895 466780
443889 856204 83846 360694 380060 318029 972625 919615 483085 563996 924563 262774 576230 771934 33574 725723 287731 796729 237363 336277
846240 943960 347498 219216 792721 457749 860190 419916 672230 811338 908405 254146 809062 412580 483897 59248 158384 416598 46980 286463
941226 223917 482585 902080 939384 714578 207587 724945 441016 732281 765717 942873 824657 6680 81844 304758 641978 424644 610356 132239
90885 72863 36148 375971 528530 716560 498530 549772 438719 86479 314169 572338 811 130529 615693 205340 67437 609451 102969 873040
521746 841254 503679 457128 177754 471941 42539 94186 417855 34317 816676 571737 404753 331493 131353 227039 874007 695015 515636 523980
713639 2747 192538 462399 934712 153873 521624 3665 12332 983719 786983 937210 508819 289160 758878 213958 313531 647140 549218 963611
38981 833726 428955 643807 511106 779597 13626 143027 243148 64465 252505 844257 144832 907148 964405 659356 398084 488182 337631 503470
492571 620286 634087 766401 231774 916495 715750 931989 524296 339919 34618 590778 857779 125561 864510 733108 797860 253668 953573 92716
889295 555944 25565 639900 212587 637035 881358 392785 779568 770339 654680 381578 76495 984225 568728 280080 561039 608848 635650 222022
739812 840172 407686 221536 667988 62119 560891 149153 645577 967801 337283 366385 988892 649066 63102 312321 133431 458311 387741 759155
208078 207001 890930 18743 269261 935331 366130 591907 447814 950803 752529 272392 522607 377215 676341 675977 692452 978125 313920 254650
385786 98148 416066 781844 470753 790248 752748 571446 592422 396303 390279 799090 529606 800533 209996 570420 920234 78378 314057 702252
155863 418821 368421 481870 224389 926837 298763 118802 142918 58035 106912 465249 647329 451210 343457 597898 865740 717379 22884 354055
6296 993816 364309 7785 229249 806598 478171 817303 71708 813667 678668 58432 937831 338092 211912 16307 799696 994887 891768 853271
87408 698203 404747 3223 170270 12287 345303 656076 484739 232568 215122 70875 420340 219993 164172 778216 829151 900083 738258 504973
243228 377142 306507 311568 181552 88170 539677 484303 381798 382015 721997 491330 433112 166933 199398 508953 995863 667541 465503 947651
527325 417914 767231 937018 852105 75473 262406 399852 669072 507357 337396 385345 950019 35156 55123 673332 421877 206367 841977 608510
152809 778686 405750 483629 911509 167337 740793 897430 811067 562310 997049 638541 77674 514855 714740 135816 958088 637647 267445 551101
987776 736710 652542 690066 57127 302129 931120 704557 595021 84653 597302 605309 942209 815141 207428 687702 607926 588800 946695 861470
474496 247837 7015 460192 366507 813517 590499 129302 989955 315898 862110 394167 129603 281250 572828 781258 247605 439291 941863 333101
185112 968645 90950 460631 12959 582546 680748 693571 563853 588462 37090 116882 797836 298766 655494 13552 381796 13149 9785 279308
632887 540736 91926 390048 602756 927758 481978 877610 590464 858156 718320 724385 39472 993433 474299 381332 942209 885438 488418 39523
427475 729570 906458 110975 712675 810402 903043 670178 913704 758303 182013 958379 381825 114541 564207 193527 314996 144369 593215 120584
576152 350630 350926 991191 887604 444919 976458 833353 10126 496776 260912 315907 622833 402173 334937 25260 439595 446000 903573 373889
589762 869700 345982 358279 471680 222520 7187 530952 467583 788035 324913 149028 54433 353405 445567 524837 627734 254220 794650 471976
722489 172394 204819 887914 649665 9901 158293 370237 686203 660764 742739 285 862815 924372 352942 733466 518415 567843 880902 341823
254359 900174 445661 417427 384547 281826 418548 389551 141556 806446 59283 429879 422769 781694 611815 127454 341597 225682 976989 473045
274905 900471 744450 239529 758666 533982 659158 617071 235926 818054 410887 955686 744908 164241 167032 139419 161528 278064 126838 269883
131612 89790 618575 600779 429070 15368 411215 758478 124946 210093 292986 596802 6325 13627 409306 244841 801840 246029 566181 130232
21805 552998 158978 472491 232610 473139 6191 30706 320982 265194 222067 942200 424653 297006 797642 772455 590670 423059 970441 710480
84022 566920 846545 319973 703250 914987 54957 930566 105265 431041 191260 799069 489269 208570 882541 570952 155927 585785 11761 896174
406115 433441 268603 439256 566512 811881 314948 945711 663702 725965 773285 736097 457067 824270 360647 651696 383374 933761 952814 617484
322060 458461 209687 124824 801898 340811 547266 365153 895785 158585 52265 968353 517918 905315 789999 542116 987570 423187 439753 496716
961142 347994 238065 151586 539074 980079 638547 206130 964444 441532 752581 13540 565806 576823 347927 297944 221781 955446 817889 265928
382135 97173 701167 420036 417197 360393 967560 160929 887217 331221 185812 588840 887297 482481 494858 279201 946069 461334 59333 240887
837487 841047 916978 156812 122691 298299 179065 94345 11448 419537 994206 478928 374966 598978 579459 250677 752864 332275 750030 368133
922502 626294 395640 59544 126234 778672 236281 608018 576726 675196 112498 169987 465876 443083 490589 251128 815000 863874 726795 251859
36896 668377 713061 421324 875606 49045 177173 363273 569820 172224 363415 859309 401556 123633 315827 214949 746550 790839 201771 703541
482426 291401 193243 208012 566071 845639 970740 304624 985010 906267 313614 975833 367540 333956 539321 468503 163337 213788 597687 451267
331849 868572 55736 688451 543817 526846 428074 944845 353952 959313 220517 588561 816608 457616 910014 711771 426338 509729 78300 438827
266544 607511 632993 772757 425181 517402 448863 362551 708437 691470 606629 92724 860929 331630 689496 333529 964539 329781 805963 203901
490767 794361 904448 734765 754890 482505 854789 27042 144941 434064 577886 406986 341679 310091 505312 709665 909590 122837 922820 250093
151575 258989 302870 979620 153707 935630 287795 153912 25620 286697 728976 524616 514733 240188 526460 64768 209304 201514 797679 420563
317338 397239 447209 166292 856629 195727 835014 872527 884489 100836 843607 532053 670497 537588 216971 549659 298987 357838 884532 272034
72538 341196 689989 594366 726570 581622 611331 861611 981668 770260 700850 861666 772040 396690 684186 557865 171240 206256 230916 152533
948348 431681 519008 326856 662427 645779 68084 754837 160510 10510 743468 882901 757136 836054 20266 611486 663121 641855 398647 844697
644855 201073 877992 642716 330895 664616 485133 119992 821683 186884 56753 865287 415176 471516 292545 490376 84968 397323 94335 356809
172254 466384 676417 531978 749479 464491 997072 823489 734364 102743 465888 544144 452598 201747 461477 772376 437699 924613 485046 49792
761846 747285 61780 380296 889443 238866 547007 427402 214828 472654 359150 471997 892016 633518 26588 376016 857482 118949 185992 46137
483492 240503 708228 109983 711948 539449 799155 143965 307877 910397 16488 266876 55785 44778 980129 334306 91369 927743 509188 812330
380817 16873 694488 138189 441100 225475 587410 407095 274563 691972 425871 828267 589056 751250 239703 324997 419276 942019 564625 569359
387192 545458 1661 324642 36859 698545 856644 956527 663802 819856 136380 737552 331385 326991 416630 554967 795282 447154 535668 871756
632300 324006 795473 271048 207825 83190 591486 617121 568628 593263 439436 218454 59084 884499 427598 128942 863745 416698 618468 665422
322466 304557 12724 985636 639966 846848 356241 754416 767668 244331 828183 22770 273856 390373 447841 648304 347610 199177 25477 294054
223346 598477 40793 30885 886910 889375 471084 669490 397365 464067 574558 274856 376538 949674 215615 559096 990564 885002 825876 544054
517696 982512 679000 130937 346474 908351 844986 863322 692842 702427 811664 589791 318701 74178 979683 565314 233861 58126 193247 37255
185778 387047 3922 982554 315409 86645 864168 642774 950051 228920 658612 265866 218279 929973 953803 805321 434033 957922 777897 371538
657653 740980 96152 315714 973498 978625 81161 41950 546531 140724 114982 364979 750047 6672 196192 677437 977406 633100 591580 367853
508386 718462 999208 848310 816805 103694 531554 145355 297476 990960 684159 915480 87746 862854 957725 852476 753741 90161 952294 46643
267472 878788 645152 612549 505965 990083 575837 27333 59038 176562 544219 134721 360752 44261 25934 482320 996462 711459 378578 511454
513226 905972 676723 750068 732055 303233 449951 300641 984100 617519 534218 561576 572624 484809 565206 561067 980583 303371 67994 460308
912397 998517 863706 513097 683487 151684 501807 855902 686871 951344 632295 105340 272264 631342 2488 35601 455914 16668 427070 568082
183683 238505 462229 155342 431868 710420 404973 89961 851774 80589 888049 435663 175545 848470 554380 565358 440235 482324 362935 855447
893806 975772 19589 986708 504852 164710 465094 647136 602271 665848 608622 248935 215022 910116 715909 227224 269086 481399 274086 683820
127489 205583 478716 631346 592455 796784 695487 871449 598803 582409 350768 440415 119341 755708 58747 943168 720109 873270 986012 838711
995038 264632 182449 548121 729090 418834 187457 990680 808478 71701 751511 575459 456865 436942 401841 521332 706153 626893 375139 607721
972741 142178 635436 542677 329146 209885 564689 433521 404080 88053 887622 960371 253924 679162 455016 187992 241334 841969 520096 261426
136225 637142 635678 810347 372442 856537 486811 430519 560610 371593 424517 526542 691504 695416 766139 640893 421057 761094 17752 843511
254332 139640 715244 517949 825076 822359 224309 933194 276078 125272 957287 53241 262488 109497 749043 14104 354305 358041 409149 489505
966738 901246 176186 384332 17846 801613 560181 860055 443722 465518 481996 765836 27570 557461 470482 870922 598850 32422 490964 915301
879036 229990 728811 667753 736669 538383 485427 727971 385518 428548 644021 152697 583698 290868 206731 476023 801772 153126 720610 968239
332909 813471 826131 804826 81400 820780 395941 180703 671471 624621 428238 930061 476292 713512 572470 53589 211106 775620 834277 825223
580760 118546 918654 559369 717206 970622 793313 579030 299492 633281 813797 285706 75496 536365 142782 891481 993477 314508 227553 497222
220736 655589 252858 627932 483004 572753 843405 832153 962977 827151 587515 618905 383836 575913 97599 778917 308472 163160 962294 451412
518964 126980 757768 575875 354693 766394 191903 533282 960463 850181 886175 473816 675803 762852 380696 500806 559496 717123 146635 568461
137890 838042 273452 542793 682195 144047 714041 273489 322896 774709 342418 876982 362178 300636 904455 639597 440661 37749 362846 514839
254017 924275 901192 495501 333157 112915 903814 509641 377043 160092 113723 978097 211393 270730 873474 417185 82216 454053 84953 739449
513333 89627 73403 886542 960219 437506 677428 468223 661680 96055 775072 72826 549936 905778 431159 433524 64917 476659 761168 48217
220986 782579 350023 315950 876149 34711 728911 75519 40969 675293 8415 862813 68510 715988 982107 293990 725300 742673 228735 331106
89193 903165 588429 412379 316951 986526 169270 965621 867747 387899 700055 209138 221747 552616 59557 551986 171942 105098 771044 813537
876928 928291 869112 735127 872565 163009 509216 150942 623898 752343 500626 230454 492563 125430 596633 491069 885178 444506 246122 904383
357911 399372 135594 976558 682356 710917 809417 224852 18875 852945 168658 554796 206986 316738 667528 544489 168172 389827 39330 719977
701895 361755 534863 781909 421253 731332 871662 578254 701448 897568 273567 3353 366813 434382 757008 224009 259782 793801 971868 254123
997499 611469 980531 185875 873075 60415 212836 904518 803196 24694 667798 692889 830932 242893 271578 385154 997255 387185 480010 172359
49785 545644 57226 129799 891580 706408 11856 190595 691948 91290 401630 247194 234989 929926 106543 527048 845613 641063 575152 494298
282265 936402 638345 260271 348182 223273 480906 669274 961522 17578 152033 405675 634214 730426 554032 558642 924091 39991 493071 851761
837373 650283 116209 149387 89325 420692 74844 923330 68114 57489 673427 955632 165936 908465 741043 378483 821438 98786 249434 518885
85510 932139 486481 956050 453157 36449 626127 561280 602999 177025 441015 435479 118657 940050 696254 580727 988754 567465 289951 785997
286360 993650 760264 616071 654841 991222 913341 367814 803963 184408 738156 883017 781073 220853 760024 421769 457838 435466 658952 567327
460249 660631 398090 301484 666504 668592 102064 637944 698315 608327 916248 657448 315482 747656 694595 60442 624976 457911 653803 187339
854552 56306 823174 303200 980966 573196 363704 490155 994524 430642 265136 214559 146191 725335 604304 657440 246621 193802 170155 65687
380984 791704 374155 973316 772074 598149 678350 115484 103876 643699 678822 87776 369942 91888 749537 814985 574622 76539 423488 634963
210428 288719 138292 905182 335087 972580 595587 721012 367952 886550 687651 828573 51676 921845 228679 620100 663553 158746 594944 352605
834293 796000 535308 126147 167293 123507 750302 71518 480481 972450 72515 680350 908264 89917 839421 817208 706646 603924 771276 93629
407543 7860 61824 726473 316715 394221 563494 756817 738579 865543 474066 207696 536148 896424 844296 973031 273179 631387 746089 599562
360178 822976 640709 880555 403001 579620 591279 780015 289745 125893 245297 130801 756587 375027 949938 715672 723753 725425 130749 544939
582226 680761 545001 237661 451388 776748 202781 619354 695229 582020 100929 570001 291330 14419 75176 840266 113517 932265 349995 688558
116491 817952 681718 534748 382473 760505 965304 818697 197432 1759 586108 302088 100039 801604 465141 717735 812917 931573 874713 700278
341537 450856 761415 402150 120901 478046 264016 454496 244930 142727 684949 116673 235888 415821 907471 2190 546703 386533 655652 748306
834003 169122 332165 778262 87156 221725 486229 888450 360922 463613 203668 37980 580826 696178 723639 943208 565941 866602 943313 743936
304675 410471 30162 102208 572603 296433 525244 110594 573816 207221 241361 757976 781912 421505 968132 111689 339150 376541 823894 611486
986491 903914 731044 558254 795412 973717 585974 698732 581239 265901 26635 637075 889203 662880 272485 927730 934395 588529 651212 183577
40541 177118 492682 867932 603995 634768 175390 896354 193030 771040 452017 896137 40373 224298 583719 835388 833205 312469 153209 156915
472338 244772 72416 996605 756694 218814 112104 299263 486872 929452 215 47314 229569 929749 290789 379786 222111 685415 805726 202988
557363 484144 535788 66876 237922 965030 136528 726184 318373 228962 190628 784549 892534 78778 79703 1874 88770 281767 389055 768675
747274 424380 242973 522158 874744 406317 343368 215780 155046 334186 337254 929185 701613 832358 528532 754365 827032 297065 65738 774743
598150 577217 865552 533966 564458 98013 497188 885491 237227 848890 472336 369157 737373 400761 659545 380471 901716 254154 131507 386424
369909 387150 288577 238243 999966 367599 772138 210419 136594 541975 328085 506040 801455 542569 183541 713876 688426 886996 206876 687171
475578 956689 64739 996755 934642 942237 69074 244304 558686 731300 717348 248766 658237 589152 456482 256865 973107 646814 669748 421925
300562 73664 91832 174321 528757 892726 759060 93246 62880 297766 149288 119922 892487 912271 167719 773819 57417 133270 454966 527234
981557 195517 838851 502308 616418 974006 708335 654211 750806 296889 147381 493830 44790 691293 286560 983410 286911 637165 507789 355950
632992 932024 835479 529958 116935 936822 279446 350951 185841 317888 112289 731416 528870 326679 223872 638554 722043 304875 75846 691380
493494 183832 138296 77122 398724 381720 390437 550342 868574 187922 105635 279870 846418 97289 10612 293916 894614 57900 819280 455870
117689 939656 365896 551463 870766 64559 634585 714719 528810 505759 658311 706666 57363 400441 98377 361884 53174 478456 452320 565776
90987 865621 750980 81964 776190 529778 305842 455185 768349 547262 417810 744638 535826 687360 75443 38618 722399 289543 143185 100825
483619 332863 546800 614217 248401 882826 816416 593290 137471 670619 145347 165667 991789 805781 145434 750159 576921 617085 127640 386616
862613 196640 243795 914626 812024 529682 426724 173205 353004 871225 441225 127253 590518 394134 294041 862443 135801 116513 538511 267904
584789 778249 153697 67338 544861 27378 981087 226349 959214 658366 600428 373239 512301 134297 304344 511220 761376 274075 244476 655959
946472 956247 505039 839606 568418 93544 202889 39569 892778 271559 644998 411568 649780 863253 255131 960495 692891 642095 225334 477394
755135 451985 538012 478899 966974 398658 90774 613698 520964 359618 69373 657641 319924 746541 69566 28683 582021 272725 396237 961399
790301 604489 537313 188025 188152 491566 848532 545439 582546 894834 226303 943362 505337 843125 733386 489410 977618 572782 78684 933208
829612 64449 418922 793874 307820 780905 718964 94400 939950 914315 704678 283544 15506 213490 978011 744903 507378 321873 999 223850
975475 257509 567124 347897 420554 3944 121800 384788 117003 514547 707813 370990 804173 978298 517853 4041 793183 86838 458277 160587
336784 625855 412745 7519 786213 832323 119953 756952 718072 586609 544232 797444 120911 40614 436000 231184 127629 90792 828444 629463
761738 405391 686229 311558 649589 902167 632324 507785 348236 712747 709448 52393 481749 169281 72236 609666 526032 104600 461337 3045
533733 854045 15905 802268 566762 648637 92646 245007 506842 689580 31512 555699 111296 525480 513123 652931 265262 57569 292956 274919
471857 135658 794612 510703 727427 69633 16689 493486 671396 531521 298166 222051 50124 290571 575468 576188 657799 780785 192293 373371
660704 248983 563816 143152 894297 584675 113625 44707 945667 82358 249764 281606 289942 372631 396917 408900 116579 934461 473581 483159
654721 533823 693541 724325 116523 643100 940945 247412 299553 768817 914201 417284 376361 199453 314992 196353 301765 460803 517121 792007
487714 143971 482546 640831 469886 598351 367049 951787 513963 110811 140917 441764 334249 734616 345460 191767 897580 668436 656226 554305
741981 143286 185989 684328 892344 370510 704492 293887 533401 960198 494725 254875 243410 676725 614171 117863 60419 502255 851611 297085
723730 692159 48912 114672 465668 72768 614516 234226 65021 747273 36871 212256 995863 755296 568357 120517 673935 624516 46405 20621
188615 661823 927854 63228 991495 389132 735823 936896 222510 70053 107077 936542 521586 953641 34098 40090 925542 402372 831006 218301
605315 711597 882296 471171 489150 949791 420333 567770 497463 626952 457069 702581 365690 217245 43546 62586 815868 711385 903021 455498
555464 717016 712386 49635 69430 483349 92327 127068 538832 889060 453401 5976 266656 186210 835615 397660 740631 86778 46943 79493
323833 759944 695713 399731 232747 80833 822980 794208 334734 355096 738879 807969 792717 152149 62397 737304 868258 844445 870573 357712
693790 936045 612557 263316 687647 269452 367900 419172 529167 433161 425622 609206 33259 195298 652286 72871 767028 554181 820863 68163
727299 599366 999044 212821 890504 702911 802534 130540 469766 145347 225347 23853 473695 653657 276660 309774 922160 631809 781626 767691
826943 332287 978332 218925 932782 323029 621674 87639 346019 306341 747119 676045 693831 566320 427902 766779 895400 105265 819347 371261
142116 503859 840520 882984 864428 211155 366973 284928 357664 313102 623723 780253 614790 17751 722005 357608 532857 176291 957729 928940
811446 537699 452194 475481 987098 460340 771444 568457 857995 288649 723248 355300 205562 252038 569351 543461 401426 94743 105351 647534
278000 765438 809258 797484 416758 244915 779677 109388 204361 565740 882000 746302 505037 837672 138052 152397 920470 857449 479719 911999
268847 94151 929110 792168 126082 371829 63893 528711 235334 611796 435690 333602 461508 377652 61313 126073 601219 590157 132649 718876
320067 222434 403630 620911 916291 198607 937853 166338 871638 268769 791449 93525 79735 185450 883484 561228 326514 679650 321510 24449
573408 557259 693734 960330 529029 231031 291431 238069 677983 389374 27171 188774 865036 65300 867790 598795 245500 946210 763623 913093
742289 382275 863607 863976 36884 692414 212759 674658 37472 532848 614811 848285 434965 768913 788232 65799 594726 322575 650811 805978
817111 211234 975080 929783 172429 908954 80692 483131 740720 21684 764074 673596 104492 72057 725118 606822 850382 477030 901715 239676
867733 830838 154666 388215 870241 216875 41454 480221 678109 994596 253069 342507 684016 937906 407038 287723 246033 296304 312615 305350
740812 946967 906338 459972 334322 384562 871523 385166 742255 143882 999768 867234 807469 880812 641490 843541 708143 41325 884070 207728
710222 285798 603129 128961 87782 814173 760455 116157 233800 479196 146719 882341 176183 510437 230039 811201 528406 442746 96307 634603
583479 565997 71448 346297 914508 313058 822414 918933 295975 517558 559294 710323 719365 419357 623157 60429 589676 246524 501129 975754
598046 346354 870421 1704 204776 846166 190510 240851 103521 963021 987603 682391 992630 693511 241224 682278 146979 904181 70579 816645
414651 908480 845350 572173 925060 248893 507786 689264 989213 566264 18915 99554 320574 957609 371324 174424 775113 354041 520692 981548
929438 299059 364242 517945 726540 902105 627426 902490 478288 29836 197950 689241 433438 468110 501303 235742 882393 143717 26773 664445
507303 914946 83156 842697 461851 277841 894523 845308 67573 636008 800472 396234 853648 126746 883033 626111 990596 308942 469632 527444
612815 418899 903167 501947 581502 176957 652991 742450 38865 980459 966700 374310 507095 956612 924855 645865 374670 11065 350792 705785
78616 988843 737902 145285 904890 906908 806334 880144 538712 647313 687965 738116 512288 513162 126378 807969 391252 471378 111735 238298
590951 656466 490564 55465 88618 23663 200324 194651 114769 586730 771762 63261 675031 822152 658638 252714 947463 19540 104862 557509
876394 745155 521011 434045 921647 787404 215143 676223 154350 884125 251068 408768 321087 369538 801716 811040 8814 269162 581651 73208
681247 214151 744811 872804 814559 15470 868719 517563 982750 777471 490508 440467 361965 494266 259594 522115 899407 61550 464171 228744
838223 711779 549872 653982 349560 443378 688299 714383 770437 690635 458013 516715 889785 769305 347932 387812 529099 198184 232214 753131
344621 552584 156712 75722 265826 944183 190297 779410 846844 146132 255 204044 478109 549169 206163 286539 597389 434059 109580 37115
491804 88673 833327 783675 833625 157064 429918 967134 99094 365831 28101 624243 382821 36364 328830 148950 35302 519566 302708 149919
816950 941037 625910 643659 55207 217792 393204 215128 248219 98268 214399 853299 310937 265601 594661 779628 288574 946345 883090 776700
804246 878037 261910 698989 941691 384280 985309 658982 69571 444033 261140 829171 983813 841223 143794 539831 481667 121953 646056 730476
873074 712355 856322 703248 487253 638438 4181 638495 755603 672374 394795 850476 940676 514494 409334 327099 638552 45815 332375 525954
763062 230702 872504 156236 95983 870036 956597 327458 337900 65897 678529 656889 954027 708771 566913 241613 19770 357564 468076 793023
842904 181601 99503 842512 799691 637485 465171 55097 668739 733971 128910 575219 596862 908535 714981 244309 517678 141652 38165 511365
585242 487633 561930 137498 384251 749748 655939 185571 647277 383240 64694 183339 376565 713307 991845 769905 267453 236513 753605 721886
549029 83564 815775 763187 744886 999245 946628 708676 147792 597669 595269 432911 970724 102226 681409 437177 140625 470009 724810 519119
728555 828304 714251 644944 507656 826980 195759 571437 1987 160557 481181 212807 315669 845565 425342 494157 762764 358415 177719 374238
215251 281150 320339 517163 269509 807061 562468 873553 364866 560807 416868 842183 608991 162544 476102 311258 816545 236134 80236 212317
504350 88892 76304 759773 864937 698799 318246 156330 880623 494728 61420 294685 840380 55460 526324 503939 697662 524601 68501 377280
890850 443629 262116 409138 81372 996694 117546 408417 557214 625682 333375 522356 347647 207280 954843 465179 558963 775652 215883 459983
953927 16131 197299 74908 127475 393377 176425 131239 674203 536646 410198 27415 867527 542283 230074 276822 665683 53721 405929 38831
110575 58315 310114 379687 27784 440343 746292 695149 913135 392916 590008 501380 28613 816141 456910 165168 688839 443987 709063 571492
445100 635271 841471 376240 514442 792213 790930 39220 304368 747340 161615 751475 437216 176359 902651 413481 721367 896986 397807 419585
427853 723373 873167 73160 82065 439162 930066 546488 117962 673799 558139 291087 67049 623000 132024 188268 327149 851414 609282 97830
21965 356698 720992 515726 808394 825130 52366 300785 675215 212574 159784 799031 425661 83311 923624 379694 249408 17090 773977 821327
708879 668546 232205 157716 51931 263368 94525 482460 92474 542837 54627 620358 487892 207603 638036 315513 563978 291908 477977 138661
820368 510682 234381 374747 42863 88102 826187 590896 517650 6827 356914 542427 724334 779395 682451 43509 761506 460300 122128 254973
620780 271469 639473 964047 222234 565612 484070 222775 382404 235751 600314 306669 16197 568137 858029 708307 884594 835417 748300 444512
99653 634085 835506 829758 916701 186123 598157 524688 593243 991785 201363 998916 889096 196720 981025 665964 609662 994174 139236 411524
446972 929252 310946 203856 150882 718233 831732 82796 144940 995100 857004 716634 59119 677041 27658 709883 579583 284111 246040 144170
676515 839701 106006 189010 976579 971027 788453 932466 650892 193561 451848 801753 383560 923180 990857 681831 233769 239240 660136 478741
358604 762957 215504 927415 994536 468489 334961 106429 486927 275592 582459 811352 428677 942506 294472 269537 832979 824362 529159 973052
878346 353490 958733 270794 820477 862526 350044 2677 143340 657898 311283 35328 337927 951077 729056 79959 492429 540173 539520 381266
138210 633478 328150 972570 658687 256489 989993 471711 735302 207091 402321 706913 401568 512798 868238 963050 849392 267715 603795 2272
214691 175664 870037 811567 270837 952234 985173 235611 157915 707468 229739 231782 147799 564917 876110 58161 962602 548213 820412 855265
955259 358018 86845 413120 666558 983618 582694 480294 823302 509182 507659 114846 7304 266954 164580 933432 552781 513696 589846 968672
555937 951151 488141 406709 276144 195281 147025 346518 680826 125709 761883 834850 859786 796622 253357 709224 233890 885474 18196 414397
623994 264307 189443 168382 495511 216655 258616 744412 845655 810486 842800 77116 395717 83154 590193 924095 808468 205948 945462 236724
117825 536315 856884 633930 530857 31605 907101 846476 445796 346558 752048 637367 426267 156644 654174 978646 469080 110511 405007 489524
291562 792808 942399 40357 893548 255720 945702 856104 104691 435136 716174 681157 803514 969727 59095 235175 722583 753190 324340 576765
189108 142487 849911 751011 856353 150211 858880 11056 227477 686212 28775 765473 578497 267123 880002 227446 493915 241364 401229 595285
77964 527625 36983 393716 733740 612894 493464 625811 141816 651660 466552 369343 814287 576086 449084 230424 686867 282238 844773 969129
210201 64448 152204 124620 98949 432452 448956 353283 477823 956543 92945 970485 969990 676325 47535 156054 386989 321351 834632 377571
631773 443594 960266 612906 704571 49096 564629 722579 378931 734803 171659 554276 447389 153377 283316 278614 227793 486912 517033 715003
288640 834148 914779 774371 526045 543530 660921 704985 57226 607162 825721 414857 20075 843620 232129 365819 874568 970273 746332 842479
310645 453868 821118 362108 112232 98976 599378 148375 584015 820302 160481 831055 839809 872467 879044 978512 223475 803841 528253 102142
969232 550433 999044 331520 132717 884756 839102 862089 915567 219633 926808 641149 830795 447599 246116 77347 684581 191268 106593 406290
226893 287143 147416 253430 975280 289178 913596 118814 610829 203290 767327 157227 113601 827366 787792 840695 865509 28608 467164 738174
541248 504254 153326 480647 527166 478950 745120 961096 803538 481601 56169 323505 91064 885124 957585 232487 323308 76128 590794 621483
998420 579185 6693 242361 977499 102575 124539 36395 607269 388479 5017 61948 154745 541355 109658 532869 29539 883657 717712 74438
930007 121394 879164 882861 457657 942952 718418 120324 983747 100200 189078 873659 828317 328647 413517 751327 729587 807083 179182 163540
180727 142303 485370 438744 385174 798423 474274 361199 517245 521603 956397 880048 199699 128248 995073 945667 899126 329627 170823 13782
966257 668471 131265 947144 905578 880644 964718 430060 823749 980915 856069 819181 5400 997574 931238 327186 165742 312942 127779 641710
969578 941569 629274 125451 333107 140439 746073 957431 482644 503761 124963 510189 806347 658137 906794 201468 261892 211890 591656 140811
298698 309531 843190 588528 390842 102895 712498 712728 674138 965199 404868 32397 320253 801371 748428 416916 637832 480246 299263 46046
654263 592805 688914 19206 706795 397954 224022 41165 259331 582144 859558 876019 699395 508807 227695 961288 789430 195382 471407 420051
981499 592139 704473 622515 405139 126858 859913 620343 578236 716099 2050 602654 850496 316055 349866 668547 3664 175864 156209 465165
616807 342954 675623 123097 920046 810610 352039 703419 148532 669806 383411 429015 812348 824370 790056 517235 63521 190023 460044 245305
417049 41448 727018 140815 704351 338922 195702 91274 64932 995376 436941 947292 683577 52210 381576 803455 693975 924863 286402 459594
351924 206652 305713 497792 112281 573791 235293 425961 677353 998812 613651 666015 332315 549814 96560 177925 168931 554298 369223 550578
594108 872646 237800 787176 833572 515529 128281 949478 387118 517774 112041 802994 95167 153085 960944 50010 972589 531001 943090 982973
65920 674047 941193 937634 312707 97743 217628 397546 791516 239429 140584 316556 421629 903679 855319 870906 602748 405693 28985 98391
824498 603430 292768 127601 43047 63640 268162 988321 755149 611758 57711 171906 34304 72299 541269 104348 209645 258553 205150 241054
533307 647695 190332 152263 571787 922048 129860 685786 645407 844192 313155 547195 768637 668760 650205 283627 634539 445392 90825 184519
921602 682035 175614 418629 633834 526382 297465 13851 852839 720428 398689 471097 940311 644800 860142 234274 808368 101418 544326 54109
836318 280362 453988 769576 321872 122639 925728 772597 152544 184186 814703 726862 906341 415726 146384 360268 600117 83843 586491 466464
816351 612672 304830 400913 737086 543688 14538 762171 635607 543355 40149 633196 92847 543054 654890 854498 406332 744040 124385 113456
501195 652241 796992 362388 411888 815946 44485 430014 948293 479147 384136 44648 406138 271555 997065 718053 656719 141872 665951 946113
200848 282748 59634 956504 51775 68987 981119 773728 752526 362836 706696 668850 689523 697921 374338 311903 464565 271384 356733 585419
270665 427876 929781 878356 32051 274616 598926 958834 347976 826861 417970 869021 619084 422108 578169 798728 112983 360951 118976 314324
765350 628857 485606 314326 633858 682147 112807 696823 669504 502739 811504 667412 963425 752434 120332 98654 530401 397235 745902 275004
371228 704581 858359 553731 943781 297294 293453 229960 218917 58840 788989 328775 663865 579982 688399 133455 629059 372597 830250 274675
632569 613040 719664 416454 730117 480815 709390 351306 247485 797351 188263 96598 464994 729628 228421 644293 978632 773046 326644 702161
956434 637950 502834 763600 751921 327757 322358 750469 921208 250989 100085 524331 174123 873702 287246 831010 921869 837289 613555 951558
699901 844518 267461 807449 401851 695490 565306 995458 926179 283142 930917 332146 829502 967461 990399 272398 967010 302241 44877 682990
285742 662602 305473 972945 18185 128252 371400 686874 843037 654299 110976 231208 782105 212533 961905 218257 649126 693292 81616 171702
443187 509014 878355 929081 502116 883294 550826 506123 444687 767122 513538 961108 323946 656895 465776 96273 828085 844462 502830 760170
440285 281211 333531 661450 354808 585474 834385 452491 529036 341973 995358 483478 845786 443022 517107 358274 38276 937871 61797 471655
594472 878908 101706 974732 481202 591499 718715 448916 628915 221467 595974 930491 166358 292081 927777 89462 768684 527608 263665 873716
53219 866509 946314 600149 889518 278687 465649 508462 596678 101280 341177 314232 925524 547889 531295 667866 188300 766418 218027 134418
833850 931852 238204 196180 862556 204101 793848 584140 405666 284479 182600 879246 491623 625056 523166 897340 549616 292819 282862 297267
824204 28565 515213 753951 676663 94479 419000 615332 533566 782608 553070 255598 53010 971734 251577 826140 628279 182801 302016 169552
435097 200251 642897 391841 296612 180726 104335 613348 95939 850755 88657 610717 444510 729107 393854 265116 392212 258626 952350 173375
264294 820681 36391 635879 295849 949899 77386 177264 900609 972554 372331 315282 310761 859674 447127 173315 478102 761963 198311 614337
684941 196079 182468 746565 75757 966517 123031 252941 790024 161813 614948 906823 488070 807500 541585 898292 167075 48715 668828 906253
783805 97962 918288 11622 799308 75900 599884 687133 525984 56921 148178 663431 934136 240056 165708 416235 555835 493826 459673 522864
800095 889781 418020 22594 320901 892771 221550 610721 999920 358790 281790 683916 306005 585168 577731 194655 843816 559577 784885 680604
182545 270887 126922 807639 248584 271633 325231 923712 686747 18492 547275 62462 644272 229606 435083 979870 227604 365046 417083 356867
526150 897701 592364 960733 254001 606965 553448 702967 467514 10887 965759 554773 784153 571532 186734 585558 987852 91986 559174 25704
348390 969364 468765 335258 40146 79888 688686 212663 975687 314988 9828 735262 114324 214855 500737 797184 321695 71655 175169 728772
338757 787333 407400 166094 491556 238535 891601 846334 664797 589299 541532 568915 633487 779085 367133 377449 164337 547734 70313 468699
291321 945472 808467 327264 556225 765501 623558 590174 102819 829561 20815 206580 278531 874570 355081 94138 244142 669224 827714 29622
833147 228450 507457 527500 908537 885741 524865 311088 145615 370344 221622 134893 249887 626492 119727 404986 157369 628806 574706 890161
465360 845706 207186 970552 35682 977711 362619 220704 928024 669778 486080 236753 516700 876220 979480 30247 161946 952507 181401 698696
884007 854332 860905 79829 875620 712880 537176 7133 244096 707578 222415 482981 946862 55400 363571 322043 159997 999018 76061 919013
598576 776345 672480 344008 328586 510092 588689 415445 870389 543427 597595 79726 387337 273815 381562 785078 583534 898011 209138 556460
843323 385923 125133 289912 564652 57855 531126 926688 708351 974197 138303 992564 264920 448821 989292 932665 470976 263532 182116 648535
380373 797222 367828 583059 838923 6450 636456 622432 93603 201831 350188 796434 501517 50863 593232 442213 770637 147078 824251 99313
292979 677929 914717 976846 919442 785305 16794 34335 923205 486587 687551 177075 294533 561361 787425 50886 3880 873041 927174 831811
452490 884353 230 202632 75582 3741 896030 1807 239166 885000 565667 650069 195181 858369 934699 528204 271147 325898 4700 407567
21448 666379 675255 77588 810436 721652 651854 191039 699904 927303 499732 914624 13622 248900 224958 413416 629235 43418 324023 648218
51588 737369 312203 291903 899843 752268 444501 459851 599511 144595 957281 551326 323767 164211 765323 714799 444814 428974 793548 142130
828481 727135 26343 647769 386653 767370 923586 668789 669648 136761 988521 300178 586239 146559 333223 386399 381561 626275 409558 378729
933284 628885 560794 719255 168091 547500 175201 284162 693361 985249 933724 125242 243607 291530 699896 615058 869729 932495 855952 454880
543315 708019 735052 366175 547782 180837 643881 142018 884221 139455 785291 870593 643856 188368 7860 129293 936573 816267 769065 504972
598077 321024 930557 805691 3675 831313 224294 914846 837622 566294 587239 3862 191988 131991 57345 65936 782462 727824 570570 594283
400892 636624 974339 859422 76390 503634 621264 238201 455631 410018 565874 101485 428780 855905 626573 443183 507369 375250 707601 140819
314228 579677 227856 237105 382819 11708 465981 953418 382779 40280 867319 878148 77168 386791 173899 877491 152233 459795 414341 593270
348839 862723 225341 984719 104297 538837 153437 91436 915354 242828 504471 261458 881094 272288 888573 329975 120015 833450 390739 843602
908889 866035 768063 982059 620307 989775 817145 28326 624747 308293 802013 402794 958519 998867 731811 508345 187214 584040 536859 424652
599592 825861 259177 756709 669670 144790 39362 386995 931126 951467 388089 795481 412981 528680 716732 107476 32120 654618 213939 690969
689038 106747 105353 188649 355569 878222 444115 192117 110511 336223 273132 396583 794929 520339 843305 90993 23394 100296 717524 83259
439066 748741 346852 526810 477778 924768 943101 356914 345039 537769 996084 908180 392837 174188 454123 732503 835959 887544 684080 46335
311830 157796 960220 965790 444043 482642 798003 703187 584783 759721 635248 418445 316254 197998 746899 5548 201654 349166 518120 780933
906733 355358 275846 819333 143302 382929 585897 422769 306515 793114 928566 680219 807705 581134 415496 652815 387773 777562 145255 654977
820963 721734 685260 437033 800019 352068 927962 21772 51193 488893 13986 20541 401447 921903 245170 335347 768684 4613 269971 892670
472819 298637 759856 289562 696193 761489 892158 247521 873492 254226 230474 964606 958964 412436 248774 349178 568093 517770 533025 768921
670737 891644 686238 335898 64031 799861 999679 300808 985875 388990 94805 962747 80111 774282 279320 975290 587820 390957 681923 365259
123972 157333 917279 692827 437909 778179 344914 358938 97198 545873 332450 159904 495077 558499 45237 918036 22569 166800 993497 243739
391405 745332 16561 736324 309284 122228 396321 836060 447406 291211 410185 940802 139734 441216 406919 78598 952866 441186 927195 329307
804955 207271 395480 749264 627477 97571 201598 178878 251626 992116 896297 535491 133659 385584 447711 226840 58962 771899 829597 36219
186533 150324 992706 902275 593409 123145 658441 491306 513191 720461 928836 193585 979054 485277 433549 734515 648073 224579 366448 594337
654334 221987 931876 496909 342875 314060 965750 920672 214982 497233 752028 700321 7813 535260 838453 244424 24951 490405 423118 183757
462473 39462 160769 810582 716317 417288 941803 52404 17855 601315 138059 680133 855757 741008 859364 927174 961551 669746 263883 395095
423638 268989 766201 638505 55191 127263 320465 336845 332037 717512 998680 205135 946178 246102 754731 16517 160880 532016 389094 429313
902946 564157 549694 629560 496340 271758 475679 49445 915073 741837 567895 225462 779177 416764 393075 97767 869044 277657 161256 139804
509050 877160 605656 474145 519414 921953 10648 181413 643817 189333 104485 210616 273666 706308 94210 28078 727021 256788 259529 632932
433657 42298 47972 915074 154221 426556 462305 578483 515051 82301 393868 537833 175372 719584 768041 221257 855721 90429 420230 944042
601322 26547 138326 807356 65356 380427 400958 725973 276645 870359 648626 392633 693327 143340 349187 128905 101281 883367 857229 501195
144584 271497 338731 84449 754643 509987 453008 614006 945816 644341 350729 139925 914513 575066 396710 447682 996804 409549 308206 370739
704492 776480 208023 402888 392132 584396 198561 100463 99356 261650 876407 178367 255342 472948 837298 360113 116021 854202 605990 245128
194927 990088 149759 730199 349014 284147 898637 463912 988244 911124 880100 706309 589444 873006 401290 652408 486118 345796 268010 306010
822087 600557 867907 352704 145550 418175 453250 287746 478594 463554 434868 538313 974849 224256 534189 530380 263978 921689 543832 159205
939679 108146 311494 686284 916953 537829 923197 974965 750279 218216 862959 367419 509480 107170 40631 285492 823770 987164 709483 299848
264727 893536 694426 528735 445052 50234 652851 189920 490395 115881 982676 293235 436077 947525 211234 678298 999320 367250 470682 488327
351673 357539 867890 271829 508056 696641 193929 290754 64205 921094 607816 81968 215827 601028 993388 501313 965733 13118 464810 445668
466632 244600 555101 91688 810749 124159 697431 249550 816980 333723 159930 86069 317018 97364 248101 630992 236770 358118 301645 598852
834651 687451 312182 699011 431506 778840 269906 344773 540433 759925 357333 303347 619618 660366 50118 379916 91688 980286 891001 199786
857379 961434 961748 148543 63867 133095 728694 8056 556979 2553 314513 444315 82884 458988 566982 151521 297136 85658 689255 908141
416707 178983 805519 968753 712882 220449 291906 618157 15426 888255 577186 677520 705289 162430 870095 432963 324887 862100 428121 241027
775836 321610 432827 126041 215249 839895 748434 25103 526520 52710 305106 924334 364767 455747 823142 345092 205743 871508 254944 378297
129545 758085 73697 837953 92067 973826 711653 286076 372148 882311 203869 829305 883151 986075 517576 307153 752311 451239 536892 523410
132150 296941 264160 246676 56995 827862 23948 126090 67939 977884 445338 801676 997874 841537 460275 187710 490151 751103 732956 224273
324576 827229 542727 201876 198203 641156 991410 122093 622303 468430 99286 312937 531064 434683 272709 581794 844311 403743 207565 720107
170092 686099 136225 30272 891935 789551 442613 379196 20488 978353 727996 547061 248240 444235 973071 229326 262601 425069 983522 427862
780994 782113 973155 592171 931358 570179 184398 662739 694057 69605 695060 757922 567413 645220 947079 556303 537214 271316 580636 440564
469149 13240 665888 417557 893303 451218 321185 380247 249146 618272 560537 623200 618585 521034 69004 924315 741646 521156 470021 72194
699326 114064 930811 973423 417836 980621 511699 291535 128976 411272 596406 207634 362890 143589 565072 151939 327884 555682 443618 288498
666899 52711 804801 689974 953946 894063 900382 884146 18457 772858 266182 911420 756989 347102 182529 790870 877325 986274 333361 942348
89626 117869 701564 272407 685328 228214 614921 727173 108590 641409 567678 72596 65220 469833 440134 620863 688421 201153 53467 582875
763275 881926 751575 4155 613039 311717 908787 486017 796549 875096 398141 481912 261872 969339 983430 908194 674379 382662 255136 224114
833305 367960 194413 476269 159442 620442 234888 400970 976958 439315 636119 900401 36706 311152 160249 143109 241929 658171 123106 753349
357945 632664 604295 57345 770743 912541 732734 431255 844910 143781 550208 77458 814565 938417 890736 909160 278925 102027 946270 352157
856645 796493 375243 154542 347771 915444 34201 55792 640082 618477 591401 995825 79469 438828 307877 82664 150207 927500 686517 457054
104348 385413 529111 793991 475434 935123 460631 856182 837199 303651 200936 573449 715670 405440 623449 579303 211956 371919 479595 872545
742086 949746 197856 190341 333185 560964 734181 392924 815497 955888 611464 910372 207627 349476 633160 282982 530720 404694 557467 96090
421955 855428 195394 738051 5111 327286 861410 171457 505335 220152 705824 539639 540877 74641 960764 49640 94952 855799 593554 40395
808051 625480 175647 675144 128046 757158 202910 808705 389382 370768 238537 533406 453210 801061 681778 163107 758582 531262 953093 880790
503898 372570 866101 762884 923838 644358 447776 27738 73835 365384 593199 756274 73111 716407 738728 677882 642484 241130 592123 517214
516977 739590 131298 946950 614293 520312 763076 25767 566181 720168 461650 203105 641510 534235 934531 482570 559729 341071 443546 658075
417985 442508 934441 993276 106898 572615 551604 109812 126269 363473 647632 969491 438787 207603 324159 444648 149535 393440 712373 154198
735009 701950 633915 456165 23925 644854 972016 185136 879562 991373 229940 793321 695381 822909 514773 232056 729417 386748 501169 355139
280172 126094 191338 389713 376203 504859 877636 186263 940855 855885 998902 90277 270937 779155 210002 768643 139163 517361 521329 609488
908298 969779 346805 736143 792283 719076 703968 68230 832467 283972 845242 711150 804914 39542 380955 84654 581640 508922 805793 389890
108343 244263 820995 919838 815831 859996 816702 476940 430872 278947 48618 873318 354635 769117 628155 23561 103429 659290 188714 664640
251540 312255 899300 908878 113835 72100 272946 301012 559703 824059 494778 517150 965532 690724 402506 177817 136097 582023 739023 199917
190990 344840 188471 209841 531976 589417 47043 660130 833527 721719 99327 246942 886043 809676 291910 245920 95277 517559 925236 447797
163421 677584 426127 451833 905484 323001 74555 497134 225661 698825 719729 224994 896979 772658 117059 372457 649332 472217 961540 379062
594201 969796 568928 257490 206645 45332 55372 618373 106421 263099 886510 271465 139764 181803 871316 411286 790321 64221 264466 81111
897211 527939 816690 474944 795564 394135 401430 621507 972707 424346 995295 470483 807355 341798 942348 403868 752749 401273 892730 771104
598469 138359 198161 173738 835687 212424 615292 62630 61253 48504 219318 276758 881584 666353 125840 237469 782817 805946 761449 258515
283510 251411 998604 406324 169613 406496 39594 930150 507913 183151 566826 749521 661730 293679 376435 312235 119647 683363 421082 584198
865499 35209 877949 221727 69798 190024 731535 335756 129029 316918 969655 979405 182959 855798 10545 993380 999707 561712 2368 350309
190561 586302 214290 16024 6308 164143 425387 908373 359045 348265 580356 732411 928500 69740 795055 185451 772623 772122 697270 40483
376336 328231 739079 4824 734349 876519 222148 279434 113492 689034 699812 62866 325743 82842 338732 771925 786210 108885 871637 599258
697543 327220 672065 909907 107509 877302 488734 152499 218221 271475 264628 441847 422855 64204 167208 791240 55835 108646 323994 139911
708555 784355 536924 57404 312367 575154 114629 590180 170306 788830 663407 77065 524647 275673 522610 656 12447 82202 392097 716712
91217 55431 986793 264706 239078 32753 450681 473146 984967 527591 728412 925171 806026 839557 204705 720303 967478 517492 141931 633068
588643 204394 898990 420128 167971 60369 384173 476018 426273 143112 918445 99811 51342 554400 878241 636912 407395 161243 910235 955882
33123 544940 726731 873302 475755 917660 208886 462994 272609 461634 445264 335159 763201 518117 234936 305972 125003 988348 282050 509537
129871 246338 27913 266824 588839 778228 865122 355576 201401 886937 811491 141908 811591 485871 411233 383710 578652 390588 348566 406467
887446 821446 223563 722449 683500 874449 661954 220849 945452 759468 473255 740675 581670 956636 543938 66966 136394 18061 821953 488768
474425 49918 365546 858549 366261 67333 846819 854959 316227 90961 132032 991315 689716 521929 283808 742790 772857 315705 855601 565465
207963 235106 588360 748248 943405 569418 711924 336199 507050 253462 122411 803809 819061 527926 926291 749326 570602 700640 266620 567034
30710 850428 333768 49772 730440 305461 351575 40676 709254 319950 534450 591839 143808 344632 723395 309308 733434 147226 4074 158896
630433 984364 174369 419534 379744 902096 798175 647788 981664 14762 313309 738668 514217 692749 426008 72577 669917 767900 713584 731148
266850 277421 979452 552262 412699 635995 666941 547841 440116 285380 33589 868355 130321 142677 812577 670301 104996 896264 610309 827313
346378 689584 430997 689026 986861 237895 664054 470947 96070 885588 677417 603174 509067 852219 81900 943090 717608 803662 271371 121348
839558 589651 946725 437109 71977 633765 521988 990596 648507 152459 129193 15855 200261 279736 966287 899556 999691 878115 386488 773886
667148 8983 65900 587211 426827 525367 225079 841126 845036 870639 989147 602810 269393 413975 511726 818893 563342 574378 927951 227299
252874 679068 969445 89966 726450 728584 106295 240619 339684 169245 639963 976436 5631 848759 809957 550300 205342 884142 418530 845942
460434 862759 303037 934836 375774 892855 732086 43492 800507 293153 646129 330905 287473 340958 936630 219420 155760 402793 453169 582255
58209 790119 459183 136454 642854 752993 751057 790463 513746 104679 293712 92553 793950 909515 349856 134463 34133 659242 461653 991898
485546 879054 728029 523881 45515 191039 161258 732122 578840 457727 792049 168421 669042 408778 801769 491622 239137 149920 991215 327207
829336 750875 303458 416174 651674 165627 995153 411779 304345 788818 369942 123264 989250 981248 467089 504075 951007 309283 914831 192743
232133 207933 343309 310140 252637 859577 329046 764714 600611 267092 449893 165638 986621 179558 163897 846439 730586 676278 482539 150202
54882 565321 125417 665343 425601 580195 359768 298687 234218 49737 844914 387209 995703 457472 349471 758367 372603 589227 100762 851704
885168 764023 377599 727795 280659 530920 140174 373102 510660 335297 498587 919962 753464 575078 650837 932288 219329 311568 626683 849769
885661 373427 907974 659737 660624 712545 953703 262008 372622 58803 800460 764805 6034 258431 97036 821538 543603 737553 19711 63962
354673 407483 80930 535584 848488 564449 801617 369423 146026 610436 165650 783562 974460 464761 468752 644673 819072 647650 875629 199260
735586 240597 843231 143771 895505 438756 196976 239377 272286 229290 185993 890677 473567 521441 671120 353206 386363 210617 58793 833940
695761 22816 96316 156605 992429 206297 923202 304123 386013 958930 571983 765724 379777 863474 800214 563536 319731 324531 504541 142719
682805 412756 802707 183441 109186 975824 376487 352827 332095 825174 965129 302248 685144 411848 120272 217296 912086 671095 572573 542242
132907 291022 601186 290962 259860 869414 358371 356544 744141 377782 416325 220202 507114 480190 113713 906236 540222 512874 348738 48017
92331 274303 508809 822731 890915 35980 683208 657967 688053 44094 380007 16480 73853 703394 107279 90966 455811 492246 227492 488349
859145 665146 120455 203323 268406 993994 843741 502319 428462 403006 833620 769228 110635 759335 347687 490234 904118 291640 954153 140053
781702 25784 73750 718081 275727 568888 140985 12192 982761 873478 409083 805335 468035 25335 861983 449570 913354 756491 324071 218219
44354 126683 56284 928329 782878 568818 117757 278033 154208 86679 866486 440842 19334 568944 256623 411105 291861 579841 895827 681773
222304 418196 207008 798264 879792 651844 834781 161230 98139 969078 557630 992540 800108 653035 971146 321793 778402 335396 791720 931729
103 203538 781278 806757 722285 156105 747450 508863 932132 106162 34466 348603 515852 909539 587049 128237 209645 209410 686141 570337
121416 955481 997517 611494 322756 740344 445018 798516 714666 933661 126051 958894 608776 930226 252117 152148 869770 905899 684513 668641
814774 928695 166740 714714 843638 141468 30319 296946 546153 516708 32000 863818 694161 469042 470711 483506 934107 660837 988922 502542
709287 690827 482164 266706 123955 139196 363443 599660 777931 913455 196084 749306 133458 851239 177894 58689 433907 319171 531654 132903
163180 10234 184953 159259 246326 512471 497587 602225 949616 275069 31605 85249 958543 967455 636775 579021 218574 883692 158699 218049
248003 658993 397513 417463 275138 496189 363103 379732 623726 896436 912297 130957 492211 911344 372623 58034 717796 372878 542588 139643
542038 842730 951863 379186 76599 128757 425537 619958 643843 680894 625134 909580 595109 168700 448768 802080 620217 63719 758638 363506
495330 799356 587360 116881 216494 743361 378399 979912 896375 404930 437126 715635 686804 714370 360249 243285 231256 612053 723966 331756
969733 250786 863633 880333 664601 903298 985843 840648 186948 669927 971726 720796 737516 380480 232995 17739 199439 458662 945648 577467
827269 137353 254675 314288 591920 123214 545582 19254 41587 541252 127269 49013 677915 915874 417636 847051 335653 924750 154789 869386
715608 450749 694053 842355 637087 916845 291209 991049 70124 312209 664371 465171 382063 889560 373941 242865 123095 977800 771700 290921
867818 859745 828534 336837 307528 797659 687521 521293 8740 813777 850406 154415 101168 78860 165580 794715 243918 625866 692084 643860
530179 272171 238052 311375 443342 434020 437482 619299 648307 585660 244334 49632 558511 793954 247135 864847 462503 318822 98730 701079
452051 646806 242931 923062 944389 888668 989844 134869 3513 331804 699766 963898 873369 34088 863279 931638 655478 664131 406527 990004
552082 172323 791476 402778 872666 22284 205888 925727 482840 404791 567993 519836 191121 430442 302059 465896 473467 721617 106909 372365
296658 78418 227417 449809 798227 547771 563433 810513 751884 28638 170678 572541 548041 95408 385953 329489 510071 90542 580596 501434
274694 423756 718152 718883 54208 17375 957082 635767 316214 344397 586021 220017 874870 463899 905284 486938 936259 993824 476529 829112
168682 516571 162199 661191 907032 629366 913818 407045 733315 684873 843224 939172 380201 636882 695219 976701 2673 81502 170934 429138
90566 638746 13310 781713 368265 208517 502065 374570 884190 124681 593116 596232 871056 888505 682486 401192 906382 960015 768760 592728
980883 210668 373962 691022 541131 151208 936048 944910 69354 359530 93989 636095 977047 690666 798107 157565 266115 314635 441055 407158
30761 515835 510390 257975 771257 969724 376040 236106 347640 975025 18456 17668 500399 696491 371326 934207 4001 685924 67119 657917
209903 622865 870074 250015 535851 764777 569285 37239 742756 825862 299973 363940 69197 631833 770425 962693 291280 726559 377514 648641
493259 4058 336616 738043 774667 94597 5836 774032 618955 252868 606705 501114 807055 436630 443739 760846 88899 896145 668507 533373
49989 88356 947258 854907 764599 720602 948244 922900 606003 458086 940553 387276 391375 276428 141760 116340 513504 901797 50001 832156
921396 359342 417646 129267 803696 958287 773654 117685 449694 615024 839501 371098 220698 36516 658816 359040 565876 738668 408993 656132
982042 79565 474981 953497 196596 643921 24183 752020 729863 465982 253262 417464 949224 85483 725087 115327 940659 47019 441205 243159
786224 253559 171520 922223 90730 528518 191706 100804 68059 114420 358797 534639 5674 759230 566690 51456 909180 545282 568379 621125
869370 672167 233434 171662 232587 983507 244684 982299 975788 956851 15741 990713 898942 363861 342461 605564 763557 694867 3918 86260
126122 853753 440347 670123 735870 89005 532963 468244 544244 849355 442099 41711 763255 81133 185979 438743 275050 419681 972922 357912
360285 272466 718562 975695 597518 697589 458749 135561 980300 366629 138496 990576 953432 516366 503030 779060 350877 137067 285499 219921
193630 766773 68750 128056 251530 601068 894752 236739 355569 958923 327921 720318 468099 182337 18745 607943 898313 607698 786853 989343
102332 221522 133601 679743 378624 25032 741854 780267 595996 809657 478160 970971 712540 475437 429797 333980 81700 787763 558578 579934
217912 758214 272128 592430 295673 744140 9087 56993 706594 825884 322669 359505 590730 356069 128822 867761 199703 911534 763156 963537
701255 331675 349578 52692 824709 547455 503336 405489 44323 321077 718235 273038 28020 147660 711920 214826 357133 589413 685807 903578
977153 81141 938916 416483 249949 842110 269592 942292 558450 916138 497076 78372 913760 182049 7563 772642 21832 958902 391484 164225
648644 51892 364565 694401 166122 909389 318604 736864 517990 391042 837508 485591 958784 883216 54250 159704 747187 749972 719756 621254
959370 232535 116564 71146 690 852445 614751 261561 277001 592717 808690 973690 366894 907691 799231 188009 652993 96775 798542 162611
512850 105646 909938 895395 838526 165605 728285 222993 203785 299694 794976 529928 290418 231917 33870 399791 470570 683086 550857 751496
223049 689645 740718 379408 772526 87966 251538 839043 397809 195988 158480 679761 337124 428207 50137 981289 352213 101482 614013 961106
211697 885004 10743 952924 110474 621753 680056 351414 715796 952559 129413 283134 125816 498957 534149 24177 931753 348730 767072 908515
225270 252816 722092 813908 925819 891635 505787 316279 662108 98019 42702 902429 419369 888046 732881 790084 529135 925053 126900 967466
604391 16716 481771 718946 609533 123580 57000 346870 246271 550105 50359 155218 559367 903831 973834 392012 136200 341387 432437 28720
887298 847844 709762 805495 881350 47098 95434 602822 633336 440927 681742 498039 435659 756540 460926 574732 644459 764701 477757 440719
346518 502097 306437 898155 100565 856566 759596 159381 942546 461285 623721 970406 598953 834053 373249 949015 232146 738452 106974 471623
882125 488359 786483 281011 379905 839232 104790 358410 820735 295763 526631 259119 618225 209963 855097 502930 1762 366046 475701 531729
522652 388575 202122 833116 959842 696983 113067 363909 736731 474820 289719 543728 517411 827475 196120 118889 347221 68484 78112 482474
401592 876702 167532 457767 431657 939428 603996 253272 649769 989485 773412 582236 386374 364392 95775 409710 270346 216020 925999 168877
874845 424696 659952 383641 567163 231616 44695 807432 353200 102331 587622 793598 434774 198761 760585 803839 467513 874639 540861 884851
494610 92520 331827 929175 25905 662196 634714 80023 728840 807655 792939 249568 434780 253965 380702 491507 184973 264126 57962 680260
900953 176839 402251 430565 289637 719257 570198 92675 356757 100844 798840 744930 232049 546837 486230 893322 640895 107865 499833 317786
160083 507221 592573 705577 715425 487972 997660 96239 855234 399801 600061 399223 536182 649911 644964 408506 876084 590302 51625 971752
329171 394326 601675 127416 708983 122226 401978 325168 792405 892890 596285 730061 805901 916475 622010 352714 539121 32624 622598 191383
133224 33462 165659 627833 5586 32883 456548 724399 248750 310910 462732 85012 463237 837948 958097 761344 138842 196191 633182 554313
609915 345882 492483 633442 634953 584010 623340 259493 157551 34954 77974 344232 275121 850505 914204 871878 374839 285716 626105 146199
69256 167120 80277 396293 606435 169479 60032 847272 798292 641931 948878 784333 129269 296534 667813 383509 469703 342273 870431 378288
703762 176267 911079 410233 397106 981705 322942 694167 56613 770411 619651 232316 342484 611605 933879 718726 701172 934610 336949 665688
626851 747200 127513 975324 70519 439291 577338 414531 904186 561247 703197 482245 882250 804645 828001 98573 896451 899930 366122 26394
764307 817596 290069 14525 402803 790604 438525 254989 808501 544911 954563 668901 53650 629319 345320 699102 742508 995759 201377 79914
314801 125122 608804 32950 262728 434701 929502 794463 218459 131611 520934 530239 332029 64636 725544 562627 476650 831735 34016 409813
276403 605476 782821 742173 507535 338805 885916 248834 913100 25973 778240 99559 638028 244817 239752 70083 191763 521869 579577 801181
751308 843670 311303 945180 320182 795784 916124 302468 509830 840438 920783 824100 337966 453072 847072 170407 614409 620945 579606 549289
524346 199506 172688 901832 460022 108999 660176 626771 374957 646489 374082 268865 216767 100183 633157 922647 924112 162688 57583 641988
311868 400198 987828 419326 970910 815715 734874 672161 325581 555083 61280 28374 422630 39372 658411 9365 486909 934667 336200 389501
648519 385591 542081 173286 498407 99453 795756 928224 663267 459290 73987 897181 592353 907347 363882 254168 306147 311673 511765 200842
744455 8243 291144 877535 340835 752089 261058 298825 453685 671876 838365 649646 568286 509873 688919 765391 290366 573133 144678 769188
877409 19849 194245 655028 655906 991963 108618 304020 335171 6108 785735 135661 720426 516668 234386 587787 842614 612937 431359 869525
80427 400354 56664 984552 780331 918152 440120 326288 222588 921246 611927 126512 788887 971073 238882 548339 149833 169039 177090 483451
645447 602019 883128 662943 417781 626616 220398 512429 185192 417146 683622 435124 75444 736117 221674 124306 946179 605359 848150 544301
684618 663261 87695 576536 170088 528644 215755 562631 669325 60119 480654 921642 841655 248650 374210 250702 419730 924037 245891 990810
371256 637565 381166 782865 598100 542986 400775 898376 795653 636366 414081 990554 797110 320637 509542 8284 655892 42395 520701 572807
506729 26407 693577 295448 211355 506842 331104 959758 974580 394508 374821 913094 956676 931301 566289 619951 632263 34885 177666 159607
304795 898217 488627 270936 691756 816311 409814 278632 443529 18167 994273 439954 391900 899546 403769 411619 557089 231770 605797 976349
619838 399932 168135 559337 838874 965 947829 858086 856810 314557 987101 814469 311193 754878 458641 619588 491031 870184 543675 734114
997822 439850 472323 343759 540000 354643 319752 101895 303834 992527 377013 812472 605788 411201 840471 816833 310518 954950 856623 326376
90921 650544 700096 652065 221930 544151 834950 585373 79817 70919 438969 996591 218936 940578 346337 749652 241338 487383 981238 802069
279503 390533 746253 314686 973971 184612 904398 53770 871754 187126 88169 913467 436313 391050 487373 24479 818168 161419 890195 311888
225142 275263 908928 135033 49131 523052 852172 608355 111718 326296 537026 386328 208001 599147 500705 277154 579705 32206 293123 408233
804220 537068 735503 121756 168297 654617 81814 403883 646403 17209 895671 353712 190080 535694 425690 218218 198922 787730 904324 8083
933479 921419 60437 401701 521807 617575 415186 183214 40251 930262 941948 754911 284373 966115 433245 628280 523900 119292 817325 612275
903684 39700 411893 678052 54190 436123 461850 949591 541358 573144 43302 154123 180232 326503 128361 319512 841880 114601 128641 758419
158392 264354 519161 10585 876049 667301 817350 787637 780701 85831 530665 834356 558070 799699 577404 365526 946799 873280 838175 297189
814880 581688 302316 422593 815268 878650 758534 908471 819636 435026 141121 420454 476615 224253 604796 854695 491684 205032 656785 510019
661298 578665 100189 356003 9897 590072 645877 460864 937098 777224 607787 277478 264763 278030 478295 308294 104820 923936 764874 565156
771528 170922 540594 146201 578544 202836 420200 302385 891844 305113 497678 889665 810347 643866 553344 249124 832618 201960 357581 862961
614629 157722 6130 846274 426064 916931 457976 834332 83628 120008 674632 701982 174307 259137 39808 798996 20880 904878 645067 646207
706518 236303 575802 185600 391686 50133 518184 576082 568228 609322 595200 126083 959081 548963 806653 139675 59066 117323 758918 983452
506396 163785 279986 820561 772869 426340 434881 749828 797217 32294 239936 304310 448243 814779 657976 903292 491900 546469 837113 934711
478209 106374 329433 115636 135755 929256 201485 921570 635966 716315 764425 885578 199298 495231 313100 590177 918832 96429 605388 568760
885176 340124 946941 535066 879041 954911 101637 856593 916325 249543 887118 518109 534899 892647 562756 607107 581359 226640 622915 765413
691555 584905 780774 293333 888572 754051 697139 77443 699418 891099 362682 30346 823575 594697 535592 612111 201722 146970 451676 66133
193303 863233 692406 44122 651338 392241 240462 374595 540221 325071 662293 485630 723937 278908 495624 885933 655624 24190 72688 405359
21631 235180 538634 936029 623674 933930 187806 703721 354904 440668 215232 922204 584749 401610 584302 556453 699850 572465 927650 224170
976629 637984 436035 51077 817546 875303 325568 764481 193039 547875 7549 436133 825597 65143 379996 764751 804374 949713 564990 264316
375029 450896 764188 187769 185294 668027 319324 285033 564597 968928 923470 517110 94164 794830 777230 416798 953431 14376 440488 13304
752413 180701 909004 963971 334833 427305 484478 968446 142064 725048 838765 753976 404449 127323 443844 203727 72186 219102 224591 598112
750177 612570 957947 221143 354627 941861 290767 929758 483321 760359 816969 422006 676641 730646 724986 446903 478753 290574 185617 955302
861322 526966 623204 330846 674041 575108 485186 771487 126801 839932 256472 181284 335664 371385 992394 222342 328858 500271 621631 78990
554312 966289 240860 420927 279135 237081 121148 643111 559383 3130 452243 849791 86883 497429 325584 848263 354381 965772 305367 875849
868360 926597 480290 691034 481191 645393 860856 824627 414654 761324 279697 924227 985 743156 975201 134654 967915 492233 613337 390642
856337 142089 254094 150981 111970 595689 845369 644547 269920 261668 484432 327619 935045 235770 360993 991554 6128 88272 816842 803251
408583 580853 395205 897669 771614 800617 50350 228825 340788 623734 383518 97262 488728 363246 884068 822885 670995 243404 710073 428993
120470 12136 471258 850749 548383 303792 555054 681729 249971 618723 721716 319079 270832 845892 765166 719570 993992 176952 938778 576102
143476 788370 110238 808181 241328 43305 809642 732254 243795 464188 206943 847046 144649 2317 730624 931426 814274 584015 71646 187224
96796 490417 27980 960946 185881 559804 457641 614828 895705 162931 449310 327905 411796 216700 720354 359817 141317 815331 249966 198093
124115 623713 814834 450955 663989 124877 788195 875602 417739 822754 138808 808699 780090 808078 316912 695607 595646 719604 756904 935
297957 146117 696269 241534 823662 634978 570392 980790 326593 843671 871918 72530 870183 784218 398233 671112 400942 528479 638029 439565
753737 483867 174456 933585 348928 171574 875777 864378 103532 125138 732294 861048 346311 682691 576322 616392 3737 982100 985409 196986
769335 361822 551034 254870 896111 469458 808322 419840 109694 413529 690461 623000 421241 948103 386391 517283 760929 690338 959674 513982
938531 366868 660209 687356 124054 173440 597750 668805 951857 66231 609460 977773 725864 141185 213333 473241 716405 907673 385723 558740
593944 830597 662697 555424 639667 350691 350599 104801 989958 598864 651528 519819 278008 300977 399688 722038 815885 859976 718732 402342
562141 19574 277425 259989 273975 368602 766840 283321 701561 389458 403242 102984 157983 488560 109401 293625 758287 66693 387398 941945
802053 33604 691925 541191 719686 60238 963385 423483 74225 520804 720508 193691 470122 683717 651103 559237 313771 192624 859655 62513
653527 732201 743841 815858 121620 820865 953270 32203 180165 298895 523723 38833 312835 948446 621674 546913 480462 180443 33765 512584
741098 91870 556591 441807 735100 367338 448264 404055 459895 402204 900534 624754 139263 183357 957146 789698 914738 673390 409315 563951
980521 142818 652364 747971 114304 278676 2192 358835 541882 6675 865001 797823 601722 602967 705304 583764 955368 780287 361984 897304
298265 405562 283766 947883 914772 515516 189708 188018 740812 727238 864040 362679 83100 629465 586212 746079 390723 688908 147944 679309
304602 534655 949375 987936 78295 582460 892783 221689 114982 466580 11677 375762 335652 293317 77070 740657 253246 308957 203842 126311
354281 18852 422632 77375 64827 992211 574676 355781 218308 643980 618611 452061 389759 402654 236090 150544 424856 825554 186617 690197
336930 693502 568611 866272 52494 459987 753392 442501 387530 372122 721360 547347 379849 785399 863956 63582 860333 596988 363221 7808
973133 7340 669202 331964 236224 777748 866696 210460 764468 536170 987728 667574 232370 938359 196186 65849 142288 168314 179251 688904
689230 364327 180834 425365 817269 98861 120355 783804 617298 426350 760260 674243 195821 105671 206723 72098 780870 885979 23756 378309
838479 143525 414924 137431 345329 511581 642750 209099 400178 775627 737103 196218 605930 358424 445784 722269 828206 37975 665987 731168
791753 799125 337604 481051 211821 983108 773120 67387 724829 882255 584956 468983 511792 728149 634320 691387 766881 981764 919373 623139
495134 75929 704909 827890 889237 304374 684022 5688 193421 389438 420322 964751 472354 278116 167282 638774 100646 749034 851331 627820
461229 747398 470798 119139 13470 423885 863379 473063 355013 306792 71183 67676 313216 23494 442238 932400 733276 239929 694531 740101
750127 741108 802725 121880 231045 323193 971748 571024 402209 555889 34135 409156 198126 769726 501062 483839 701298 208454 11408 144636
745954 673341 367673 784082 493923 258478 142156 656332 306880 249233 113223 449956 758313 915734 558488 253589 621592 376649 477419 382866
356332 658998 578775 934943 33901 738953 846063 913434 352106 698387 129198 833263 252664 865371 364915 44421 107154 175949 641846 820338
368351 852965 882108 461715 72652 916694 15908 214975 25729 304499 771990 918633 501530 725987 684366 585812 585774 483090 810000 796679
444416 982940 990002 992370 504306 70382 861122 841200 886002 144540 572920 498952 332208 584674 221570 483777 674342 354849 813198 765188
426089 809506 78934 339953 75 881847 334799 195948 492505 922761 685064 652610 362990 214745 80944 42051 238617 577961 768343 452384
506643 136896 126760 427019 434530 737591 463019 192331 409480 652250 342803 331745 616658 43240 320670 18325 849901 254335 860153 943708
517846 629559 861213 802 569468 159763 7456 991243 398497 32627 159040 298360 834803 270742 300722 73190 909938 694697 123099 736910
601339 512995 535145 770396 943856 165258 726036 153614 8374 639441 490114 622560 973260 941427 98273 335509 786267 866634 925915 51737
674945 303208 548677 160420 523126 382354 515818 328697 211348 351192 28200 515151 580402 714045 905505 921844 412483 858426 182738 438602
675832 113066 314328 718029 157848 207291 804575 951600 584661 747748 50065 315437 771951 192764 138720 593935 172087 204545 956370 600043
403438 898390 261160 549776 987102 670930 317967 943798 818147 149105 321015 609064 420006 582003 252208 981857 164188 974845 361791 558476
843375 757758 747119 723519 296029 696469 871247 736346 805769 952065 890265 54723 932616 797467 466061 33959 388663 861487 318364 5517
493053 819857 477268 360748 648221 592027 248172 644565 379416 477756 675644 982152 252907 330430 926128 393099 875037 50269 839256 582800
859225 783750 384121 938721 586756 728972 217469 555621 542856 214444 493477 894357 417314 642788 940818 897360 248775 936921 134305 62919
319516 158717 7155 812092 342606 466755 61600 728812 213436 87317 379318 966621 164832 423705 166403 962662 166483 497569 252564 50043
27891 939364 346813 703930 736036 959965 240550 456388 735146 939911 45678 792 302832 168452 994129 106817 248379 511854 968159 381652
783349 807410 333429 752823 60122 22407 354619 391894 386487 39694 797067 209935 106549 262141 513115 783714 986084 274288 362839 417563
673405 128364 974432 968508 335690 180049 529983 683270 661950 651081 340075 253305 934092 808370 446492 558465 144848 676018 817544 124475
251170 220467 803978 60594 296067 949087 356668 26355 430839 88373 51731 464855 308803 150889 382691 282022 91800 124242 581836 941664
996587 713497 98364 194547 217769 418590 272134 399005 144267 205606 836832 790639 986416 562035 963571 494749 881895 911919 514384 123424
770081 362730 646232 241455 627099 81965 279223 337081 648185 150990 381887 481791 281361 395925 649378 59356 546240 968183 292932 668102
179852 726349 11972 618619 346997 435400 132688 365958 889974 132323 433788 876247 214867 775473 563550 527006 891167 963373 196374 43189
997183 207498 766914 526613 943081 434711 495320 399778 22139 762758 395515 773149 52832 862393 239105 885510 702400 776094 72577 252119
667601 930067 316536 612981 50193 465353 298355 733071 23179 26873 463588 220447 408243 462717 199180 809145 937677 602614 433076 728316
514360 711653 350566 310936 923044 394902 378839 814227 834603 932385 362549 646058 805635 789395 755426 895320 676057 665164 50472 536384
556290 554498 452607 510046 876650 940389 310620 883859 625999 899190 925646 554417 225189 428574 174473 909554 979350 478565 129210 271627
933351 428942 735626 747080 512107 475862 486871 262217 339769 965398 148113 300381 237491 262278 924316 568114 40314 555718 514415 59054
664876 93024 862802 116041 253800 91342 485444 754086 183130 791472 394582 918876 174635 976271 713270 880642 942557 273778 687297 672506
117966 823652 81503 225337 765931 45629 311199 897881 578788 954984 382847 118636 627951 94942 68863 352410 412044 87049 972515 721252
324695 433789 238651 231148 954275 260052 646616 183306 77872 926068 127384 916925 168602 384573 686948 199278 853217 21862 117514 530760
296268 301117 693303 251886 206302 361539 944588 168093 134973 369255 124135 400756 272669 876447 871989 433795 930139 694069 463852 98276
643063 610553 461701 843449 46713 98101 521371 43720 591742 877423 74727 661945 613837 196613 52230 564175 505265 481726 254129 327349
968746 197486 288636 469940 945683 273198 70572 760694 910978 264559 53471 814772 589870 102853 389049 565285 409736 589320 853295 497646
790152 90050 958277 650474 178063 896449 687243 35501 727795 96897 562162 522582 239664 195702 236167 912211 720557 567923 753201 8757
396447 44623 894351 630969 160490 541363 767758 682446 945209 484405 946840 971025 907053 798170 237905 561960 854233 50936 268376 904776
478360 479734 909731 965019 909631 766348 19797 151080 106705 582342 959562 562710 200997 947879 270050 104073 761449 332943 949761 576579
8542 274678 283143 377046 780015 285660 774659 663841 376642 769558 867814 982797 122869 44410 665364 643460 825857 169080 570891 464631
714553 859307 209415 732268 158636 810501 148032 878522 734956 521939 385335 880312 442080 497358 995188 944174 554173 14630 937886 632349
72918 948279 928323 495497 94870 803246 712601 450742 706583 657477 430309 244418 653631 151526 550184 499100 786594 330506 138349 522876
986777 791416 907455 314371 93172 514669 957800 695400 300442 89960 478839 27197 325355 677784 655769 365605 574209 999697 923381 144463
720405 382249 219889 435428 395269 736720 336775 985233 61388 135086 966858 31977 272086 518925 360467 386772 92086 492863 764600 911279
533723 101374 450552 100041 476350 924207 690875 152623 138342 957477 717039 368143 396382 705588 710822 869427 446591 477898 906065 236418
767003 77496 303922 572779 283539 91856 931865 46372 18003 617020 282614 145479 324107 166970 546241 331466 256747 639786 287858 194432
201951 932376 59034 39263 468753 808662 390440 722816 845727 526102 367710 739060 819362 101447 200965 956008 168785 398598 478117 715610
441579 83795 153755 710117 177558 158249 414732 825313 666558 441308 496527 452253 224897 213913 789035 288788 750310 841935 417630 515817
782149 607953 742689 8278 866580 31486 751399 115883 305358 765639 837478 306241 558410 191629 581127 292192 850608 283620 157600 981721
514652 522534 392170 266905 855384 998613 973675 815740 458333 169418 447517 579770 100868 108064 257812 263467 543705 75292 82651 849155
887592 967794 946490 863985 850130 273452 372947 603645 309791 283297 548516 233848 656928 689347 59442 707221 801543 325556 632500 719622
881037 438974 432595 389228 432769 504534 560562 858764 117094 129138 757771 938999 133912 299936 333325 201361 712695 563417 85358 475339
746060 817550 737384 167784 206874 439577 44808 161035 88772 302279 603244 301091 310176 42045 65061 576414 934516 629122 183309 602303
431032 531560 241762 763639 302117 738336 305943 780831 109674 543737 975230 802018 217244 884770 222819 480149 804249 831395 201586 60532
459885 27156 855507 590482 28217 930996 82546 525560 257302 510502 984830 751866 448348 217843 82715 149006 312232 729753 956622 220619
285615 710707 383086 815610 58122 819619 974676 104200 85227 884650 998191 50963 38543 958677 625277 852106 298224 353063 769509 407408
738063 32964 293616 17146 246446 232230 390023 684666 496168 215001 403101 531915 270824 789518 82754 404588 707967 367880 64220 349054
197601 248933 385500 451540 451563 610561 880053 606713 123515 353606 460724 390168 79003 237240 620073 857379 160333 625610 374674 49942
821257 891323 504318 936507 931302 518382 534 350492 931359 309008 691276 169291 164909 722364 277946 74369 450162 946119 199329 747524
905870 217106 396974 799299 84838 166251 517468 75503 249483 87488 299585 53448 791570 656295 266303 407400 882182 679296 415287 1251
749403 50363 619107 923591 577448 375712 252395 700759 488863 464619 700592 607768 177227 232994 101247 935423 711745 651956 254566 742999
727557 831176 376716 772726 958805 631296 544341 950427 826216 477762 656686 909500 208744 586864 428044 873311 960254 272186 163050 970058
20828 289842 841722 160433 747931 930738 294421 595779 810554 259276 165112 170568 367750 737438 828886 40356 967569 514516 748322 80513
739012 721245 67876 727442 418378 846249 973300 995484 962806 734263 810311 701639 23351 822330 164017 966589 748445 695148 860507 99699
905050 869770 93759 533194 11129 143393 998753 879068 823172 512608 912274 897407 345420 246735 700750 181172 213098 705716 71983 86727
601248 158162 807618 83577 276880 998276 402929 788060 586500 726466 442154 741092 844603 358496 985814 436622 805729 738846 719437 962740
551688 540843 797817 722240 505433 589519 837457 683663 66825 317253 437402 115467 706230 385534 779749 567467 334078 861647 369416 697265
493364 35942 937412 429212 437592 104568 491184 808874 444658 311089 876431 636569 166283 61603 628868 865780 552407 459688 214187 512285
676088 498145 196254 698339 938864 247549 930352 180320 337957 721272 902511 214417 982897 1986 940297 382565 426731 320664 79476 207564
961427 893795 95179 317229 164003 838782 506969 94294 715144 972948 559235 146786 256511 79543 370499 384021 42569 886249 246955 735371
211101 353423 727202 291442 499237 878132 438865 489453 541963 238044 258275 699421 540623 162773 557664 34397 805879 227731 396628 975693
756665 158222 264145 12815 809298 192190 743734 300082 412099 336889 193898 42266 417159 418622 434939 410813 563673 664117 283456 603536
7219 989043 736611 739548 387896 789372 366064 126743 717743 284015 781480 549530 124661 11999 378480 354149 67437 276963 809363 203754
784432 799020 693214 643662 239934 348311 663242 724836 199633 603422 568822 382263 181596 485104 173603 128045 142817 87545 747878 501377
264761 393026 481287 203960 668766 749129 77718 334272 903523 29053 257414 990814 903559 753674 328119 790867 355007 90011 326410 665191
722984 412325 972541 212071 242360 144004 505869 33326 477482 258690 282887 426559 432033 935430 155737 960656 916597 228375 540309 201958
906946 344801 299869 211493 303230 82084 907920 807764 312348 316837 724097 857948 171267 977377 559399 703161 809608 242211 694204 86851
25438 234083 245206 191718 116073 919338 109835 548563 939497 406889 180843 930291 367415 798405 128678 775492 282664 506072 906859 908554
525011 994101 976778 149216 81990 954587 630890 811676 568982 730625 376847 953180 291121 256721 244826 680870 166787 569279 920050 907461
164418 937567 659103 157233 201925 753265 453255 580769 641732 741275 142329 383292 488593 705844 610500 993405 106933 712489 701811 711578
15082 529079 216187 839635 796499 727388 61905 445892 373605 494681 330782 449646 224979 424083 931977 320917 493197 646057 281571 528544
816909 778661 849680 68842 669720 424118 941024 511065 478760 249467 379319 426375 885620 784405 679463 330445 85412 153882 19802 796554
842550 305470 287900 729848 11130 528506 158587 973980 959279 888048 429515 659679 806208 96968 449167 333757 711948 325183 697544 8685
498663 490459 179985 239415 386691 838915 586679 639949 275295 922226 995392 425603 693434 413598 613442 519229 590362 392397 545685 435010
533102 314122 77194 406204 916190 21915 524099 197595 472233 260655 879483 523670 141382 956429 892107 725991 188277 884049 428196 466505
42492 398605 408030 812198 19327 184276 616913 393572 618502 773 363442 751222 324341 269642 633910 337488 986498 238150 848843 968329
13438 994509 633049 711125 581840 820011 970046 222930 207636 471871 176288 283594 139131 772107 101964 448757 347069 980677 688764 991333
906901 21317 25571 467939 337290 320417 465047 144913 349083 68388 837848 205062 763929 950186 816670 420651 16489 732719 313127 278335
670948 161361 983769 232324 814808 357595 89351 546914 789502 973765 999796 182346 809959 727113 459183 191257 296026 474369 470708 191837
117666 135912 639944 838984 983094 748568 426902 792635 110571 755149 507627 366937 863067 118838 953176 155012 266846 970378 268145 954377
532775 37294 317559 606531 574005 93549 984677 496837 304844 777410 622339 36617 716941 323591 310661 456748 557198 308724 185833 79410
37512 366611 253839 756862 44763 843543 576512 561228 644149 217308 151808 662374 467536 653008 636034 652307 938167 774629 176121 453242
942091 961752 921033 168450 364985 600066 765760 31014 562570 725366 362020 551372 844536 13420 148602 707506 47707 492231 764668 574644
989555 509972 59985 244656 803489 4976 52959 971721 831207 948601 532330 883580 810588 693206 771194 562336 872670 596838 382599 422576
423531 482475 807875 435055 63922 367926 822807 555948 602699 730262 761908 595157 647762 582933 597423 867691 432267 200111 264441 275208
287807 612333 796056 684338 114402 149361 564387 348540 708627 352371 857343 327918 444660 346860 355953 386703 245868 7983 136400 906883
700225 875106 606739 338862 592204 793820 366547 433092 968268 191029 501989 450867 724502 471220 180331 214124 625313 111538 207873 969273
758857 427747 803328 302375 353963 562264 868301 934684 614200 670627 410347 116571 631559 283938 903373 593825 771004 552709 162180 500559
81205 509014 775429 459901 427051 5034 415464 957480 195373 765590 992618 216224 24542 992596 801999 492414 915605 367688 39027 250355
271139 872056 639784 942818 804945 853375 268660 468956 689771 962219 63421 230529 434892 840882 360420 702696 861740 72350 759405 323114
714988 476185 150900 333858 195392 822967 39505 398933 213574 866713 866544 146092 375983 991577 467371 64770 808207 160102 109371 297450
414897 741249 113266 557868 539083 230851 143520 111453 610112 732995 375675 938439 506956 614646 46684 603434 262050 782388 649710 16118
273296 463124 881782 299823 23866 973956 181900 371065 439058 500039 11762 122167 779055 99339 887172 758906 394578 400623 145737 182634
881797 991686 584889 336164 891883 411722 846863 842079 765060 192889 700931 926813 113917 741857 225647 922175 564062 697378 193706 458236
288583 453379 88993 910166 31068 722521 775301 944419 616127 717772 83805 289677 191980 878686 301920 518943 461590 89049 962449 554710
334636 34617 170227 922934 371537 101903 881801 810892 385828 381750 982616 250638 282348 970565 208123 269572 317655 607175 467378 666892
471687 550 535946 567693 251047 842943 120038 615270 476147 295902 726833 549558 240327 628403 30166 665959 70844 219506 456129 344612
640146 637722 642678 640922 655400 445577 628203 859141 464572 333901 562992 577312 459098 702427 344074 847364 954930 714404 77003 585729
837006 570561 980553 890251 477858 141411 413822 446812 767456 680310 678264 637298 978765 168538 580797 703932 451837 766979 802296 904245
434728 954424 920782 563562 444129 832376 342627 490239 698068 451119 946350 578415 996385 555940 512699 663591 978742 561838 576831 367481
831051 211666 922046 565660 611412 322641 861465 425709 905758 945630 371883 490190 193074 620129 205902 782032 10913 468678 236311 797484
501798 333709 349349 218211 896592 556997 624075 379719 677818 685561 66198 366588 288136 883120 186178 468272 217031 806293 797074 571594
59090 170088 923912 862922 608970 957844 637738 630197 775553 452905 410652 161974 764908 820797 115309 15853 210082 189144 770190 155491
321559 923080 75757 986560 553377 322708 238599 855328 404105 391279 603163 321025 680682 56530 619368 556236 392007 468151 243284 763027
836617 412702 516247 270354 759555 609770 115628 904486 291810 738347 421592 296279 749744 655783 585710 592710 276453 532362 695550 503439
671540 879381 361915 99866 655106 653148 643564 806174 829941 625218 671190 950217 33302 156614 922767 400646 588778 426320 928253 624891
75787 278965 563293 983721 391040 74227 494815 261869 495602 860020 326676 351156 792990 390937 72697 634245 511963 722599 778209 933000
85313 565868 659893 225712 395293 163239 16808 721261 971753 111970 623722 144279 254252 581520 661081 928654 272668 583334 181483 825285
248913 667268 713018 912510 90935 905364 255730 762235 337228 101676 416621 558250 178055 794928 736427 859407 550918 283346 233391 50773
622580 537691 46757 96493 643277 957824 505398 801165 367463 262315 330447 840485 325667 766713 342131 790510 389682 840527 324604 523689
489487 728200 262722 817785 867984 306443 893813 679044 676137 596282 891320 409335 351378 745234 686476 771261 247451 274762 34317 702149
819769 292714 505860 682654 507989 409366 440295 96632 527615 923381 617515 854945 401316 805276 926651 59901 90720 5072 477712 490532
698439 363134 818553 198397 604218 188353 800280 914197 327047 876043 339267 707732 169249 897907 552185 802436 252251 281876 665548 20600
321128 816210 583052 479977 520289 920545 819349 451510 673575 646587 607577 687306 327853 163423 73291 285365 168609 369494 302501 467330
62773 667517 554796 659336 58419 68486 963581 408156 381821 512333 640239 897 415831 415179 88039 789998 334102 642902 278677 674776
649148 385239 624921 912777 412704 831172 622866 896460 265624 776761 404535 822062 763309 840339 843757 258256 410217 72152 352167 75345
429169 949458 580442 935672 492215 471571 711866 636541 245464 740137 240851 447406 106518 33730 403156 965280 351321 17551 721852 224957
718070 512494 278862 521752 858918 240630 679471 461701 639144 526934 461416 311553 837192 428098 4260 387584 272263 747720 540950 179296
973099 439559 904217 505117 456728 463387 822131 598622 995236 924672 503197 916526 314322 651421 407887 406139 380435 270125 349168 776524
512239 753816 635690 311621 507161 881880 402279 212436 521025 871289 348031 661789 252561 509535 301083 441718 381244 433506 842522 704247
83446 681452 746247 5008 928113 325021 704031 483247 379691 261393 31695 643399 73870 999032 841605 586668 364032 702984 227996 466482
176289 512030 998691 986863 364173 827538 601250 945252 564547 643148 345658 257128 991255 976921 396539 529590 490289 553115 532920 329535
291751 635015 2539 609164 552832 15742 621047 930828 489172 194831 743025 93695 467597 742494 477796 420795 959087 313487 107753 85347
955345 961486 526522 188498 490880 665811 564327 751258 53419 489510 129203 252163 53502 824900 636208 942178 154630 320871 931353 783851
623321 40763 602327 845708 577394 365184 902857 746998 890233 27766 979898 116928 874408 154879 273766 680242 873739 303729 399893 933913
595132 493390 87450 33371 496085 104944 728042 999988 267187 436717 224606 987019 264494 902137 967105 846877 720790 664851 323743 954629
468184 141586 151332 8741 746733 188014 693587 740423 624830 970492 425274 652168 948695 521220 645035 549879 956820 742659 753358 86641
898048 394223 189007 423055 351044 342284 888897 140610 80744 87061 361546 840212 426066 349232 181748 499740 244073 152820 812368 866679
665202 868151 695809 685016 305740 412164 984487 950261 426381 702549 251915 583016 534355 672826 389798 102704 280198 122190 738137 591489
714596 256982 12006 878990 527983 609935 354825 69504 908657 854151 503266 344662 865244 889522 154891 48162 976369 655073 533360 555084
337905 516387 16537 142096 770540 960664 505072 150055 502382 964506 402236 612125 875198 578797 789668 630300 902233 114993 770031 437015
298800 694622 858626 913560 888273 522537 236062 409055 153467 187517 468952 155766 818865 180419 120880 632412 168091 161205 342666 839265
632711 260377 366903 117919 519660 179052 962260 38702 861569 773641 319593 626680 64150 205898 754417 195216 847731 888325 58718 551830
850149 239383 350698 263178 161459 235440 670850 353592 557897 471638 849264 605854 471287 662679 953248 884823 903229 755467 671813 116576
778094 255512 404908 6140 673803 935375 548044 557254 594296 565946 271792 840155 735612 546591 394503 28319 111850 669872 585426 779327
977317 316049 985024 406344 639073 349754 895503 847971 903121 257016 896416 159823 594105 273616 875652 198742 955940 472343 827695 775844
834093 905750 803637 720607 769269 626001 951791 311982 688401 619398 707765 412932 206838 417143 955450 217411 164572 247377 996713 824585
889505 148301 492102 572206 130278 478050 872630 925671 328223 625631 153572 81041 804086 556912 187997 762682 748503 274740 612942 152770
542908 941550 60054 5743 953961 668107 396931 530244 238667 573043 108624 206581 807103 893357 774229 848315 65209 489689 346701 284948
239152 185109 599259 33882 901904 586775 367405 840151 598543 48558 793800 913544 345038 934868 538636 815301 443719 720421 886777 887764
922953 458262 529033 933973 903100 453242 870912 505340 998405 809747 841087 482167 475901 325121 888131 422455 369931 527071 406800 610358
153969 991586 509885 143352 619928 491747 45336 808702 544092 811482 817800 382804 794993 337502 367098 453061 188401 421602 111991 919099
662107 105746 588151 355968 7641 981007 635967 332030 476997 299402 706015 839241 641033 839429 500864 18224 374531 98677 465478 115754
606752 511929 448487 531955 397105 211223 298159 207462 919108 112689 699411 429739 859848 804361 603357 17687 972030 831164 608141 787883
543908 650576 44713 334345 593243 822311 659596 75557 905748 840094 52488 214538 913224 1328 294144 432655 63972 666286 475244 312940
991886 547589 277173 557095 845596 17260 351187 357679 621122 719122 711604 511328 86354 582837 705669 809884 973175 714030 579614 562278
151818 942863 663231 353727 991980 364756 90330 426550 572917 993380 781466 150059 147268 965289 202114 411182 867097 244079 950932 83141
101475 94860 644868 758298 438578 209396 879435 751977 890862 623587 799613 571207 181197 466731 929607 631109 882963 700431 242024 432443
627049 839694 482309 288470 360398 190154 171193 95443 131628 610456 583950 409532 944739 717699 521093 994345 216955 261411 854897 392405
34419 494420 884994 410200 737336 45056 256053 305555 427677 932665 84248 940659 458136 822278 955425 581814 236694 425200 104774 630544
841832 418647 505490 512469 606046 232442 477841 689393 475080 857797 224876 66133 937745 140079 407290 440260 232968 514839 626092 923466
997952 776666 764104 20013 684314 193974 570791 575079 969805 846910 290694 262467 411624 946678 460783 345642 238655 581439 896554 775826
889643 540010 476325 276212 188359 304406 710633 131550 321991 594419 212956 171575 828300 529225 789474 334780 362092 700616 748062 225239
134835 189665 603383 722106 58109 591237 468193 227462 578406 354606 16252 141103 834674 161819 888590 433503 687581 174565 231384 31705
916681 634439 918222 26805 598706 653947 998779 284668 255868 181014 448762 688582 546880 752474 233114 871366 220327 862497 885315 393971
223700 631 776564 7246 741567 664068 674843 2908 9452 590336 252963 678650 234465 278583 938711 857248 574879 536137 177404 917336
681232 412224 56200 857077 298688 798331 514379 246734 832890 944977 273477 50668 724334 814103 957106 257436 749424 724509 174317 384338
957304 867574 251818 240776 184646 773270 661514 481557 193926 377517 931238 777548 236735 636765 517830 6122 296762 414085 772842 249414
101909 101529 824118 121551 331203 547269 261026 871423 128153 358884 644022 123674 227823 768992 575194 887034 341708 307410 287204 819585
682109 646269 821102 984500 728954 988658 91544 488167 645057 401677 341841 750854 421307 922917 553590 545599 549604 491242 136786 144671
67719 744436 156138 746760 252759 857137 974532 720583 951937 600556 930869 121847 290525 583567 619406 4741 320591 646237 946346 831731
851223 964008 570160 845278 531814 548545 234069 885335 830290 312950 2976 811498 542214 869142 426912 904431 133015 964285 302972 41027
96830 54526 757179 39153 976912 761344 405992 852079 481288 11622 80056 23294 327234 766077 649163 908966 356383 110922 561795 37464
107932 18479 462090 640347 636942 376746 902096 948536 157812 951322 905216 76700 908207 643123 974685 54254 933966 777771 459568 606246
814424 416360 797796 869565 629749 454446 981969 433131 392451 202398 272405 142 759784 887932 393285 769953 969171 577252 997108 355089
160625 701538 780040 689103 156441 939091 319221 927303 625445 647864 810276 987831 604126 141948 262691 818293 278637 73129 618291 736849
498970 72244 872024 247598 427746 368313 73865 359819 67418 680431 895182 222914 506729 52734 990483 459451 969348 422001 924204 426476
389754 635094 935265 704940 548762 597943 199373 509016 413151 442289 438404 752401 876011 132760 714238 695410 777042 232515 28925 849772
466941 426899 605977 698533 927770 723494 346347 473704 142302 836298 459630 594502 481959 855840 177100 560622 487338 505806 732299 334102
518876 210847 729912 788996 805307 314759 964311 916579 880404 55980 703380 29598 185261 74622 96689 500819 438300 670846 500510 67218
892086 734502 331185 239750 478632 107501 21127 760980 144914 573392 40397 390605 549085 767816 980884 746723 924920 287094 69036 967458
940803 754657 556885 13533 245857 239581 915249 886488 135871 926811 270287 625425 298657 644922 214148 300610 552994 70641 398396 351682
408010 33073 22293 952895 668998 599915 5190 780684 229201 613496 321898 567513 299968 32314 160311 277738 999712 945400 206018 900450
293593 486026 112425 768669 351001 899353 677286 70146 112360 88067 11207 553870 346236 343243 903944 602954 95943 325514 358843 674737
240571 539181 954963 945122 213469 576243 62283 805777 252273 878348 278895 245363 197837 803959 805291 109888 284662 303157 516800 976482
925231 553577 30466 769811 920901 440769 735781 461794 226062 747973 433082 669310 336216 671847 996741 626953 999930 941788 920006 190569
398225 264879 770700 895361 456703 399100 774068 612766 431173 788260 484132 397633 144977 809762 794851 831250 849235 761482 187551 696591
359438 140643 875988 413782 677515 559589 247484 252421 165153 38583 103280 255765 605347 890792 182332 172631 690345 722702 603429 199993
442306 77117 889897 706661 300626 137729 199762 310020 840439 11164 483137 899627 482346 454565 931036 629547 65516 982397 103308 408454
561117 30336 440365 274049 65392 8150 291332 522651 506004 607868 302579 448996 667244 262115 492176 465953 19763 15396 970723 258848
991572 317958 435412 591578 130326 580441 323053 949065 868045 232439 511654 383883 175340 595518 921611 330323 717064 387026 691032 376909
924625 208824 811684 743440 677258 744864 78217 998772 618074 109865 831827 467736 780818 811463 572496 172583 898331 630441 363562 526964
172727 296967 304268 649509 822791 720006 381540 93484 731030 166086 397927 462768 648222 999552 59483 579247 561116 453262 138008 508888
953800 961097 49955 355198 137716 509679 206004 385009 250954 482694 988899 809415 484749 924513 86773 476266 909779 921046 49604 420731
932433 594553 328595 618357 15824 922730 261213 584171 945147 139162 80575 482166 479236 589398 737785 119643 347082 412250 784328 889911
463236 256575 560600 293595 758225 566773 857998 742500 882836 44564 795484 676558 808570 890731 259179 68091 147256 212986 844235 227185
562227 149138 743554 221043 836650 58573 870736 100357 769290 475602 264361 343855 683345 421934 421241 707128 779567 26877 575061 372964
340672 192083 887971 406393 271584 592241 835023 783307 487122 2365 999537 395584 274158 288549 797739 706612 973929 210870 796567 794440
996053 911348 243120 861676 931776 683854 298616 965908 581550 883195 795673 392671 589380 251523 443949 972416 351740 407983 277075 69156
649862 880963 464223 243335 23450 998952 123828 306018 374711 457112 440378 639990 912631 674271 156994 330927 854519 621200 530725 434013
610395 865415 372432 344144 943751 252713 599784 496732 873302 814866 923820 276422 247790 498956 194751 882510 62134 798025 115761 526232
995064 523715 220041 244275 593629 214966 428616 514402 956181 948436 639930 282715 442909 371458 303032 441840 743902 758373 272881 656605
742668 891511 414637 481991 48348 605180 306819 645965 819213 239205 906979 980474 155983 45694 139619 967914 571081 395860 205659 644415
85578 124598 652848 212546 442500 955107 459101 886229 401958 412415 760338 114041 503683 919188 456080 564082 644680 523110 98008 136677
438272 953728 683259 904878 190817 755688 128751 46473 912676 877649 558001 481839 666467 590160 712557 43255 125827 885276 248136 470311
58260 328148 593783 855932 373466 328248 714601 730728 915533 211256 807871 600258 174700 163381 784405 442451 478575 768133 912175 177148
634794 140786 853863 369133 979781 555214 402293 107582 60137 435308 557024 271233 811823 234850 994494 261648 437036 976618 903661 618995
833358 646763 793196 555539 671761 954730 773259 333698 768214 142180 762991 604419 522368 762285 181231 838594 850278 949373 820799 825016
153804 727797 59572 715643 158990 920342 213191 350778 341618 18614 506034 622861 417883 664896 971091 894705 807157 803038 261085 831879
490404 482075 465485 594596 721906 679948 348119 550100 471358 176727 981913 794265 716538 85956 81313 464191 715713 811220 677190 567839
357981 632634 208542 436734 73310 902983 568602 4807 163096 251683 147150 904349 593251 455965 702288 438458 401349 156345 125032 228705
203774 611750 891622 128158 66304 615009 160672 612708 888185 836173 552846 720645 681074 539316 610955 583670 589159 84234 938896 207032
169876 566930 436186 981072 78105 641773 11693 89512 748006 47520 195202 612077 45993 115609 801898 583723 931494 393186 229324 977580
107241 175561 615503 954362 833206 184057 554987 395490 822516 147104 399871 941995 387280 614795 915299 321622 272410 386527 610004 397292
23178 696019 58112 521041 608956 699721 174486 106784 657140 415654 658309 899245 826026 962924 977165 237872 45323 252515 787115 508799
532046 871447 380641 789794 762380 333258 683735 172398 558295 938506 776950 745278 550509 969429 674969 952206 431486 821330 625080 347829
171460 620579 860272 422746 156469 813126 756880 58378 517416 795556 178312 912257 581421 102465 846725 103286 622705 726961 460870 823328
758546 272396 638077 855025 746678 746160 889257 270551 771699 490739 999481 867887 925304 169067 946162 630849 572969 981006 182731 53242
998457 84478 946211 443016 686122 453329 242267 811161 319415 469086 893673 730927 216428 617130 979064 355673 647641 461801 435647 494755
381417 796058 79495 224411 893551 69818 691791 628869 804834 129082 887837 800354 706616 848928 312632 226958 739956 73199 256141 323819
182651 756402 973206 902394 740602 472683 246147 588497 271870 539448 856366 315653 437991 312085 159224 356678 922195 324062 275527 710343
725994 608463 940403 766863 40370 497096 21639 419964 672008 615308 91998 412970 483373 717160 472927 678888 610096 216479 821716 212075
426504 274991 931536 385234 880617 662095 296578 11528 919804 916052 672418 163888 499342 729016 170289 202515 861543 514212 339359 966350
333120 56906 166026 528775 278293 927834 444962 685979 123708 893729 737067 807912 769496 366279 5826 469392 805548 447133 716328 309289
721386 514838 266072 410446 844053 944154 996284 145164 377687 198495 574048 134776 189678 458269 72373 166733 129412 537414 597244 933245
453436 752277 678947 765481 488084 316447 334793 869273 110417 301504 635033 52418 61259 797617 436832 549817 848554 314319 476352 467077
550883 666327 547585 119275 322196 180148 79174 183931 898413 185359 382036 338736 921010 190330 639627 973150 941640 736830 296009 287605
514666 388006 485755 262414 680741 952507 18316 687110 844562 313689 374312 679226 475898 978528 105048 51225 278749 346860 847183 62302
33540 69449 972712 126720 123220 652021 144953 189847 171095 536901 314794 712084 912625 730107 74854 870123 564172 208061 909734 183776
225868 661303 581654 892552 799889 35159 917046 141303 783650 106815 220038 301350 649440 107644 516776 404503 627605 345085 470761 501383
500903 134440 887231 202061 436524 466650 460849 306138 403129 479332 673559 309452 98822 766439 679949 209613 854404 586400 277327 254113
497196 746346 639109 66069 701751 370605 817734 314851 971945 772877 916836 675484 744161 629105 989614 721125 152475 614705 19154 907830
454655 254997 470414 248094 292483 31845 917273 272831 87465 908573 879312 920031 745654 290034 134821 156241 236016 488515 384446 822910
546367 766087 611059 576928 188442 251607 829094 817113 191455 520301 620752 187845 808167 46870 703287 372471 366554 831137 905179 939026
807487 946595 867841 139599 83917 324385 810051 363601 40274 36970 954646 615404 437562 599595 622799 657611 515544 51484 999656 185847
521173 290732 973401 254238 98654 125227 890459 546299 443073 174949 895851 598750 801413 350557 771318 64394 122768 521454 985419 600589
408208 399745 638401 915370 88889 229920 363144 887765 198764 311191 826300 691078 611298 551231 754872 422053 15127 745487 550897 908936
481257 741698 453878 730130 838448 552748 857325 330516 225321 134940 160818 390024 96300 162334 687878 793537 184154 319963 471549 836650
30075 993720 568833 421293 142697 513378 389792 867696 639149 498553 716775 93284 750585 738037 267495 41241 115235 538122 938827 942940
771428 212685 517753 119559 898931 119032 763293 664177 920864 668105 942661 800777 110783 880527 191997 107777 939148 385586 477843 478467
520494 738773 269568 172776 571370 251950 279969 384017 173393 486312 557646 323900 911150 919893 914139 449922 385408 430484 189506 90440
86180 894013 887945 846105 557271 258431 270715 183315 563610 875832 635863 246755 241547 854380 412660 46465 551689 803032 854483 79586
405093 69707 842489 325949 832140 803286 599653 429870 628993 413283 147508 525837 286316 104949 77669 370405 733542 687238 89573 629837
622052 572043 898118 236261 820959 966565 557705 120618 643366 858480 345946 73840 531763 897472 891545 436353 97811 376601 227964 981330
404235 530145 851145 820235 22818 110688 671412 325035 6392 41833 765719 623921 585390 310965 631417 352857 392221 415169 638568 804591
434388 204562 146913 983852 891329 869760 791753 611101 105754 549446 308208 518854 630857 321953 470951 755527 298449 285747 351221 284865
419044 526880 134740 214062 650050 208966 143075 639462 806995 739587 334914 939255 339547 799052 197057 900311 779622 536193 590257 378665
128234 748299 361930 713250 646363 794063 124679 653616 136957 17471 942358 62886 159058 782132 226532 863212 645095 676608 396158 43055
857343 913530 347982 133434 123840 817954 424078 140138 411068 144267 171095 304094 852007 498127 568111 364736 760464 934058 899011 608761
98534 295873 944335 571043 742253 816143 25175 752065 927104 782139 179429 492768 928109 994179 517341 469458 641772 92796 46068 204650
95171 100558 156246 884619 889196 97548 437848 859474 479277 880625 800469 753451 902051 433376 381852 722954 230294 773192 59568 70277
732 396580 711672 279689 383557 529601 776792 419661 499658 843221 735800 319942 595718 188368 70923 354523 379445 180478 629001 453522
16645 319672 546811 765337 364822 341620 880365 418081 907328 404815 634700 391781 684785 409431 240769 29185 406732 824740 119390 521796
985351 616966 199373 82356 38377 648239 532506 206188 553158 791226 349834 814070 365935 24217 641544 708513 323652 906788 401423 688684
473641 170869 867909 602943 784594 146918 557532 670796 217968 850770 981766 545048 403243 561553 521271 167161 283992 304192 113172 192897
270632 645816 554499 254325 695457 301840 880877 871714 547164 872647 583580 565799 456035 58253 874304 253541 424587 695578 992174 211714
252330 96748 64349 418823 95369 401598 372498 537021 821967 708574 80687 745279 163742 95491 295136 373496 202958 407601 548727 476864
69126 903045 400255 30119 472989 427997 262073 7519 285198 127083 712256 798878 879258 932355 394391 102681 874982 122469 362871 866
952601 857238 52758 88111 139936 243 318250 261508 608702 625025 77511 980650 748228 544623 511215 146621 711507 895208 407258 517923
974720 423411 622382 224326 182544 665849 796715 664600 186004 221594 152139 374863 316390 107923 921388 404500 399630 185306 848435 849255
573376 444473 324762 293107 796038 316662 868115 583055 764815 439924 453759 880229 209495 839 31762 704823 318664 103645 225505 71848
764473 536871 83814 142182 975324 159065 112490 500730 913363 430605 159815 616529 948077 122009 597397 359133 393402 904279 430754 922419
595784 439362 93378 367778 629712 171444 548657 145247 215359 495388 700021 914658 353298 498675 195190 416245 861502 152903 156420 290873
920616 991225 958359 557982 245309 465972 375072 864083 780442 817728 938968 439418 343683 539364 664698 887766 894285 628546 998350 33518
158457 497343 837668 339785 975893 917950 306237 730579 74816 227986 774433 279994 790974 171149 852646 44710 808215 271225 803836 814423
835167 725412 180955 575899 281244 804944 920166 43442 588264 441816 794401 622463 979096 434443 591723 955622 167738 263407 572386 649621
57981 64262 653936 415628 277152 538747 599011 856982 903533 89154 871846 847502 906084 375624 445438 849452 483574 130966 732315 876639
887348 19289 703390 149724 786782 942696 103043 587985 60908 57065 455212 217168 748893 250944 233495 189686 940898 429678 303844 355468
819972 92284 388162 663294 501480 962143 107846 94248 135369 881067 214364 305356 172342 796435 438792 968694 784404 295318 693094 960982
940349 539588 816740 320089 938478 86292 650544 992988 668965 340736 940964 168393 672041 626462 770839 24668 808816 799474 406075 438854
690545 127413 308430 117947 894787 716631 566773 555735 354295 338685 458469 691178 713842 526766 996522 224384 369482 382866 471755 621145
77598 561072 911405 160003 278105 89494 794019 460668 779281 892817 250467 79037 637208 199879 863851 520418 488620 337002 267611 903903
249180 322573 86757 979447 56123 515908 937328 452691 122960 693453 319414 434098 139902 995577 32872 689516 76277 304445 79230 161291
805508 41015 659885 373526 416443 579941 198109 695885 534365 138430 199933 309842 911331 788694 253826 606895 817211 148600 782529 434218
53239 395404 873759 323658 368703 625944 553579 764600 733022 745111 319865 983107 41386 881152 601075 649738 148838 747550 686181 559313
521886 860454 248838 225286 999933 422042 896384 591689 99834 94043 383468 402180 351535 932505 545241 79387 236557 381901 759081 31769
422470 154391 320419 245601 500844 900862 764017 342996 765487 800242 264620 14800 735407 500696 362760 529148 730910 909322 742100 407713
520994 860094 182015 75093 422184 977719 492309 858905 548817 412119 663419 487156 83458 783765 934907 601426 805023 638749 62291 411467
469806 118527 366843 432253 188397 638027 167885 629830 763775 480156 531038 184268 628124 679346 551302 416548 157174 753200 643450 34543
910128 507432 414469 871769 493722 739340 276223 665796 120569 923248 673640 439703 122655 563226 73003 224674 522091 232083 337679 24785
823463 75627 643335 490960 954811 195198 311314 971201 801663 345200 998725 132150 179972 812209 937060 691200 9349 232452 431627 151999
313030 530114 542623 875373 269667 367145 970508 125417 921057 732148 463330 625583 981868 170362 100111 219632 600277 803828 908291 36055
129629 935918 436241 18634 836738 125509 218363 775779 420699 528316 477596 406206 514014 466690 195836 176663 687332 170478 566547 310656
18383 21109 531782 761973 150626 931582 621691 907750 831146 944470 13982 663567 834185 110565 238727 934482 305812 656928 33092 613960
458647 429826 835066 764540 572589 579093 187452 971510 269649 53237 590875 688624 637195 208799 301645 18082 171905 29434 474588 9371
887074 896383 497449 585473 177737 648589 147598 466090 943078 897879 105495 693761 398639 334414 482140 296816 679535 396064 612863 13830
317982 223705 75335 935480 881277 311722 314627 762289 14029 200485 525417 288761 309169 895482 952531 942654 962688 668345 337887 476567
4284 772053 384525 50253 940618 190742 978691 374292 472913 776909 212494 871874 938802 721827 296330 957132 596757 173259 860551 385819
569965 258543 759752 301858 829416 419537 185083 83892 499141 720181 546204 850248 585979 629155 526145 661388 957468 195569 826363 242628
113911 352303 996257 646531 225367 214084 31016 2696 295596 580167 320513 68618 357240 942366 817878 612388 587294 931398 306635 738041
659369 533546 876123 632833 578171 269932 755088 272330 946509 750330 534728 153637 532495 968585 514001 29772 279163 60364 582290 546497
68072 552335 284541 722871 374181 83109 935265 609271 299324 58967 70303 831246 457345 61077 730685 564765 133921 22350 340657 381692
833089 733525 577368 502347 987447 953734 300486 96573 990087 81062 336966 767312 325894 334244 649331 544228 71758 799099 151188 22335
616541 546698 556528 137022 965281 429700 33163 101539 77557 377654 127689 280984 745688 296573 414947 872187 295994 257278 936407 828563
308001 202590 354425 858367 787654 201246 655152 328690 468378 124961 736723 520179 44104 477845 789623 727807 665912 303903 5233 296898
569284 139543 364916 255247 557766 455003 346887 145602 14913 211038 948154 365160 652505 928422 692635 407519 594922 760539 522512 43459
541825 819366 950518 194822 819714 763180 419576 738088 930320 594285 375975 472123 435318 974823 687881 687103 622332 744870 996476 775224
934521 333170 474785 241954 622271 610178 426241 334328 12928 64407 899268 877248 676239 47967 294738 81605 31392 648232 644123 790715
995355 612408 969463 298332 732544 34756 104212 731563 992317 430551 822662 111860 374747 670278 572924 280452 769645 126377 831950 78958
667607 257735 498216 367867 148795 181744 515819 984612 330915 852980 851990 363797 945921 801693 380968 871035 97255 925130 279941 195502
964432 891875 704851 466616 727544 685987 989436 451797 767594 119809 530550 300762 243371 825815 428989 1302 548281 281847 167065 766251
951319 155595 789809 519489 960589 938189 388852 780938 995805 748666 608992 639444 345398 633778 764098 784809 551439 940695 154263 410447
313182 9020 383091 850155 384039 689972 769886 396910 514114 195904 149083 974657 629300 237249 826062 669266 251354 544925 908813 822300
992837 454741 445227 987339 917770 78577 872368 579636 848503 692675 271720 8767 807024 923931 488237 685792 806017 584602 531190 471989
901729 676951 183145 198509 405083 621919 156964 691977 879766 132465 565837 12479 527588 19866 734936 732502 844615 966524 95353 143779
687578 260699 812974 46775 555361 385840 5140 869666 348813 28620 807562 998405 360648 702884 746992 365180 259080 320702 740588 41082
720073 586578 900401 438446 731916 468705 488348 950483 966899 37459 709745 399766 573103 839311 934904 338672 355771 12070 488793 831351
878797 511757 556168 29415 408263 257433 222146 670797 784718 202586 540896 655023 174134 465899 782379 30120 907969 892143 640323 687623
970255 141875 852494 888935 148369 696666 336412 143493 749382 434801 81477 946266 856845 887184 395196 897200 64488 822598 4808 250304
280063 626354 150359 876828 832125 901932 546795 210028 403094 461064 843399 860639 726564 901503 381893 162483 824791 462512 328520 266533
951416 303631 644295 210255 228129 500010 254308 7416 751640 479684 811217 984842 765696 551497 587208 666712 533527 530112 738312 8411
651627 921460 616442 654187 681281 791701 763826 889466 829107 196342 625122 809725 159157 85155 153330 503463 220666 296600 543516 96817
461711 924307 194384 924672 614613 821864 710460 969827 225623 690102 6089 360605 656955 760357 632391 654282 897681 232887 190357 896157
536342 753042 661173 396810 756131 592119 772131 450372 169326 289112 40415 578233 197523 872408 237023 899751 27816 628668 890942 429886
259064 560364 716894 669142 779915 915689 678373 640078 484074 980582 168858 963143 199348 700420 910175 130390 96685 404450 610318 468123
6987 7945 436760 91433 998518 538071 892538 988307 510365 481289 884723 366813 488396 539541 607840 219649 205730 245201 250968 811069
941854 614926 165560 713310 44754 530244 715853 734689 320532 212350 386047 63114 173753 327378 571746 595940 65261 971500 184450 961952
233595 957484 942386 16202 136856 941376 927355 578555 352763 351870 228573 805682 66944 379389 176835 793142 200613 143029 404979 508161
881282 81713 421161 955473 719196 94799 8382 762091 50908 183201 133716 980835 534002 946252 80153 902328 897375 226349 469607 949678
792995 785569 444859 773453 258197 650686 824789 596472 742523 278251 338318 7407 656654 259117 274106 875339 974026 18695 448841 397404
817694 916088 21062 382739 463724 199170 372076 404712 714938 600554 725007 414254 986739 123266 641559 414520 724279 664654 527518 678894
371801 506878 102468 894805 707530 22794 462134 448178 670189 424360 904286 127104 255798 272516 409127 740217 24645 845401 347706 216158
246750 431013 597006 402708 326800 111861 54577 924431 683085 292396 589298 122043 591369 600853 339859 831212 126633 134790 557916 183423
299964 515382 663889 434614 665814 202257 395783 904890 859630 672618 770966 185353 705939 403829 844838 880538 129160 569593 562151 722082
544857 90525 315980 262372 325687 556045 149708 101465 269790 275862 59013 883428 605050 516507 770859 425489 415861 670270 200146 468783
834216 943066 168549 749157 417 668198 642618 392918 624857 457646 174647 312456 178973 496395 863965 928517 981204 503656 231341 478102
407901 703912 133299 792857 726122 894407 920570 127494 943440 108832 421125 244322 386026 984616 4868 386747 311085 715814 965331 42086
995332 921383 874673 346641 813838 403218 948114 332667 281003 561062 83045 57896 263362 851936 490118 113659 385193 991569 313162 340795
80328 380885 895607 799049 585041 34385 515715 240842 841761 493765 264577 709765 988614 467154 595731 54506 776550 11989 485953 214510
548136 687168 406896 957832 355798 533453 712894 419641 691353 181129 558943 408523 146962 816215 562800 617005 568056 132576 316943 513199
295500 962808 849875 365229 725479 833247 715532 610667 108818 305066 609299 166158 275112 583015 506584 585590 170594 119840 474997 422006
181015 64988 187465 561117 449818 983728 495341 795073 731732 900577 384186 491827 898157 389857 961488 214819 722629 785946 958253 433629
963567 507503 898715 38338 450545 196121 91042 280221 745503 509335 342629 460753 857515 712281 522690 951673 782074 151566 475573 43817
981807 194637 567450 758395 366206 640668 800237 849170 602329 728820 816125 583899 121239 593666 196762 455578 486925 529566 858688 778366
404303 29623 635068 208672 338920 896722 24822 952676 81677 695797 145050 92080 146694 116045 394984 265014 591947 485453 31915 545417
995109 58402 239404 893772 924110 520378 581434 701749 64310 161853 384043 293789 493431 340622 27669 65397 932886 800343 699226 383169
61481 591514 929493 386473 476486 699192 234424 240287 234003 103037 884211 924561 538190 543137 983196 627389 749488 302600 821874 51127
296629 746478 415859 468358 984872 252789 2455 237777 603494 108914 832034 199068 746751 313443 43407 90853 917752 836335 901483 985440
710903 594255 532392 281842 128220 449473 306434 568806 150564 107441 574811 753150 643375 687868 594382 545119 453905 991902 966580 290566
228337 966925 874229 916865 855269 418194 784114 354927 464415 851075 216968 854673 764568 32646 910303 556027 373184 141952 894678 726149
696995 212823 463627 316730 550978 456545 510062 894970 819332 978998 932105 45217 996199 594077 413708 813407 22684 520621 465709 255455
409520 91037 324244 743376 972452 607197 252200 310114 535732 513949 473538 534213 634398 175659 903753 350315 884091 452047 793569 499722
135005 331000 263300 214393 677257 686429 800731 672885 875806 403510 872745 473862 443935 805471 577111 201639 557672 66537 107184 425994
450867 276964 455810 499095 17058 428589 651512 532306 257295 731489 995124 295092 129861 751591 924133 555710 772916 446988 42635 654969
62672 116698 585582 630618 893683 168806 6551 613906 714780 375144 109797 145043 156688 863886 812731 987238 140932 870900 148016 2966
771483 740610 877686 660360 888638 257863 913922 914983 964077 470124 562118 482061 581589 573554 593684 887797 120976 416004 395115 6483
48153 84300 929529 534403 67161 884392 262350 305840 210258 363108 845769 44939 188479 632133 386835 182477 669893 520482 609559 864854
520895 575914 94012 586853 558747 185378 10771 312709 167933 104102 858426 976318 701680 901093 309809 446612 80535 490135 974861 416089
302418 984431 1415 983593 831096 764345 125231 575934 617289 667989 415771 419330 506448 788769 559705 734219 817748 948805 77463 671784
552112 119793 307288 170644 462852 336124 287626 801818 573913 931957 101945 714936 27547 601630 584640 828730 2638 853853 43720 715528
176792 582476 872836 994608 679181 224641 627065 170870 725561 769570 849783 666509 446595 211841 259019 313347 746908 945748 712990 590058
176105 574715 362207 24530 488985 482768 35413 341103 935798 415682 439296 789929 530077 254010 6443 543557 744823 785188 402046 536629
14847 258788 625961 690836 788875 28685 738570 808631 555119 49499 663548 747688 753514 410465 309971 622749 302218 564868 563979 766903
26062 521087 336440 55482 872424 103179 840433 606371 941930 68303 58206 443257 133128 19417 464533 168794 361197 56671 3314 846572
872491 911639 917145 992036 780253 687544 242086 928793 206663 261985 538207 303794 490437 464704 986081 184475 116338 543408 361328 51789
554806 22286 925117 978842 533981 516859 943264 254253 832612 576564 38185 393478 598528 5420 972113 594518 871719 505921 22299 495952
237992 352721 597415 809061 948984 989483 953559 533017 669439 509836 661861 985288 573184 228914 764525 373259 226845 348066 167406 501927
12064 996331 438852 995247 794365 855474 408036 729059 140548 914192 481329 989206 843675 819350 529808 408341 870510 239136 560158 933372
328300 389095 707336 412252 899271 137882 108281 708788 157990 23439 70909 844402 448105 46796 9599 187646 17039 799822 865331 943453
585075 64672 757715 551536 138731 169371 879405 685557 295470 978924 874774 157520 591184 575236 283241 401587 551770 533248 408031 128355
612700 454329 528069 36959 309785 342582 102968 332812 709268 355412 650716 54241 257959 69483 685901 548629 323983 966096 436113 669916
856271 352776 658575 745113 517742 782059 751576 607558 631538 864854 542276 891722 403588 588604 358855 402471 998166 119917 913137 698075
523692 677554 470640 42811 302015 810858 545327 462764 440145 238937 118434 608376 521456 704626 472117 283785 602256 42007 639398 716407
301748 359865 879817 80806 840163 331149 401423 108490 947193 512984 363967 510669 337060 478438 596305 872699 774955 756888 285548 521425
677348 192733 566813 611651 658410 360326 949450 90073 678128 286860 595166 235165 616379 684483 551577 462419 484064 179905 223030 455062
347029 301687 928828 796342 844126 51480 590190 666033 280296 82654 972645 436365 399988 322739 769714 172077 967462 213204 623777 821622
831376 208985 17442 205909 621749 756963 636911 173979 664654 274990 724856 287995 714846 15387 955956 493866 711432 658276 40511 974860
440226 499783 350243 241824 287028 954458 330902 403632 824438 600449 662610 633618 390740 576181 698644 776443 329371 476337 581520 810115
152744 930173 145146 931612 61986 636180 396474 808816 926054 280626 215761 818294 788798 460392 674973 839618 983466 16324 933259 162929
723831 298429 886209 859776 891628 399874 984458 10250 991520 745919 160718 680856 622958 605317 178321 819792 878171 158109 996042 711194
182491 387440 2316 265849 557417 872005 764945 423342 217548 966314 592864 884697 258413 505026 561416 755874 395878 224576 27913 631798
366928 311393 347380 476084 496757 431408 614995 498878 284031 996154 498220 744835 265538 869252 863460 926699 660281 452575 261935 198014
89974 897042 924151 183320 856740 604881 16055 87328 298908 301283 340726 718349 908568 783068 229143 563001 852968 539169 762298 53458
365584 396961 76258 241054 422293 168205 573329 121435 984856 872507 167716 900204 254044 676019 516132 512002 509154 201831 863624 70392
345364 669014 235030 93201 42683 849461 445526 625869 732066 800150 967673 469784 949564 505572 384140 585182 985870 39257 549929 846896
441822 933979 939421 233394 400757 131587 641143 214484 218112 617549 329259 997107 919266 276422 9177 89383 539043 172269 972867 682698
789572 647344 381410 117673 320465 747836 463676 205851 981453 108565 652996 404434 985816 922496 235954 994465 49169 656408 36550 696130
509641 398452 873826 758882 584290 70927 371280 156398 309487 693874 790003 886412 107404 995077 243658 611650 326977 818030 145877 420617
597778 462154 94335 479856 587397 830068 183623 114628 671083 810691 161148 716051 904454 532325 175007 716839 898284 43910 923097 68300
350126 234185 46460 406452 804557 379774 505067 998083 936870 212193 547439 366724 906374 531969 353193 770339 905424 900253 85087 934952
875916 647763 524621 640676 534754 707694 43358 32154 444265 99989 743236 951772 417553 558047 451212 278364 779846 437571 522374 762104
830289 768068 344383 628707 572727 704307 231191 597563 720602 516683 466095 440653 343776 713072 667170 782527 968228 616054 607996 682536
636255 893634 202874 998932 817328 129158 183196 349708 822714 439750 905880 927560 832159 648583 775790 405878 670004 464756 693376 826463
694587 489682 654004 298438 222770 766782 835017 477467 475897 298014 424109 421876 957199 421957 7585 109717 138479 218558 535934 292416
676809 538515 408937 320170 540827 127215 456086 252902 433055 565407 303779 352452 68338 924654 925749 709667 435007 339495 203621 186379
999827 341074 720243 684405 363084 520812 141073 935868 679771 26551 472614 635351 372744 651727 877092 751505 312967 21250 493632 535695
958597 292872 576378 790753 236464 440949 503911 927013 204045 825615 452188 896692 628705 443726 953466 766571 134573 859379 969864 1649
405003 813420 232545 35988 642967 423551 365268 369749 483952 131812 218146 379886 316666 802525 64984 461278 755048 942445 607133 470470
480181 920897 417492 775912 711758 648868 318323 712996 254248 3796 981614 359709 98514 575726 340872 942507 507359 354432 176754 916042
929090 435846 123259 930196 142055 821301 227636 299649 65715 619175 892723 975385 610054 832147 292012 706717 930327 915217 161024 451091
338961 163698 106540 259547 589792 326086 41894 23392 341485 99027 616776 274467 89182 46248 76937 841118 98407 592553 916506 591045
23817 223292 212064 105124 29536 763415 336894 138840 893205 643165 500363 409036 675210 470390 256067 457693 701445 655254 415224 614431
899805 881819 328751 375313 580847 218219 44726 991309 198725 513608 717562 635954 739434 867905 809425 311884 553287 640615 668929 808886
393968 870774 492484 646664 219799 484175 145368 81593 436706 202267 123376 784836 170904 731654 162376 894907 880483 406526 675551 933229
156122 540639 353169 443737 44858 727528 543334 962303 369564 473448 645234 196307 595607 872262 941826 86090 684897 954205 227972 993327
404557 493986 321104 366086 497858 861712 548863 732593 560185 543764 806620 258437 409966 489791 438136 949319 332246 643228 487202 720945
382210 674978 373631 37396 883059 763113 807719 729653 45492 816123 403770 749728 859354 547033 143358 121850 588994 597875 883352 814637
479169 235419 639051 90138 882275 793105 361670 413991 127581 407832 806124 968127 328406 427210 248281 415249 471632 375195 865004 674621
117142 440598 250168 241520 132229 185933 809475 84704 74328 590627 32352 527228 601389 469669 240073 273423 777624 794529 569365 327378
528919 376596 175725 289260 483316 701805 252634 755096 413002 803409 248664 425882 994543 129108 491857 856697 195388 251899 670209 883416
738777 860361 875951 10293 562961 416634 513512 917287 841121 420705 284039 573617 452075 434243 99877 553523 896273 328134 103798 853833
490351 29471 216875 306889 868014 524626 709298 909527 593520 157405 164104 879875 295304 646396 791266 125236 942577 418107 790784 468987
28230 82284 404970 166829 881350 841406 889387 95460 892146 121110 415997 700221 292725 876223 350174 65171 390956 95069 470953 987140
530732 758444 460821 820905 431513 336052 178988 230343 759395 285371 751844 581658 230624 724341 388901 394283 405936 752899 965059 891373
204292 91840 411343 639623 147319 155594 230774 35129 889069 874059 193597 647309 438841 19922 461754 38647 103299 624149 157039 304403
849639 720576 247116 592730 866062 289104 690255 955629 548235 884577 868365 189542 595443 851739 177312 67375 545992 999692 473485 29475
74041 247380 946908 433953 734795 319535 855717 44493 416698 660786 790945 176614 53471 61931 805172 613026 879446 59007 114425 920150
815185 761962 581877 622663 855802 442598 984484 592749 253848 19922 332774 851861 644811 794593 122770 158630 930263 38304 423237 566364
287238 799941 867714 655601 7643 908182 248711 951485 117875 769561 272845 794374 914899 764938 922974 119027 389693 939290 361319 3803
654297 805666 619983 409396 673339 674782 569635 431656 527268 712727 713376 328228 401676 748999 5281 864278 348358 369331 913948 363078
484884 100475 965154 684327 288382 317865 612990 858483 234821 695546 657485 643686 181144 265707 10595 993217 514865 284801 653093 447066
105996 226673 339619 278055 147313 386507 551037 848906 6037 740809 406364 645213 597628 142543 90840 836205 376295 172243 84421 858215
875894 783639 45621 34231 632022 980033 352516 828198 911777 465623 755463 45825 918688 622869 338325 383281 773751 351999 456603 828271
801638 432746 320184 485495 826890 521134 661919 952854 360860 17350 881106 255463 7180 679556 687681 354472 596349 878704 766224 291475
703504 579182 167092 51609 63183 777005 55483 634651 366285 768411 654606 690824 121027 678251 571187 749074 905185 774612 120743 856855
811478 66163 29722 241455 87185 466497 583841 143047 270033 324789 126740 345792 642668 711166 290380 934679 350945 588812 460959 523021
2638 220228 787668 88467 751070 615244 45444 568904 443287 923593 759926 87359 217087 99497 986628 346397 977109 916535 582943 155208
718636 413917 896518 742567 873368 794409 276018 4342 180581 272350 801564 609817 516452 202971 720393 128486 393052 908697 972590 622419
82129 957321 990863 922776 392259 811755 11486 862984 70365 117463 900727 176778 820793 544036 319833 260121 822927 137484 688236 628660
426482 91229 346475 472030 245477 381711 534026 795344 236192 933627 130603 493247 66211 75951 910635 327792 413932 116469 443821 973310
214881 388138 497823 476371 802148 956557 523216 303937 901520 724494 404582 276317 754150 9213 921917 191541 105756 524045 594508 206233
826358 718234 82098 666227 407228 623493 910596 215914 893204 880351 899523 2532 322096 588299 305171 274676 279340 705236 231258 426032
413954 887694 927080 352599 249993 140143 680503 788250 776631 487099 337435 256255 597470 204132 688065 693803 11812 565560 138945 279594
899091 998305 63417 272423 57720 546851 198022 215273 348680 567349 717704 700775 953297 505550 875035 747555 522574 126437 542019 760366
208824 781840 914357 937076 407695 709102 316595 165314 118861 850049 533471 43945 543426 883329 335161 553990 986643 586438 133010 302352
232057 796653 708728 437871 322181 522295 312265 847800 286886 866105 879746 403881 949022 119034 725912 581543 555674 27991 91042 259097
495460 949893 93300 322136 658259 208647 202767 496879 752012 668772 816287 537261 999715 81445 18918 891640 784390 367115 531079 162438
466339 504372 697446 462082 233415 949757 826087 801303 592465 916542 306041 572099 409516 396111 326532 843332 738666 936951 707276 297407
17975 311701 815373 588130 358405 901040 556694 628083 185215 655408 268933 556650 807859 340245 668888 415870 585798 420167 326492 979979
541744 916300 905992 35069 586591 34783 860846 477605 871881 840939 88414 511115 766098 226343 803474 426586 311292 842994 308293 353800
869416 1457 316262 838592 410784 351011 790499 33091 148555 918020 657828 561308 967534 750867 477041 330887 776428 832307 668621 808758
784659 622169 144635 537439 332083 586306 663768 979558 564680 474489 296887 306490 792196 643025 710158 475038 318164 700203 377949 354357
308050 952589 311783 976557 547279 804789 124017 810606 260690 822246 666603 714743 541000 668581 90050 525649 164558 491943 355342 333288
215796 960256 484412 56202 506560 144405 277353 769605 658906 479320 6153 153335 969923 432868 994248 509812 707648 3221 975719 597683
553005 86809 715124 199927 931329 443292 778370 622889 353570 110813 974618 888185 620164 315030 821534 695898 539105 278387 866808 167043
932739 385980 390972 605573 78720 889738 89223 270824 283356 485212 903977 661141 594089 204207 92663 247754 652518 105408 605908 627701
826272 428134 709844 344045 726296 381070 743799 773852 229118 991621 562207 92274 771763 95228 869121 154834 623812 470389 5133 855397
271297 888146 948374 637633 689400 820237 457884 455676 356812 291799 344688 428814 146238 324092 818677 169925 840693 839852 867140 770193
623261 622161 355909 511596 367621 796817 78204 316701 772895 679316 30811 736641 144422 815877 305362 351210 751708 560781 233482 207064
417741 835305 453488 29261 605881 391201 282455 680744 586451 210856 579556 676851 903293 625197 295601 502231 613527 698007 360235 932367
186698 399342 549730 907272 570565 473666 297941 662853 85343 324014 787134 150652 486884 319545 881307 588645 758392 264075 262536 985480
304651 826775 870769 908956 563692 798405 315707 196337 876986 647471 856690 966861 600265 41243 892238 937000 396159 984184 217573 101636
949747 926674 541193 794389 221968 526912 546378 682069 725363 217753 982727 757722 299359 874628 563893 295141 759255 381809 684721 240555
713050 795431 503987 38256 688376 58246 731794 548499 570096 732983 10769 384620 563758 103002 695300 563765 753701 543868 747686 894381
670421 579296 596852 196143 547657 135502 411070 148647 66872 358372 710006 502399 278588 672303 857370 82054 173470 155401 667834 810633
973517 818465 753987 906788 111024 45076 64284 570747 922027 636198 126318 498391 255208 322989 177417 783978 44806 834495 965037 700512
491800 613321 652442 291339 572645 802572 284742 263890 314852 641215 405974 845193 646168 63056 91808 826551 36521 26719 400448 241245
911347 601259 160103 308425 596762 164965 184612 470056 941685 68156 207577 909665 751848 467880 322359 871993 788809 544853 113481 572801
996787 900874 473468 265645 818449 533158 469526 433536 273933 536418 681566 221343 598422 517684 733021 688200 120333 72992 354324 403087
213860 81753 365833 263705 820917 762501 777879 184609 229261 108338 570542 566221 577981 851866 713313 453292 34341 561121 999224 956065
734026 808513 787364 225495 56574 742947 459885 181258 695450 907977 683301 948137 261540 6041 205556 256256 756893 772485 499053 538348
45116 238406 603595 923696 705717 860660 423245 546205 680059 273322 707596 952344 285132 50620 27266 504946 569775 235991 235815 946710
400150 873352 284761 409788 172908 681494 803395 702084 713011 352016 909429 265656 279101 434077 61769 609106 242733 785891 678466 204317
320953 60318 912946 365812 838054 533179 595334 659148 478119 384535 172186 195102 919584 702192 175867 221132 249426 266382 414303 997944
833868 61977 459333 495331 475946 124469 78840 738186 489633 857561 507210 323690 539989 405669 980598 455915 443138 426984 662736 285338
347447 79867 380673 739582 992121 423416 534816 403132 889019 136953 978826 790293 271255 683283 408579 257992 124036 293568 76493 579676
390441 22816 525094 163295 658677 762566 201821 737595 90215 134225 899099 292938 862401 475422 373405 948381 642750 386199 751426 734579
621671 680075 102357 41641 396186 264481 808080 517045 759612 412089 355297 520225 428322 800593 88318 151398 796564 159371 885694 672389
12261 653957 798541 121264 249178 671230 916593 889471 300458 650876 844333 600948 170689 183001 388912 553212 463040 70214 942637 481740
266784 384 847320 359702 278564 985416 645211 335026 538761 220536 3668 970821 503194 655217 12232 293328 104406 142311 134272 562994
238661 575075 821222 817351 551113 736792 735781 398169 184180 83678 433076 740903 94200 920248 699472 586783 800589 311741 380936 376402
653577 187809 161701 891934 345658 121830 15990 129513 878499 578887 940847 53549 893323 869591 322639 87335 793769 584716 342614 615790
819880 54249 605195 692795 479765 371015 618453 817941 69027 160816 230731 444505 33652 563973 850829 652903 176133 911317 284155 395664
242280 152525 987102 643048 867800 933224 947902 712029 873510 976703 298288 347714 526400 117469 308050 946621 320017 662142 842038 168716
969805 343689 337885 178395 220162 767576 153214 399290 262669 281067 875283 331254 314986 416055 442249 114648 173669 994361 298217 399662
554101 859159 547494 262022 963714 676084 527251 283369 275561 451951 908976 649691 494932 816374 551660 629158 184072 505699 25451 285015
295936 863195 115687 363813 255837 334042 587893 335059 490614 615969 124883 224331 915934 41099 225859 489999 912937 359313 729731 176405
788602 240064 993391 180527 244338 368378 634255 160206 19003 523933 645987 112690 418049 606226 743427 352573 801263 624924 926785 251416
438994 198693 206533 992957 235251 318000 168115 626370 873450 605616 740452 179627 779866 412719 397185 865114 867012 461739 972834 335672
845225 336945 405990 504122 443572 940238 565492 703791 148458 282770 615112 872043 806827 28587 482580 114411 354820 99370 304170 588472
808227 732045 826377 340285 99355 785935 892846 402073 214391 906056 822233 712255 540881 324030 971211 268847 750582 213951 722774 633044
974732 683475 253329 615859 897131 682833 720255 225069 646753 379341 310952 699150 269669 417262 844792 209741 712429 728394 863778 75273
910005 397721 375205 361622 15922 799910 797353 662039 888386 593098 899667 84416 946683 460568 203296 519866 449623 663586 11195 950706
898765 621392 307867 304043 26407 263867 840676 980524 387951 408889 430710 361964 791102 203707 390972 839058 542746 288206 435797 591146
557014 787944 33435 963548 33976 358769 301904 717364 21797 45861 4618 793752 172345 909203 41957 559776 79511 2266 244536 205642
492376 495433 162474 287878 988785 972085 31432 789663 704175 287484 99744 610271 808443 482155 600565 146134 212356 809637 584202 250902
949947 799769 278286 587587 537965 247740 779937 293779 707155 416383 824234 578928 378288 597405 78123 661906 976554 573859 537588 605631
835642 438374 650260 468136 911245 115889 628982 376799 872094 793427 750802 501015 626907 411541 762853 28177 139301 134375 737899 66512
46483 719518 40267 437412 671914 264368 498756 914957 941954 428180 45095 604534 130265 601916 980375 780435 227359 354240 799425 965130
928770 622991 726011 777968 541979 405187 323830 300006 709398 26329 492434 743367 329408 551864 956569 728760 35541 321112 941458 862149
890621 370386 839900 991414 27773 130933 84745 657469 592338 892040 407686 178901 80513 96269 813716 423706 26932 743497 38791 844976
429306 233524 997276 46790 780021 243185 838229 967011 861778 731635 196753 173594 206373 588907 832403 584143 876121 14060 154536 956532
991773 61788 277041 731440 72318 64986 941038 862222 451048 558176 636806 553407 489277 341479 758185 264786 302697 443757 269594 854329
327499 812182 578910 584644 241576 923801 851421 82286 924524 114668 929428 450155 530187 5066 649639 612123 818390 963846 255507 139757
125360 454739 619414 132070 312577 845713 453190 295444 431541 164229 643406 758296 50611 148864 930932 774590 979074 229993 959211 360401
618362 343254 168453 85213 844959 338104 73505 702907 124672 436354 626469 167136 608095 645801 546550 723621 575136 508949 163407 735470
921425 466650 789396 984793 529924 882117 446630 329231 802858 800589 119198 675574 170414 954089 55907 417627 541519 316089 763328 289762
452435 311510 655179 591002 722586 783902 545554 403908 441750 402486 73509 357389 191823 38562 17733 391354 445821 70515 34162 503553
725682 967388 599304 275108 810120 241863 675599 407029 793472 671590 282618 874542 201031 315278 94846 794266 775248 881488 628553 5079
761200 322903 408593 587468 556608 404659 266430 538161 556806 983063 463740 46444 120208 480961 723388 571251 968997 927606 851338 586264
357455 992655 316823 692509 904800 817235 760758 653006 653178 653020 550799 667158 61332 414305 748940 686696 331691 944419 45184 590075
257548 540876 300751 96320 36776 753539 381376 755684 44215 61316 589180 293533 181256 242340 133032 210547 922745 150073 481417 858709
324011 922700 672931 995048 206610 415643 3762 50398 54740 187857 273052 995013 242127 979795 896020 914195 656245 150409 115095 663912
642292 684862 336403 148530 871611 544788 607484 68404 962269 349479 735282 225939 691795 211845 30709 863517 214226 121375 973539 750151
909675 81886 59328 382230 374680 754565 163682 109041 548230 45873 916420 133115 915472 413357 739434 923402 609038 762111 669376 376592
410479 647892 84596 466688 649211 49270 803393 685673 497743 124680 881358 146821 825844 962604 580386 445005 492799 672939 624225 55486
89651 911586 477652 291973 999722 426345 74927 829302 6635 56163 504110 638695 328092 359214 252023 679989 206797 545666 425277 321126
805260 871335 205696 628559 640096 670904 22601 545489 874044 925427 649647 140287 47661 799016 102249 712236 466621 180196 506320 933600
714957 73497 299176 661267 695157 61886 210074 154681 715045 832757 393306 610027 885624 164126 307679 100190 190131 1540 60665 918759
483588 165984 353737 833512 679765 239348 260260 356375 232558 450447 382397 787280 709990 414339 56740 607497 344509 524925 528193 773058
967374 563277 697967 913739 824385 419073 886247 83543 307629 574848 170824 469918 118418 367302 82490 713651 622076 297779 479345 345771
936350 324280 472439 981836 699261 148485 649593 630172 262348 564532 100973 785811 807562 625388 732048 109814 334340 90123 524580 690553
728028 984018 678017 229903 262364 914309 526503 868114 838237 94095 166877 679644 207444 695701 996990 400924 292942 163477 196430 844160
873617 209579 772857 300085 731887 978094 644875 852422 521365 631426 193850 364498 4683 864237 175248 363386 819314 642258 113441 292322
279202 219267 261842 374970 526007 774991 304270 509170 329184 651746 175339 347586 408190 589967 370628 145395 917314 618537 5376 650114
959638 196629 840461 551504 320411 212503 344532 507780 620948 742210 775314 744769 750218 163329 256973 703863 990752 146555 840019 297429
871765 584308 444027 904308 157165 204136 122324 565010 353568 594008 125697 927401 43159 970216 192979 252818 320951 307525 94646 338941
385201 213821 248787 320525 183231 982010 841629 889218 555325 881800 372765 639374 373271 922811 645605 314771 264891 136670 963447 781517
689905 237389 664526 164685 997333 587533 385642 790927 358299 296454 335083 949380 906430 380711 355742 3331 229476 525212 959732 705381
757012 755285 764298 302715 541557 873053 854010 801606 573607 523755 696356 552268 891946 85477 775312 828894 812702 560913 33326 891049
743200 85174 524829 710944 586779 50373 775941 452610 763802 812261 658656 56673 344390 931001 463208 894497 275065 783685 837259 795319
500270 682105 711709 628370 531089 459032 764978 424043 466276 391267 847279 275143 99629 108009 243241 67486 317126 63592 412003 215347
62693 849202 220270 46329 222058 216458 427854 133113 48215 471216 504166 341616 454431 165494 995088 425038 615538 999973 48602 485332
504910 617062 444301 587692 2419 145773 751357 320163 869855 218262 867624 672994 594072 329099 589467 505278 720703 552847 494373 564088
861793 388974 839316 689271 585524 604462 4274 410802 550426 733908 149232 859304 980553 968589 150331 564324 330895 638874 106119 171921
181806 370373 652319 604877 199043 589411 630595 249222 427163 482027 682674 406577 266102 578997 516976 645315 698798 442378 272605 55696
499358 595316 310130 603542 750331 117068 28578 126170 292850 230795 717102 444902 716793 523736 968929 506790 554593 932230 491467 343143
450248 492004 925334 767882 958248 534816 539479 5214 899048 364136 629958 559190 540150 446188 121738 543829 527840 81315 659471 754271
707013 881758 827503 127336 264253 252510 273013 201289 425104 489501 609434 584997 809570 789951 938637 866774 193275 324252 440441 352142
884244 994767 512864 44952 602236 700274 541491 986094 379476 719823 173937 391734 347522 29765 269716 19826 104332 119696 518390 656232
226747 85346 536578 604324 125878 37538 612940 790739 260534 651055 455254 279521 43438 282303 992288 273798 643796 307472 358755 938901
548764 691421 925172 84790 551800 827482 409771 563777 157768 210298 191366 364933 233894 692456 632428 490482 797315 834560 724034 889980
290819 67600 20551 379056 963963 39420 701396 905905 755243 841702 91242 183156 259938 352180 490037 114659 444110 738923 366719 877076
210975 736304 579410 736514 467735 803502 538109 432927 896074 263125 200096 86505 278084 618973 783684 141023 773930 310181 385389 75271
791773 597820 963934 158587 229942 930296 757893 431764 221512 390925 36372 89750 617461 819023 962498 978952 54728 490978 903941 568060
518041 372235 622856 816903 795134 952113 522041 501069 150820 846677 99622 625860 674473 199309 601423 647013 130675 790950 304567 19933
830631 792244 510398 787442 68320 21556 87843 115547 11665 256452 763660 843596 975362 104794 566879 741152 50125 578359 574113 153219
707972 123919 639524 226093 408029 111291 756457 981926 100610 830155 311117 723520 761404 362692 941 171302 279630 545313 892136 64501
650752 959499 209599 409369 221774 801791 300705 693831 296815 301351 188266 233282 15733 811964 572608 445592 515133 773400 410610 468635
292604 523913 708876 613465 577078 829931 886441 919788 335209 291894 743419 982535 427463 452873 224270 162869 222007 1795 453958 316450
650768 601371 322220 695502 90666 880339 73788 820710 203381 524161 270610 838124 489974 737075 265480 81616 233920 721297 750917 405240
641905 229370 675373 696478 565469 746357 273685 554181 845099 735680 824495 502248 530000 862550 536071 848827 709209 693101 738915 70973
225727 785074 276799 616334 316453 950989 558534 850879 369646 110985 282504 210334 933926 36379 21700 354938 474397 152959 182249 877464
108858 515111 245790 63794 311189 996493 634458 367973 156420 663932 761003 46940 178473 962694 265786 319987 106254 629852 942129 284145
146138 891794 415401 883450 166121 300808 993645 999865 898266 385903 516337 296667 758286 39590 246925 748870 556650 750939 485861 280244
349727 123351 26695 395005 850836 462122 614293 225551 348099 145773 225485 434477 623130 886981 909370 321757 812889 806883 940529 306032
821272 531411 598719 206836 927163 543686 222580 797427 394859 320200 463778 114407 934456 476414 335498 677763 640991 722431 177478 96955
300460 76480 142416 575272 885366 767832 775129 331133 787672 686461 286506 366693 184221 487593 413260 295844 578463 596057 901011 82033
826080 245879 491074 200469 496698 27664 692716 262466 422462 102610 666592 941268 449356 899443 276625 758578 853744 471943 955357 943027
896027 191301 221935 548790 846226 446922 73963 311884 657660 79197 987681 538901 644412 855164 240180 535441 816867 687699 876714 47040
428475 782704 283369 960223 917429 39752 901922 777644 636278 143052 237267 335037 739937 556139 100539 695698 204516 716869 939057 824520
441407 637144 949774 858957 210638 585776 863182 170543 438098 974616 545746 152016 937374 537462 700089 955641 3313 7311 674403 315882
292169 383804 824866 119006 293192 564735 508461 69672 862359 733451 859509 898735 212095 616268 382562 783688 415282 912972 653197 248363
849576 838853 335498 60832 736258 798394 46452 120963 102226 111434 838811 789060 457987 932683 953492 191791 735508 43227 530724 242683
396455 347993 60555 873896 730364 845033 388428 706201 644290 12251 170232 955962 429124 703702 989069 745350 745887 312874 349061 695447
685871 139359 613183 489975 631604 146463 313523 183231 768630 150676 339514 501274 187861 168171 364228 923560 677193 108445 348305 597800
918500 234248 82291 14089 502091 258630 394271 110139 925801 949027 998454 64458 927030 401302 352567 750496 588123 6429 522866 284108
873405 601866 224265 483270 560594 403738 389726 996263 154354 417904 465282 882826 923041 945992 762412 701282 839660 132494 619066 58123
576020 108729 609463 382778 258841 808475 130552 999348 976252 588526 838530 240921 936465 34206 23141 377636 913760 23344 528465 802964
458798 237950 447704 941628 866718 147389 161205 833599 713952 536562 896938 463578 589616 592841 273153 840265 908931 199159 782252 113102
589103 531438 339960 616124 958456 624298 238334 475210 863510 477938 256152 818354 264908 61683 297548 934177 560030 832 549193 810588
944450 533755 388781 573435 253987 364045 499309 301095 453213 207929 845236 742446 222072 355134 113459 894262 381930 62047 658834 308379
363781 694358 987254 812065 257912 931809 614750 93827 499729 303300 476281 443157 273396 266392 934019 954574 53312 967680 706413 874511
539696 925710 443618 412613 983328 394767 798053 743555 723190 695868 291258 17352 494980 924473 597697 148186 2278 497978 383701 296086
267203 980978 8240 341189 197965 493195 163492 91291 236016 780495 673885 778739 894482 1616 222825 10733 848325 102964 906322 100464
265408 559789 463972 173333 112152 327777 965256 74054 102022 631623 173175 216371 294009 128951 76616 340716 853878 533980 823741 295097
569088 805441 842910 790926 493481 615266 621216 194612 264806 287174 764809 645393 390460 659959 987657 994570 55253 482960 285480 304500
116358 806831 960416 365012 813781 450643 298177 783123 860803 250937 346465 129265 971 940616 787592 867003 998027 619547 389276 336856
569771 44578 955548 473901 100501 631440 280629 898645 684882 213197 964392 430474 36587 989577 506638 966160 134610 846978 180112 935277
1211 595074 191566 33897 479386 331894 584996 420707 318303 7835 642639 101135 172860 673774 784314 531668 951300 337338 740661 694807
576867 991453 108307 603130 661897 656434 569454 370918 225304 727673 531709 968378 32839 209259 91542 259881 364791 253258 422849 97962
936749 134753 470046 814426 50999 188018 708367 500849 531318 870245 516803 15409 717249 132397 417177 883966 208791 477354 716953 551950
621552 445497 267323 664494 164519 184334 726561 515456 669143 779092 157306 879675 800664 813297 955281 434488 475085 890236 292443 659743
389373 913926 111277 568312 761985 89856 99059 849458 818198 244914 111789 987545 719326 345089 644065 90739 731893 936763 573419 239744
600731 702457 763836 503783 644688 674842 732138 646946 675156 508170 6656 844232 700941 339345 812032 491039 718136 727640 110307 522171
62125 796292 57838 894197 511346 620201 622014 483281 472999 901559 589102 175825 960187 820382 370516 638307 522896 825248 461616 646757
899616 564990 3754 508305 93666 995098 736459 868908 651154 267892 241246 661510 786202 678290 866825 199607 561359 232679 668206 346473
518818 544623 736780 157973 401966 267217 622757 656972 274153 763160 675182 478327 365701 161920 608279 366390 384518 370017 811735 564453
685487 493044 920098 375196 477469 821192 177327 177414 440783 39986 463308 684925 641930 595408 293093 687622 199305 384984 335198 414343
578504 651426 720364 510992 484270 848993 812119 353883 203797 313037 850630 401305 886054 301837 686501 929793 851707 45093 990341 566596
678340 592178 439695 859088 444052 23619 967927 849145 751895 199580 980789 979420 423559 979509 572078 443935 725660 672150 96821 448599
878593 33112 339913 195546 69169 437667 825905 38112 978826 905459 926322 832479 88012 103675 345375 468021 159107 775549 768117 63830
214828 728935 78685 475964 227104 632775 545212 153547 551579 8917 927966 892065 191170 169095 58410 793988 129199 10459 575568 632800
415371 27880 405573 123497 529681 847804 93836 210052 963488 177531 341483 746857 396045 690185 52386 930141 669726 610136 447416 552228
651688 884415 663845 118300 180566 479234 806526 910683 309018 815530 13043 20697 44389 624042 842240 304335 173803 847245 865766 241526
583638 851001 497649 907626 696617 455140 425414 240916 814899 957364 724197 710477 792165 36034 642032 169149 588718 37957 703305 933043
654772 293855 129136 27066 200266 770398 171243 982711 960922 712692 535719 128447 16583 995459 84488 626038 426240 524697 650238 250635
476676 411817 820653 127880 347666 692497 281687 558356 111764 740278 391688 99508 753548 94395 553056 977349 551304 966713 867114 306620
260607 458628 293584 304151 54106 972927 912593 328262 660796 596873 640283 713574 330093 974103 618075 815202 770753 261117 736825 714782
883808 219358 523106 995076 480711 901711 951666 895302 78933 827335 740525 161345 488558 851910 310400 116326 782524 298285 657246 990645
784554 34146 971447 318244 845415 406172 635344 250406 123919 36197 829635 638778 55130 726527 815979 127671 505150 99427 759967 970671
729294 455734 694250 53891 531146 351427 786321 157842 930333 999044 956874 716198 254136 403325 450584 454837 968142 3012 781628 742422
338007 252936 233425 217991 412999 730237 325436 978793 677742 133541 552875 638961 981348 884764 102468 243974 617814 174502 442960 964751
763952 948365 657473 33306 144588 825058 322060 810312 425503 186370 661360 489867 878217 778437 276994 404463 426010 479684 178549 50965
765742 750586 213344 479025 989441 484814 147450 365644 707484 912117 274473 773450 905553 404792 281640 873826 393080 166212 797353 654864
696557 693201 745467 330761 16459 175567 242193 591419 250091 939858 350159 576281 350864 519718 774747 523091 839209 904148 390406 312486
902904 834320 335866 66973 571282 279278 833375 992458 556365 633542 992900 323444 206653 320206 932102 183101 688976 897894 347165 17438
132500 691004 702750 163875 710650 485343 818342 474826 521920 505383 552450 65522 445502 507834 372355 899098 773890 524240 612958 575325
779876 145823 594879 454778 437523 52791 991151 322321 945947 875182 236534 361781 772009 675322 657658 345541 959849 117572 412859 929654
804355 669624 331484 825561 884071 250244 189610 922591 969156 290294 357932 573354 885576 182272 799372 458916 691954 4315 422322 106881
645508 68465 171265 95324 6782 309527 808758 968870 735590 666384 842666 480944 214245 480118 538834 395572 930981 8252 973508 406402
161374 729910 574592 262805 918802 182213 679215 557242 758354 899612 873807 456735 982057 714637 986059 457119 524965 97654 770371 287821
844648 878382 544639 766185 870537 957946 367453 420424 586550 960522 953062 821438 956391 648121 701211 947734 812996 842113 836804 421484
170758 655151 310036 438043 728965 901200 757381 980753 265854 882237 847767 491357 656439 16989 635260 536255 276493 431413 70770 401534
695055 640034 217632 755222 900105 617245 937074 372108 510246 162801 827768 669020 185942 929273 746672 405902 677129 119240 393663 762086
716359 125162 429217 24881 460070 637754 105703 228161 84297 13431 752701 223722 37375 756191 774803 531892 755705 438108 997974 893566
813835 761936 526030 999641 580064 313995 644421 754664 17587 886992 594451 494874 541606 749616 159493 362005 493637 748132 4977 416667
514120 253993 216352 964493 494127 75347 255595 190695 734457 271549 9401 749297 540203 655684 160591 380799 436461 178832 870746 356123
758443 227605 41123 309743 426579 886282 88303 965977 127715 762705 363097 334012 836186 270608 920214 83728 786746 828686 304315 832246
908005 481047 443995 621829 244464 371565 149890 157201 802978 568379 787158 153103 735007 655004 210713 53600 944155 893823 177142 988026
291114 957260 823933 133688 820278 47334 719109 249376 274897 823672 896146 794559 949091 128529 552728 513225 637231 97880 49450 786852
853289 755375 462787 110189 369684 818751 312078 148195 440336 459386 40103 475988 472385 591588 46102 926842 818844 868471 499322 57224
882597 414618 234455 194184 694116 345803 29632 961028 992988 619501 266913 43742 321984 715490 889457 846721 239889 271914 685315 68617
542478 869580 798074 943989 132622 394535 870137 28254 736389 209521 404910 306039 863689 156025 299030 432244 157720 410136 473005 950288
195543 816952 209781 307623 978811 712760 410517 981527 673041 881219 282267 602505 659995 419940 729286 977778 874595 990477 661340 647682
793023 124842 701183 261982 530839 346633 303067 566669 702717 570820 411593 166019 920359 997589 44543 195866 563591 905130 346245 279983
664486 841668 430516 829700 465601 888735 546864 678472 714391 587614 218395 664237 336895 802713 390443 781580 186950 445327 311341 62207
563138 735037 855419 220744 640246 186585 697957 542557 897680 171522 332986 520204 686413 221406 189423 500058 589493 589527 111775 264160
84844 602614 957918 283824 812170 28455 927765 771786 781106 575265 932370 940306 565554 723044 196286 80317 388777 399603 512286 198353
950595 323246 900219 586141 79860 810926 554181 840700 564349 788220 90432 855252 868301 767287 17340 741348 286739 658816 429822 789300
181694 316477 653765 57135 984891 66560 243465 466453 703143 216597 717159 366256 526882 695208 303938 61273 713236 169030 837668 440897
979298 531481 963681 778345 217747 928675 810651 289994 446287 65746 212399 152249 695584 947440 123812 117828 321317 389256 496327 36851
593440 811673 75989 593919 105123 378551 297591 373698 537177 769863 352116 704965 400270 292972 236540 77125 217323 131143 798581 695317
75591 873402 417081 811319 447024 155484 665020 689783 966691 587016 50241 294168 728679 120286 747018 768899 398281 565764 534861 16861
901732 869389 15121 168777 281478 327365 411801 618556 162941 965398 944881 491882 46893 127322 489952 329844 591961 881834 810914 965698
929840 794204 128039 838831 287890 257048 786723 394441 933215 613218 197999 972644 706912 79145 660740 319379 365482 338524 883217 883328
782480 525206 598082 916471 787428 415105 360924 999353 928638 539266 333969 626348 6538 269708 17509 915676 676615 868880 987862 100189
523984 436199 499039 451040 4364 933244 496517 881825 147206 220406 65494 735893 672409 150644 987634 156826 685392 699278 215044 604651
501380 691708 915714 734010 915744 188389 692000 829085 677866 206984 791378 16616 940521 330949 983153 738040 56888 996551 421230 855707
592820 200409 57508 857831 894921 510477 97177 904671 950520 171994 187453 878999 420795 458326 440738 794745 570914 840578 576360 469947
639396 224762 240536 910923 915572 562522 386575 360040 866214 572477 119941 12224 732554 347605 144530 150064 931923 198370 102827 80063
588672 605058 99873 840537 374146 365457 956839 993581 147373 572508 194505 521673 502910 898759 6047 266100 501945 740977 46463 967603
547450 543288 242521 335678 620091 309050 753815 654125 902781 320061 557389 352888 9854 397455 527851 322676 758315 3628 630210 499623
801727 457260 358896 990305 596903 396802 240010 900786 79983 218293 109272 413407 143573 981937 644246 691550 879843 478324 444833 841821
656595 401471 951787 463089 941922 166843 603089 931535 672462 804538 254916 579411 753339 164710 331585 339230 840488 413480 146957 825488
553130 530621 980606 946548 374250 264982 915192 381319 343840 409388 855962 723312 46264 862909 989503 737441 786310 782915 321361 704207
778950 247726 247468 58170 909610 923577 704822 325338 610398 183223 903552 520906 441798 529629 619265 777029 835858 175907 631754 264638
841061 321836 433839 542747 827100 362614 22015 242231 920284 51157 257105 982002 323618 24724 760751 54871 312576 400916 734051 334993
944964 219098 582542 633477 523411 529836 477291 108109 108961 597618 140172 661437 304057 772493 546966 544486 560069 816369 200144 239859
458541 880246 800065 72753 931877 2834 30528 596497 370425 358548 391509 449875 291870 370896 123968 510570 548051 28562 929678 483217
537460 532452 165570 850261 297541 748377 117847 759448 916280 979640 691738 591860 326081 126972 949254 695164 253994 617013 776081 482909
880775 978961 284920 348292 344835 846016 476944 818619 423633 125510 467106 759364 839531 743899 778830 459615 874632 440717 448482 500703
417627 528373 325470 604019 354246 957647 338565 510926 915878 984962 810011 638616 198265 658210 437853 490246 934343 779820 758050 618176
664062 658306 755181 260922 880698 840502 176778 217118 339292 177717 565805 411055 509166 79404 910309 126587 676672 502622 298408 153475
560159 81868 537449 803256 630313 893516 356732 930396 272507 883432 55201 68228 183126 486606 410078 297545 631443 770574 98524 908313
806166 39666 413842 324540 879334 975404 191127 521808 205228 660773 801598 656293 408867 756777 675252 704482 674549 50034 193601 209746
345589 308841 943535 710453 343876 840819 192400 660122 36823 442166 486267 823822 53455 351883 155597 240207 87287 695963 542977 8543
141576 52618 336399 345076 179961 762884 732606 773728 978470 55175 786749 502546 264138 573900 283932 544640 167001 571941 252932 870464
958995 536902 627379 717411 805558 889916 905456 621861 386905 955186 733410 649939 72489 98637 206311 256030 213911 521479 929101 686321
908839 953931 175915 289772 440554 386593 409247 123079 51854 607876 970005 432938 261653 218174 892662 469088 162966 629313 174426 51973
851371 674290 97951 382974 378910 540067 725180 187004 28994 578099 177564 664740 75054 967175 760767 532251 736269 349481 832921 211111
544367 236077 381667 392835 297888 564310 823631 405898 172115 692211 474649 365365 38111 599919 855729 694497 814384 63840 605392 999958
844248 261480 390966 716610 322252 817378 302202 560555 75421 269084 825768 137257 645755 126839 337071 893410 272033 932191 490340 666234
558717 821377 715260 288820 549280 467606 716916 90253 561337 425681 736704 770124 180106 897129 214555 530859 30249 24248 296440 696983
453349 736352 34921 806140 33191 184210 940832 944253 300044 594990 539943 485476 774762 613561 907144 896932 402477 481502 591082 453961
896910 731837 463838 908309 213162 975132 585006 571002 775822 266939 901727 110232 591282 908242 79482 565256 133997 873000 721581 502706
924265 675248 882424 32766 13563 176140 534149 104196 486395 52884 940173 687244 995232 390252 654169 155758 960147 903826 934613 695570
879768 261458 401016 705964 317030 946025 556010 508303 270010 672403 240667 140418 70051 358990 845692 183060 159375 64748 492409 277298
538668 799852 155178 216979 547820 314718 336382 514138 754022 144845 858913 174360 643278 740419 280437 512716 744177 299062 687820 858030
367787 399874 458043 576817 404872 961726 486774 180081 490059 345883 861223 36618 954886 162564 750167 751630 48112 355428 591805 266603
766226 191052 220481 443051 202104 173528 738833 426719 795745 585486 135512 738616 144159 901529 450572 296595 503684 757442 141440 659744
712146 848835 672286 858872 284276 548973 634881 802762 326611 140398 428575 712263 962529 277490 40089 161355 719720 218523 495469 556972
434694 961909 904159 936732 349368 789344 761227 65062 911770 225259 397257 604324 951847 397927 362534 462586 319102 636776 879443 317858
826914 823589 206422 620774 544266 299442 509308 398285 929001 711374 354242 953429 651656 640775 153592 445701 163948 774071 331192 432278
283274 802070 58531 666347 278293 598473 143307 632617 852924 989126 874584 267660 712426 206967 966095 477672 982721 32316 190631 458347
475317 483574 844695 409317 959618 336043 270481 553181 572639 518151 312911 689450 533690 283957 227799 10391 898797 327570 153520 757929
767792 993729 649355 251934 685269 359537 260835 397641 885453 173787 257614 516748 949357 177090 38143 627562 171660 605797 525465 930124
389030 792823 532730 819828 9780 18553 703137 418964 417650 235002 798541 437028 909612 967505 317842 905723 975067 450404 189251 225026
691025 216092 317092 337545 330411 465394 175335 394787 859172 244020 680274 474292 929428 456425 615079 824203 970500 347881 960226 454205
190786 611239 972526 438617 874460 958474 43469 510896 224583 474663 506981 454733 295956 218719 103344 61999 54429 504775 125591 439881
932093 969568 983552 811710 669176 323773 829044 93531 349641 660882 539961 506709 943865 525194 711209 856240 344759 891830 164962 797877
543502 675656 8440 492977 526849 47255 869824 274039 881433 724004 178865 408279 691725 928832 364010 507715 724789 528356 524194 666834
941718 557055 186101 355046 568178 607102 938970 442129 31901 685356 53787 533478 449432 383021 724971 87265 187351 694629 690525 652143
750570 65396 28737 58547 319719 170159 742267 790559 512631 41485 386405 246108 317213 233600 715918 445170 972030 67519 127233 200933
587746 605112 422021 337145 631595 735175 595388 871732 923563 557008 631131 747462 988955 665014 518494 872766 972288 277115 94011 702119
597778 172994 485682 780171 722004 73695 742384 478317 368123 717230 673670 414153 222832 852789 136113 115516 222989 433473 992084 597569
467934 516534 786216 282344 692849 433678 437424 883147 802156 812479 847135 45790 352543 799966 520096 784491 431475 991930 684480 592427
798244 202396 187965 208415 43380 471205 867969 704001 601208 124993 306703 362964 562969 881079 343426 39959 71857 4511 519597 488725
650734 718652 13316 643906 476462 161072 683224 679563 944115 451433 462663 900557 760979 13936 109814 705929 956099 501247 883340 146844
172473 637426 659521 288868 553274 803812 358040 969299 321433 378381 208782 386740 775266 635895 82410 479860 167628 454846 780250 337300
840863 685654 108596 993085 473267 856737 36833 926809 931512 722270 339717 64066 507287 370346 728546 548331 389009 45721 25548 176666
486482 170902 521232 835936 674575 161654 251856 592220 577749 400147 422419 311201 871778 7241 214204 651102 448326 34443 739816 557528
839283 311847 122068 705921 48693 867562 745008 869147 57379 901334 561919 217557 869716 46118 31405 722221 784043 517369 545203 513052
690928 406093 5622 677914 322645 937171 746927 558399 95875 86628 820069 671424 159905 337703 797952 96275 699656 436442 771569 273170
203021 89743 490703 81825 325110 630526 961129 556666 713158 903356 808353 861615 113170 388613 420546 704848 22022 52379 883971 31681
883470 566644 565435 877734 539134 623029 124580 238532 982668 626076 615822 16455 958033 104319 49056 322532 509203 786353 653078 346699
486387 512058 861888 709374 276227 89586 38034 920463 556065 275524 146993 340171 70168 61981 761219 164636 349195 77487 809652 371602
630659 23439 983630 425381 533774 496301 58687 276062 821723 626608 903698 297159 341484 582042 941721 486516 302047 416082 220998 852845
499479 209401 38018 536436 27012 194873 766791 5373 329913 269033 10310 252009 243863 305879 925999 809301 833076 901349 740420 352839
252696 427488 476833 67507 240074 643684 1886 34924 972313 121 659703 11547 463710 402389 185657 11188 242425 527312 845562 532933
794306 739717 348956 845534 436036 155825 727129 963023 26554 337820 991709 181964 663346 60659 911889 674179 233707 89861 243054 284938
557029 731917 91609 34632 439726 251758 310865 924229 815232 910865 643866 466248 30242 647526 747300 342116 898737 806382 145161 383970
703775 133408 6694 500147 805787 184335 467444 734517 403651 403551 442255 228666 153655 87133 702326 764989 242370 642722 371341 38992
809547 659500 494514 691468 808281 290862 168656 391913 456091 222685 584142 992220 595135 784484 169346 189838 12258 692328 899275 582305
399512 115698 482953 604714 483881 867706 996324 820393 456836 235489 950801 397323 922971 697246 683611 430623 724218 488330 491103 832391
153535 309924 72636 437885 155286 279019 898260 315126 234405 855652 887490 246854 968738 774829 696740 136612 770526 879239 864166 573858
58972 206737 993158 952615 436826 523967 480885 709993 225115 69508 142945 586141 700380 720142 956324 987852 928936 18616 418243 139170
275795 6255 548332 161808 496127 643160 749076 701575 869911 920493 21790 841881 120606 662249 511357 395985 48950 977106 937614 45394
873940 310974 399923 783899 11601 426436 939018 363904 474710 692761 822584 222779 911032 561352 64765 984853 37214 192608 522265 483089
992585 91300 467200 998252 137747 877055 771325 360305 287945 753961 251616 892826 514418 725334 555162 671909 936302 859477 422149 453444
316083 595847 31638 263091 553833 2986 546318 308558 277746 419251 63676 791534 533047 300277 467119 652901 568651 865411 751020 846955
152649 829692 868201 725579 242169 860512 454064 980597 929045 685817 994094 425490 525430 375958 513019 611381 12521 92953 524887 932855
798554 401147 139855 60022 903931 458633 273235 542116 512993 806074 878508 203382 205018 510496 347206 186369 554848 735804 239637 646753
563130 621150 832050 841190 625006 704998 862295 346265 315344 176259 912805 10580 74360 314278 954757 189484 112615 848375 462167 235945
476016 146297 340286 495399 333349 170765 942288 588267 337310 635817 505213 949790 469306 689321 653359 499905 776722 615125 591114 574693
542513 417379 399967 968544 310432 392685 779999 374086 952457 283005 193983 884950 296888 844883 782415 726241 604880 958750 483609 595964
515962 149758 721814 127458 512311 802393 710849 200190 596364 514757 306917 237687 981965 118903 753429 688755 451301 545173 965893 968824
5391 738043 910298 979842 109981 632858 946423 600984 764611 383464 759673 895037 344720 819138 245695 967779 201608 314571 879295 875272
905843 730005 972966 457955 658691 114265 500980 789619 922151 573084 890096 455220 33159 778641 134998 574372 809797 463660 303810 587770
337649 596786 335233 489067 199248 411922 397939 375181 150167 451412 259594 235820 494724 222506 63390 914324 280566 940748 135617 825539
659308 514067 552938 836050 984510 779596 265803 636613 156648 429334 678321 225512 566154 790174 879852 344046 230050 159925 159092 599659
671668 1712 206838 365092 507605 791167 681631 579294 593042 101900 482513 549649 199992 46321 624060 422201 236835 340375 135537 656264
653070 733578 3500 609929 7128 968967 710157 673650 51643 910533 467216 710150 918188 944261 383368 236364 125266 467025 967394 758372
410347 942638 558011 65373 25583 127504 967768 211599 430375 394627 407159 792878 630741 920960 16586 140105 685176 999947 533756 663192
491425 618106 869648 796468 777527 246314 69812 151286 218293 230608 41542 752770 244932 494536 835961 717980 848529 738901 711155 214024
380308 916710 805581 599632 637404 407741 542602 829508 914532 159222 423783 612920 207574 22039 803745 543068 959538 326503 469986 754860
2796 837690 148192 832023 446692 402344 908320 609303 198944 517839 979644 219114 618011 952883 778352 37091 870377 533790 304650 811788
430088 393374 919352 284779 198627 699255 141336 225528 752128 152826 555131 726749 726414 700112 290414 307206 156948 506598 398346 192454
764510 192202 659332 649117 957451 40244 325822 539036 265384 291518 925813 872264 420746 508276 519264 267486 159423 25892 666121 198508
426372 257670 607190 426821 997999 494785 450852 965703 438151 673038 494884 625620 544844 967034 333181 346576 982037 218111 878360 536878
747806 590947 278900 690156 297899 154393 812816 710641 777641 626347 365446 524175 783968 120583 675943 895246 945696 727389 436455 292511
629615 131500 489831 214017 446584 24204 369843 205867 831807 796524 340995 20942 597592 580805 109624 635705 850239 101876 593715 36872
455903 184885 576346 823402 581633 779244 879595 90897 681854 87991 769920 869907 884557 960938 424172 152851 504268 179006 709612 480042
852378 324278 930732 343117 68297 915518 993441 171116 823976 817056 194628 508877 402464 864207 623435 878207 914385 897408 367071 513460
609204 26068 591187 270313 968408 631002 204441 645510 397532 840172 324083 850042 114983 683483 337536 380584 662442 361913 239371 946959
502596 147851 666821 10661 711638 328379 346213 568168 594294 46660 208976 302226 782434 107348 371175 154216 671888 838891 740311 513293
647706 567443 609514 518625 444379 231934 389368 503767 32786 737651 270729 19765 827774 491419 605122 419591 301945 307801 684833 593987
692959 953718 823978 985892 457627 53402 971442 230699 760646 360883 950189 697873 288305 159769 598379 349006 713691 877752 428046 469355
391262 249796 603166 615378 597492 756389 596982 617016 175361 441958 932405 534862 669313 40213 105384 288306 152794 590198 592684 990730
294723 90832 487320 740231 267442 363950 170572 452798 764786 214351 14234 983034 149856 44344 359928 827644 855319 436593 164451 422151
615794 808169 735766 828383 708019 297536 516445 965228 129851 932468 721003 392086 619008 729708 950624 941548 627733 518232 695293 326647
861638 432499 756458 502957 529465 593201 404954 341828 245711 733829 386438 521865 426500 251680 184350 534883 851955 578829 439900 728417
702919 83088 65777 408402 443574 325066 570808 286307 773371 943796 539794 258655 134115 545456 877511 801319 865425 623272 683110 185467
476861 933328 35801 453829 524202 154932 396819 32262 393077 237779 635713 467032 833526 319374 152261 192891 16136 902705 536084 593556
255490 195722 170485 800258 438034 283905 279993 409007 690948 787917 934591 795833 26962 87453 583667 292298 484679 680696 585109 327791
731006 965389 984382 466779 864115 821099 625253 520938 699907 541130 478217 418694 762143 855467 303871 10157 599324 158061 2598 932773
259422 867392 109308 619538 321564 826023 80327 944773 940067 54690 483353 259037 523322 604180 629629 149441 97956 708225 350239 399131
96255 891391 751806 806756 936573 859749 84152 913107 29098 883933 843726 442326 499071 33297 355543 795844 744792 703367 39244 174398
515265 714654 586808 274557 723662 20861 556726 842379 114919 285867 837754 651056 30600 893692 969946 372605 353439 893996 526220 34998
666561 868470 127763 655900 103893 248452 375567 927625 415692 842081 252123 667276 517227 600228 623999 838279 990971 193696 880134 719242
546281 439006 690173 285379 157527 765230 979012 343293 41411 413954 449854 61006 192934 604659 111094 938565 156564 836731 640426 909891
997457 723213 543242 676452 337616 219584 876226 556003 493323 774358 638124 109822 390061 94037 307303 625702 732157 132350 74856 89073
848962 610272 880722 18180 983377 128626 593292 468614 164368 188747 99952 287165 56213 615362 34743 949588 485725 419817 597322 870564
881865 332691 375710 87240 635624 166273 21457 414754 469863 353357 20138 208973 252024 700024 226365 105992 85650 810854 99314 28742
52979 618617 552141 718536 646342 747790 65493 439641 549085 754636 529288 162981 490707 887823 495825 802306 551702 593920 603514 304268
908087 829917 922413 349579 368725 677650 246503 592450 381932 831531 204874 108915 555903 890537 704127 851454 194138 940921 246542 113242
229421 561038 335153 171941 640449 118051 287201 145673 660371 754354 589044 123972 674525 418662 976317 870118 637617 719408 140836 800316
37397 233597 268306 656138 794225 238623 533045 420710 588565 583818 450216 676420 710407 366865 793003 551622 64132 641369 608605 978175
301401 123741 983478 721490 486694 763395 73803 857224 772808 399473 381794 786127 184221 63370 804368 737200 624433 564041 227305 137532
49112 368451 816775 483392 785937 259774 10612 10604 567898 68968 437776 735123 353440 137103 392773 370269 358363 274886 493982 115770
41091 485772 197035 240629 419272 870049 162888 495396 323154 535998 598757 657221 342483 866833 251495 686892 137143 909905 633603 468447
322040 854908 151700 226594 256804 466784 913975 417923 370198 58821 280471 995971 386603 985064 408744 357745 8054 76403 846070 530503
245456 905014 690775 282422 418787 732999 430188 48041 592212 965948 140488 940037 968714 412113 109968 939349 674054 130432 144017 943840
964011 160643 259867 159925 602685 347259 52183 996026 592082 568854 460588 270747 835419 836927 393095 92746 54916 976790 810395 478443
157319 365073 425732 706149 542045 602933 182986 859572 218997 317688 480416 160308 990706 738831 756505 153600 313114 899941 766966 860870
229186 96400 948436 277038 898368 538248 2272 258842 317226 575251 229161 338300 375068 752356 550789 784961 650793 124647 436159 460002
678544 750718 617520 523230 837578 688201 75146 567883 491191 913014 948219 991308 489947 428817 568695 157522 970665 902272 637593 444918
453479 885087 771948 774375 871539 708128 304369 67056 309861 820591 351666 97355 201929 787904 415900 336058 284454 667288 292129 254175
856788 572994 874380 961620 129159 777633 627300 50372 632459 994068 330572 84493 697639 699317 958884 917697 677812 61433 346616 787938
892324 572807 759156 68229 624534 825739 730980 373558 290332 154545 872293 361043 44739 156966 102775 42271 628850 620279 514442 843164
393299 291858 180898 558149 319848 630665 582441 349623 322920 223071 524298 168989 176256 597193 364984 872523 806266 217282 994559 637492
217730 144030 540125 370901 631643 114789 501969 430143 194843 610267 124218 416924 462381 756031 557133 138268 501794 445118 908956 238512
493087 866701 102798 659213 154118 134736 437553 379321 708652 598370 128005 752854 602109 190761 13323 829484 888808 572083 840374 582154
912568 108580 510462 618042 183478 115978 772323 820131 165831 746266 566743 64274 340373 727411 52941 84208 767343 204630 981816 195705
279262 128463 206800 888129 149699 85361 580398 297580 563613 645055 990529 510059 663339 399582 130864 942543 424613 376378 156906 141331
95113 785902 769083 126082 87362 560874 257205 993767 534394 443723 813352 145881 433178 936333 407535 333869 293627 951905 641901 157490
183904 966957 478 925102 891390 386374 6109 253472 109306 830150 578182 553254 820053 525828 23471 979550 544243 43343 709 552065
997734 341751 862730 35478 77560 960584 204325 529084 811523 766739 605358 497350 761866 999260 481520 222230 637933 192678 638475 860775
558559 410267 337629 486166 853294 128372 846428 940572 72714 259711 162642 408175 458451 847670 625537 262525 299637 697505 638747 946015
312141 604689 918795 510015 740268 404153 363332 827844 714918 618639 300325 715960 391398 836794 851554 591417 201882 993963 696402 934457
553399 156416 177826 31471 604622 713947 740215 360815 48684 311590 355985 505806 238448 386204 466531 746751 347547 250422 143759 529441
87701 716954 215797 864406 292178 536543 987868 123770 217103 62252 61210 456913 674001 14258 257581 792164 550836 19915 864444 603182
728170 55480 875098 153737 47740 602020 268394 683211 334207 335212 84255 517836 435981 839922 222473 485064 753083 322113 667257 207075
277153 927671 656651 52272 302156 701711 370635 565736 944283 609295 92096 479672 949797 313178 161645 87021 573315 851614 417794 686041
43228 443204 929584 246235 630352 534403 926224 641795 976163 538948 894707 780580 953930 11492 667252 619340 730786 422345 916025 883405
768718 475390 424164 880348 173771 140738 435510 639865 755696 331918 296414 269380 615083 723979 846385 178333 698612 18735 270998 298641
180589 754394 459602 684657 846520 365742 167445 955773 237261 653078 724733 647519 620576 856069 207200 852705 475458 473396 559335 560645
178195 888246 679185 412933 408853 147106 433693 621563 817610 963241 488932 14461 686190 358066 668346 459595 199541 110113 865141 983624
48946 166292 392226 253485 512766 120655 367088 173838 228296 741035 261926 995535 588037 144279 259544 145525 832915 626470 830674 657840
138932 388238 954211 5118 915559 592583 216501 986814 835626 314514 299520 974879 618545 502748 400863 822304 528304 418268 474611 487820
503175 904525 273414 796401 161937 772009 469383 290226 490747 406755 357461 553956 953511 976758 959220 186496 941731 517175 786970 852584
40690 904086 523196 847620 364367 395905 450316 37429 152319 368035 871893 469444 335309 373596 674346 373086 860114 804954 619755 538740
221808 589235 724617 963539 214853 123107 414552 877385 714762 927382 540258 40320 937184 303680 996020 64914 380852 472874 454739 807319
954745 34935 936761 938405 763383 886974 204948 565135 734198 182708 771677 36835 160000 895124 352110 458408 765887 399136 792529 700516
52997 38593 951209 477892 422557 211018 782531 199111 956800 554572 126371 256118 829545 723761 313813 986998 953346 946670 833499 584565
756629 645062 881555 5080 886000 277900 920529 893508 789159 431253 904417 90056 196191 861375 278469 98374 590252 101440 145321 680096
541210 28505 397354 884996 495783 506147 40307 302580 24879 722990 375982 694165 3257 168321 248299 999863 663196 473183 941288 859676
390471 801666 879174 757405 588174 931886 365004 510156 544991 493976 406880 105666 62944 595637 852998 790034 732537 570041 345848 737652
235388 213114 303482 734097 181574 49400 252467 227324 439147 489431 941563 186315 141325 651524 897084 634243 566367 393162 465302 19811
860025 736514 623 743949 241317 864398 429831 46851 646066 260436 544011 212946 889010 531459 320594 51969 718528 37328 291639 421400
874376 446215 839657 770320 669546 578505 672997 243510 982041 352264 490718 103587 242902 196437 358908 170674 255314 501220 276219 539596
628673 48114 133874 727261 852579 823 746682 146765 497175 682500 873955 681138 931681 783258 792099 53473 673339 388694 984632 448021
437128 168926 615213 556695 263735 882705 643973 284388 440244 766788 338259 454825 241626 500371 342939 214462 871940 838469 181862 779109
542591 830481 291199 452533 549272 714686 721711 203313 612698 206941 549574 969387 430839 225873 751050 569649 106909 593893 443442 153525
232870 531026 133657 973387 32174 817387 105257 436351 200632 512242 964403 703418 195680 348190 618701 633070 829795 521911 263114 206663
937448 55191 55997 282334 61813 492518 754237 406433 930037 917787 143255 700345 181821 585047 413938 8102 451621 99016 119898 826216
914501 46316 901266 822092 143524 406308 605888 530654 364619 835991 135123 233481 376170 848910 544488 604596 767474 737482 775180 563386
821906 704234 162938 6773 359218 741720 697880 451661 823524 291946 34535 902371 836569 589437 53746 453747 139420 196409 892773 139234
341800 944402 151206 9959 239396 136354 628998 576374 320129 109393 107548 211438 340041 996611 186684 998779 807161 79385 354909 770353
128676 524699 976326 553070 618230 555382 50569 743082 229249 84432 716210 295803 492056 517730 416788 579877 241553 758627 867511 477999
19895 26883 699110 967344 746637 391788 431710 198917 603950 692008 803491 949747 845478 59309 813245 842941 126014 665726 7467 934356
974130 636682 52528 47889 283174 869518 603133 950361 257011 842740 370848 833267 51317 90071 794759 807886 463457 39264 79506 917702
151492 109778 273395 623149 215523 2840 589363 504046 591992 187586 701856 277940 449912 702956 514519 915159 652938 451470 140609 313133
429395 421849 79198 402778 527028 291669 569860 592477 360751 861857 624593 689780 547055 850716 947855 675388 809547 270706 926721 795922
302639 432297 807494 386626 658952 614959 859419 983416 745584 51392 165187 877789 535218 363243 90060 477333 421889 438636 257040 747758
23436 580099 766168 809044 901711 532696 192449 335011 399726 484542 581138 992538 702644 984653 501901 796316 453035 280857 276494 226928
7899 124367 64537 27290 966399 889471 430421 111783 543015 441570 858256 953021 939341 725454 428104 912604 794231 14025 482876 38704
839737 585883 924852 782635 658330 612510 376579 926459 568881 498162 846186 630583 144980 586959 237736 351070 497757 906501 763583 667703
942928 772824 658006 772150 450973 954739 140828 999666 725921 825912 950276 618412 927917 510077 504489 79176 192147 963074 47170 627619
247782 813061 926724 611047 204519 487348 70310 380357 908078 65878 44483 230939 434176 970412 279235 25956 748533 848758 671773 447449
631430 330545 878691 822093 391516 306145 430847 167880 431651 491252 658592 818594 422419 523948 129785 423414 345937 13660 460226 66710
937677 506653 919079 862515 255148 987750 592327 794680 737201 535728 686997 63748 496691 128842 777771 435277 796439 432742 674282 520526
385315 516279 837988 397019 431911 653738 829728 397533 56059 650115 696182 979842 814121 168810 133555 128250 341441 329052 286228 899773
639505 750540 336165 213371 189680 673854 100062 950362 514990 411211 484410 369080 550231 471760 753635 790017 141313 812304 539497 736085
668458 941766 977891 81559 832681 496425 856712 413420 140298 218622 430330 249699 186699 258697 273382 100597 530874 540236 247945 634615
443374 213946 425874 299231 659276 851568 122398 141788 774345 790853 946513 1334 833543 941790 741416 554957 871250 769609 650155 724929
955234 830196 151521 591992 301144 102961 283146 378888 98621 789847 530643 884568 712494 851075 152101 597128 82624 909238 266401 384879
717218 505815 809702 110780 673479 317397 835862 69564 98846 53837 652604 848205 476486 692047 198997 201020 202533 349781 621075 838763
527633 216720 923187 631612 457418 118092 976838 111307 920449 69183 633563 854260 675220 156427 793688 515840 997353 477934 406610 524991
921156 355017 7239 657067 520696 749051 740896 284720 84326 36832 696930 232645 805305 910946 326849 783535 995607 350682 20853 789202
842953 532331 424324 284480 54635 647625 485760 205891 67679 51753 41951 674833 547743 597751 416628 430289 617174 395700 693302 691879
245698 737775 540081 783246 690512 560788 493751 207855 443772 399401 51024 993258 243752 614343 571345 831070 697985 250884 512377 975843
601541 92099 744313 503346 666832 981116 792481 31246 476720 933990 401484 812437 503170 688726 825175 94772 568297 653032 389715 479155
117648 808879 434096 513115 124254 215168 529004 936107 822441 780728 372802 589459 675470 574391 984997 238098 972420 665102 335545 137189
193280 650951 464100 602345 477354 732367 20609 377494 511082 275174 686774 376080 935851 884121 655857 241566 508078 354255 630920 737751
149987 856532 292880 751486 880927 306292 492240 34304 95372 804808 761999 747175 847538 940973 373163 348460 805731 382939 651085 915802
297238 890205 76800 971049 298282 139916 884501 860012 764350 700552 378108 318439 645463 777985 321778 860569 897249 58296 984824 868546
353494 109874 91949 96100 844662 679895 38443 446785 763560 219275 533154 545691 744481 615430 305818 976055 932366 185044 352672 112844
58560 669434 437545 99643 49996 214809 243237 848805 478232 333561 561574 46220 960949 679068 937650 893304 282287 972904 554747 501700
736867 832435 225575 51669 277219 581234 21637 809431 675418 500728 991622 918638 515525 158710 282748 683642 208440 348279 850838 126836
899612 907385 310819 427451 422305 515494 640941 804585 288603 679229 15987 426804 932915 149578 907231 648917 839127 889688 309896 733467
525286 250626 654729 945594 711256 620768 720452 593135 366522 208650 69742 977371 601406 28070 195315 325427 957120 266674 281396 969467
843861 790175 978949 500571 656793 576499 365026 151108 908570 413500 659995 641571 163003 942581 357504 645841 15008 897579 381689 476886
832434 592070 218899 571692 353281 410234 274198 285022 547384 976280 958776 88944 550962 47418 647765 747536 572930 299209 494750 604372
823393 259370 717341 614879 397632 856377 81048 58442 238661 988389 810140 954871 547501 617078 37406 793398 880045 33779 577284 735774
3753 58412 580755 525657 37566 9023 545006 503285 605652 365450 867303 400725 187165 288919 361855 672349 60704 227481 661008 383814
144771 550680 211686 134797 580680 938647 320297 690658 120277 174874 323924 526652 158710 547435 978126 187277 403030 758707 152567 917195
162930 698649 432719 672768 310515 535817 377065 95077 622556 176531 922953 248008 604598 783311 48211 15751 4315 40309 944003 718571
810752 349632 411749 583576 506559 654424 938545 917478 804051 72979 63286 326642 869529 457318 557760 147347 961784 848516 962647 724268
688024 969080 238994 894134 991343 664448 714221 421191 210603 437198 939897 597901 794088 258538 572363 914969 102133 51507 229715 20429
678212 293059 469351 345877 396508 97675 956490 377441 961424 854520 86245 747096 976684 241655 398106 464830 726303 658714 344547 963424
327062 797158 963586 395354 572844 255643 977136 853913 406971 104010 430470 781379 801902 727806 540939 93932 585524 879604 466452 64022
771749 123127 380589 445429 974301 969326 571779 767113 598508 209397 232157 531604 139968 1700 821119 628189 72732 212305 765943 598368
844330 264786 397458 689037 150466 636697 533248 776644 683781 762075 632218 739416 40651 203328 721734 924727 947351 442224 599953 491532
611941 973769 1857 290626 980117 90029 925429 658604 535351 245775 302053 635778 987442 470250 189835 214154 569103 88492 883016 473895
472650 923128 244134 495825 563534 396831 541001 214844 709182 501726 358782 944219 284149 322883 656868 184374 281055 3053 219661 762185
452926 914222 582788 962784 715920 691536 498702 340254 315985 140081 171944 466253 968664 262889 14149 405745 23602 526933 450050 779895
381143 895312 841938 172597 467980 969032 255619 139246 201209 441794 328373 223695 953603 770752 776166 173747 956230 831399 226033 894413
838792 963646 521451 56959 890763 384113 690005 557788 364560 783313 604033 578775 775116 327823 715313 645779 798525 400921 967542 809926
269904 99018 628896 946958 223991 213359 180901 417487 847113 818818 283954 169069 430919 636313 768321 180629 933904 183434 319950 126353
843013 79055 255243 906357 164303 114480 906082 318323 683050 663781 313237 291320 624953 277896 388532 107340 889550 569437 149167 50119
861326 584916 596563 487412 588360 193027 468759 803160 757722 456318 378763 63244 898319 320571 624214 461282 149813 635507 937247 677544
819959 978109 160259 79127 451052 4694 800678 242310 725684 442030 390418 636778 963644 786610 128969 18128 946378 691547 952628 463356
61815 65077 698147 68750 779191 503152 550604 21289 511896 951596 156959 252377 330013 609635 510824 494046 701355 392643 852783 359091
256254 461036 377754 301508 822021 846861 206018 330321 740486 753087 485444 445742 29180 193956 372105 243322 181765 607070 862482 666223
374140 497487 469056 729186 94554 235048 333554 842396 713941 481199 232862 406781 980278 913352 418769 229201 686335 561812 681250 601647
831907 627941 354145 912589 567487 181642 731962 687276 770516 806949 540964 421245 124295 647320 436384 10723 992698 360780 237181 251676
55644 80723 444473 162345 206231 798627 78028 143761 488587 643690 899334 877424 883634 910359 836038 793670 112489 788041 599860 350745
92762 396498 222260 216754 248628 240228 565227 391954 442825 517367 920408 721070 569476 888759 567482 738455 353313 119218 274067 543385
430283 205681 177652 492815 83644 758274 256506 6351 581449 512706 797860 936288 362414 527655 192120 597282 213575 952304 925252 314735
556218 391107 603568 98252 557978 306528 478333 492603 906987 446179 170842 893390 798252 67641 891502 564312 392155 25586 244782 199600
386000 270553 627124 837101 10119 378542 151466 359639 465104 729511 433307 235609 291159 153978 222994 253861 773860 296533 561093 473755
230644 924851 493580 376338 402042 672217 854546 358080 931261 353236 302990 118052 177677 206333 874066 419953 543799 981553 251085 607565
128358 96557 330670 731648 982287 607344 576310 419334 603923 870704 434127 653280 575077 368135 59610 944535 794285 688286 632509 277684
465695 606125 598652 46452 692191 166405 938351 486280 346553 955676 820441 531626 334059 19183 427998 463069 889308 587737 541484 346787
996239 502248 963141 322356 261712 47503 643782 35082 981211 83935 334408 88253 293633 726661 579462 848452 682448 514360 205222 324300
301697 67315 732087 3136 750456 129658 260429 840978 777957 542183 185879 700960 277667 128833 451085 130606 206701 323490 547586 543328
843005 663791 694 254373 759139 943459 410696 815305 542067 527932 370817 645346 688702 28163 687127 740163 469310 881509 300880 860976
910593 157425 152936 68166 955494 996597 401866 475987 246599 177273 288013 982627 56965 937032 128579 787676 321021 711958 588265 47452
936936 281446 714394 420731 811208 876805 564282 174506 757615 465087 470598 224242 618639 810836 981370 780165 910193 477445 480361 483903
715134 10143 261488 382258 338909 316486 249618 33711 244752 653101 866701 923703 625422 897535 878382 491681 23889 639465 701752 511147
190024 259466 708477 740851 1958 675525 165479 265606 176323 841911 675732 134808 106691 612472 606020 992668 995383 984980 317180 906757
74604 733714 755118 409144 600281 751997 759780 919923 219844 296142 860305 427765 703456 112659 397369 205810 333942 757027 699962 44420
962404 370341 756017 845518 545450 100746 886469 554759 362151 363108 195174 587802 703152 311432 664258 745625 440786 891424 908091 170918
179749 874066 512978 313642 494504 802441 207593 352182 325158 774561 283956 849591 941687 558832 144688 801228 492031 36191 829568 588903
206847 339406 610849 985249 228243 897412 297188 41413 771685 921472 614310 116386 586264 137335 420240 272257 140316 213333 217186 935704
697392 339810 769808 98670 7683 108822 772536 603652 586410 500636 559005 341733 930327 218010 463434 351747 872323 970601 722325 235400
918464 813140 355820 294815 993549 20612 607279 518965 932082 525756 28933 598873 785320 515199 90602 922625 786829 172085 384837 548598
764495 907522 856886 663259 32888 405978 256180 322772 182738 377725 581748 890787 889911 465456 616872 59863 601641 688274 589195 160240
284494 207049 220185 968527 814549 276637 582864 931240 746564 454862 717464 790411 625680 38973 994503 952244 323560 137642 16447 775294
165900 749225 760146 761414 605675 22944 396866 915855 806697 739082 23147 26568 250923 854716 148535 835055 578296 968952 499382 425495
409413 616425 729857 307116 323506 798199 678765 488069 104942 470529 856818 902580 49359 32710 51312 659085 313340 603852 950890 662553
414310 566095 992434 185993 731529 448334 900829 794073 670511 847337 21182 931272 208791 89549 728078 666257 307149 681135 531654 962079
464169 883295 319964 543870 131832 543760 689934 559367 460867 603655 417169 802605 688701 303047 930165 255633 151526 198663 771194 11395
986125 282621 857295 148334 105643 617815 541534 404508 353071 408906 515692 207177 171026 231531 445449 14263 903196 67193 42329 15023
12632 709786 702945 505922 849196 56854 772164 703446 162063 914125 123043 313654 944835 266837 685161 30784 715031 782725 199198 247916
553908 322749 46619 790511 439291 591414 716491 687081 319449 407478 814916 972500 949448 615676 256173 218064 384482 157607 222510 968779
98074 109978 999895 122376 158317 572169 765030 675722 725963 869413 705019 104493 974327 569607 201065 353081 453545 219965 958487 672702
243946 22699 587061 288403 82727 17612 746134 150978 630661 665756 764732 191318 905738 825380 9366 822407 35630 520168 78789 225714
415934 641637 376286 844272 409894 271331 75573 941883 475708 396698 338567 326664 875916 264473 474502 592037 454197 137201 497057 201212
305890 822384 436985 328109 206030 984998 727989 979288 436283 622041 571612 998165 803962 305413 244319 849754 274414 612511 651116 640806
441690 978567 784784 371388 508956 812956 272943 40656 738384 318706 599487 407162 575029 640963 38778 16097 739268 446170 64429 962133
334243 858690 482390 332734 493 46767 854569 88196 283017 173779 166834 168346 909316 762965 283831 17722 718844 571981 107518 760727
748390 502101 8116 875242 83816 767420 871749 399969 526996 721313 877026 350218 247206 362981 464431 811071 313356 950384 869094 779191
375255 70141 666288 170321 395028 324634 297190 797436 351063 797297 330381 300872 509721 860668 835056 275178 461290 938438 844070 511020
166954 582530 857032 906562 623085 760749 391061 693521 216870 21174 641457 368247 928247 998793 277503 443888 692369 731725 818251 144445
833361 505963 133473 876001 366655 396928 179097 28820 760890 87311 493164 407839 657536 703040 712011 297225 462169 632620 559013 336886
310943 142892 818524 320861 865721 309620 415596 468615 888732 989105 310403 377305 940224 278411 369839 220074 911156 894477 610773 985023
969503 113324 602875 413348 100466 824806 558970 760473 401216 305574 886368 994907 537251 844116 932881 125991 723196 640387 349923 837420
376301 718291 578699 785452 240367 35015 331244 982507 191213 513194 979385 622919 571312 192725 87283 205398 197570 995360 72379 829216
227809 818216 773176 459811 869845 340900 800918 728895 271010 891819 141956 382882 50444 134162 885627 38395 404012 917991 83913 547442
916113 946655 929559 890906 872599 318646 699931 470385 971462 975830 216469 487630 154328 568580 871099 80969 495153 378273 547798 205442
890619 86624 720602 845376 55227 863262 654150 716998 338212 421319 326721 899894 614216 436457 529742 156108 406869 25213 805980 69418
949314 879757 66576 404214 344110 246258 262584 351094 351671 425451 773510 363864 277137 107065 883511 573220 717581 4019 740421 91099
594241 731812 672746 906248 348386 9332 905696 546224 337949 169625 799276 207916 390638 79280 592791 169513 355641 339060 383356 309996
170019 889740 303792 356918 993508 816876 402168 652475 938610 536925 844708 203049 583674 988259 884348 220286 194254 746705 343567 929410
642259 475676 38422 777955 103202 429328 505873 670518 936415 841283 823124 506183 565709 70561 871381 226155 607272 692551 9022 5966
690619 42033 59234 960369 39759 575100 335978 284963 286629 554278 708892 902865 201261 311985 26563 14619 821654 995717 356555 672099
400645 978811 469582 49358 593057 890143 71677 73595 271441 108118 757214 651500 530314 722148 475735 982862 762314 259702 495453 260746
790027 955746 953288 964413 555435 568056 902723 205425 999198 115223 496313 221224 835469 432049 563849 400884 9864 502200 349112 884737
738851 1242 668605 349060 868069 216984 828467 216057 422865 34217 675751 33669 963428 55038 739584 613136 798763 124 691149 31990
799658 593634 227665 545862 100778 720318 248715 288501 963695 377853 980115 485412 652825 218372 35098 848474 300527 271218 789467 71417
567730 989064 156575 296490 265702 762972 325108 793035 182004 348154 546516 10236 702477 651123 576372 523767 624389 19799 283307 261630
770498 740223 913209 360776 567456 139587 999769 669467 975118 600002 559072 84559 265455 202262 707865 307596 198300 3600 834411 762663
856120 677692 699793 264729 507736 589666 721736 875136 880440 18518 829708 756332 436613 210257 897011 607475 602113 806826 399201 647622
669733 679859 43136 235905 765492 153186 149308 4724 22678 135931 842235 909588 287335 447625 930006 38169 144698 205276 881714 379843
581328 320092 960762 335450 74443 605688 417046 567919 858400 798933 114847 896529 411189 88345 839041 918995 428764 443641 113160 266131
396999 281725 182291 576233 819611 822382 21309 176495 318196 277488 684700 535944 140337 993302 122153 480025 619539 84864 221004 877913
156515 184784 515588 165982 538475 789080 122788 146809 7887 261614 870773 974650 366541 929974 958980 639360 894243 822138 575200 228019
864832 484335 781437 958919 797003 41676 921305 25147 599741 467246 325315 612931 285129 668723 190230 992464 121715 25310 767422 252016
512025 311124 811023 890250 304562 625430 348317 454358 276883 666748 390725 102984 846172 102949 568809 252385 966578 306704 407537 878370
367145 232428 165202 625001 710501 229291 438601 859521 927477 292067 337853 549070 954833 998963 391466 507351 317563 397894 507259 114526
112050 792646 988723 408253 988361 105818 994470 66094 985413 937122 373742 836904 645303 885074 59793 126207 28711 805634 358505 953130
761417 823389 165698 302649 295377 84336 762347 899883 71438 319479 808967 421230 142616 933670 582531 429501 91669 748037 911218 958705
547557 168562 717497 899859 245951 318795 790110 151296 951677 247383 296281 848990 411377 403218 167255 863111 654415 325596 100889 277588
703417 863907 400361 711890 760927 242322 394334 580 753388 411021 89992 519784 303151 78483 594064 278269 10154 640804 170858 541106
398385 487755 247209 320936 158229 982603 245023 675477 413494 224208 999400 523387 500193 586496 232477 323631 351526 246248 477618 594708
732723 529719 546399 618810 664443 48463 553742 436889 24266 178243 128779 701401 6703 8307 393686 535974 336203 867615 155784 305097
534796 927568 417212 529820 26266 835788 220601 995518 768883 207902 674983 581548 212757 270015 820433 466169 608152 849744 75659 8371
549903 685461 330495 586675 660859 984387 848379 897468 484670 784811 586049 203052 949100 33533 826901 943790 292178 724502 873791 792513
118348 144869 292963 966963 398721 382902 524686 819138 732164 927417 630565 250614 322351 337560 30998 201967 923293 665886 755220 693652
429058 466178 55362 69543 436039 455588 176811 282043 648083 286349 700417 501707 126004 646952 227902 812119 553401 116411 193990 766119
114177 226672 507079 188834 913442 183479 473290 258985 465622 112506 470662 802417 759255 442680 61812 106403 713252 167491 801449 70143
411413 747605 402745 40028 957511 621563 596415 72956 107144 981673 303041 629773 151711 273123 703904 164278 975886 384177 193784 445162
200066 281795 716929 475542 979163 326209 400305 253876 41335 270458 848651 821840 804184 312853 160054 784556 700872 509018 900338 449640
427543 205258 597635 821131 874407 442768 23932 971479 896518 577899 520543 329901 128101 739323 778301 216830 138241 864054 372152 3314
384161 694568 779005 203538 48358 533700 272100 595965 513439 488171 976151 403027 972451 334820 617898 115119 832755 681993 765357 517573
384408 297126 315387 403220 938044 264421 356394 270865 574229 966896 129534 238222 965150 450411 307959 863237 348678 814742 570756 356349
895132 917537 113822 208440 442611 338788 804480 622171 176516 488856 173238 266620 116374 900837 178278 712286 235439 674756 672980 992579
68102 434415 49344 37472 402498 900666 748364 552316 894232 36194 518754 994681 552671 862658 706322 866686 9638 21091 44516 899563
546007 377602 400790 223180 105465 811437 505969 242084 372568 840551 542803 714947 586627 895881 293672 658639 718072 676850 133696 960476
207388 717154 52172 774577 950463 465454 922747 910261 345167 357643 519156 746302 794253 852286 275514 115319 382923 979525 298720 504260
339292 890698 770762 486161 665987 301423 721838 44972 718144 469585 314254 531415 895211 177766 442651 737751 737189 688563 457223 466700
737681 705977 41336 705211 311050 627378 341160 600097 700322 757594 21375 301480 183224 998017 787050 893634 193262 5694 765187 654870
343457 663837 239332 338824 938485 866999 135537 984845 448813 19472 19313 891771 810313 655921 311892 553845 45311 788533 766300 926749
391524 384059 70235 170236 641057 845146 859226 664395 408774 578175 19635 297184 75197 612193 657271 812523 209481 127942 631276 177295
434297 256604 610466 49413 454783 944859 681344 189761 709569 5166 809706 97460 627268 851124 46572 976458 928609 485795 914156 378439
684960 129217 92529 694056 474439 660087 58517 610755 489391 385410 726969 869372 872417 251656 759517 134415 362831 507265 214150 596271
502190 826174 111651 34587 134047 476394 665318 13074 740656 556356 217888 567957 664270 122381 310608 809215 113007 516393 976528 159897
891348 219084 491819 484666 94822 614522 670328 725505 71926 269835 787759 459873 333459 399172 597772 910767 819440 163809 432278 484614
97945 890202 41972 550053 34483 572631 145234 348057 999823 769211 550001 944570 34801 886694 688545 616910 408279 85721 630945 710327
276458 900466 367886 114749 778646 460913 663908 214987 464716 139509 686888 987949 5211 328967 438665 99648 815265 258203 429660 343667
111241 681909 846893 401975 892542 568374 390422 696348 773717 288223 655361 837889 773238 336513 291463 639039 628491 735946 442182 222098
385762 677944 34759 107031 218936 88820 696641 215642 582713 129200 250063 347131 659899 822604 985440 273888 521823 105478 20018 139963
832889 655368 239986 461100 785421 302350 938688 702143 813759 991381 738353 398772 273992 437649 318570 41981 970442 219076 528694 271222
208978 320864 920884 863396 236114 604723 996488 832972 773192 264422 611062 855197 524902 87008 136816 319057 716057 259955 885323 508442
472490 548622 858509 592356 875229 716118 215346 337048 579234 321307 238886 427257 538687 374226 870285 203011 714863 280429 340741 779884
580563 543559 754816 405885 323108 815996 200442 172589 300221 196118 546360 844040 412842 296781 487485 789517 62849 758274 929347 988171
405917 577010 72113 502609 210087 303196 131437 376769 648161 290642 549689 236523 909506 759723 59634 107708 685596 950252 404923 7848
430275 224501 852477 818205 815190 118553 884368 704724 712826 358697 316448 389751 271937 665942 954523 880832 498063 419803 235412 929411
670763 72496 825119 698135 415849 875953 863568 591403 789545 189340 837838 82885 770991 984774 697618 948063 479490 894233 697843 203112
566332 968460 429930 95618 610665 567979 994585 666864 630678 364012 5444 640696 733100 553361 466773 454688 769539 522039 486616 234726
379619 793737 584327 985265 638799 320622 994182 984693 512539 239904 676305 20668 83463 746720 446108 600786 556020 86950 210525 685723
17472 438023 125610 732156 211470 63983 420621 340449 575369 556203 542690 629344 922313 238827 332069 491672 765110 543678 244568 572947
743148 323210 412748 297247 21212 253621 897435 557646 17457 958860 959704 675877 613805 135304 196160 731476 931656 899758 250010 16775
75080 520666 60470 726358 101709 654767 245754 517102 82969 649172 188224 991422 958993 13121 211003 642135 479391 805442 509621 109982
601040 978318 362396 89246 388413 394911 962786 935720 766882 700646 941703 813815 555292 172149 681482 145984 366419 279299 287751 109682
397351 110889 817578 979086 373008 445397 18064 108428 118976 830426 48843 532115 291509 514409 653034 26162 51423 55667 505713 865914
939280 105484 711935 926337 225938 563325 155691 844945 925945 112297 191143 310262 781921 389795 711499 158413 908283 821733 918767 289550
350270 773676 469677 345048 32870 455706 434975 985576 142009 39662 162084 499434 134151 885458 192598 3249 243152 559800 539171 270084
132889 752483 243691 837162 146563 535463 286249 890419 542168 152068 773700 264818 585293 411823 738267 152379 440958 281909 334793 491799
805794 739709 563581 796417 629160 681566 243873 237049 88538 346983 508103 981637 384112 562657 549954 394736 331597 873253 712817 208740
776898 805210 797148 927861 706342 669797 998835 464190 268758 612043 513388 293879 670970 668224 195172 207531 584444 529017 93035 164650
249093 985130 490033 225515 965525 753481 522448 227771 462300 230096 400868 346476 413743 851188 679210 391929 52509 259003 488279 771505
898527 100377 776674 995206 858217 169644 116756 916936 814413 104685 462666 748639 386772 400338 122111 770207 628860 421373 85458 963765
658208 474547 100311 934578 733242 300981 881213 759167 569663 244812 426645 564946 677102 865278 951949 489272 530184 208973 756232 568535
4970 603684 116793 488017 776920 627442 337169 670893 236661 34363 261523 840233 716315 367452 628639 114702 40164 167908 793594 37446
560191 158271 496681 340698 839103 842441 909739 781287 108744 962821 913095 104124 581595 776586 785198 729521 756465 639259 609297 237686
497178 708396 389502 751562 844532 488575 487406 365526 124526 760310 354318 432055 584911 595948 387305 940991 560711 710912 385602 663650
569913 998146 251306 368216 187953 459750 504956 771885 26385 814235 335103 498335 699057 74142 843744 948623 810451 419428 702685 394509
313780 767220 55481 242858 397325 856119 833950 680362 970938 36354 775787 752906 847801 492348 761447 600609 214201 735040 674791 266929
314393 873343 26135 254228 14302 212921 511472 73753 465273 502308 769374 494535 633740 755018 478633 585935 665887 858561 145884 385159
28785 376311 545095 317566 194364 583116 338232 387884 253222 851971 303802 732988 572671 488762 786948 526659 916471 581466 958692 890615
262802 886275 968895 882283 303706 847037 211762 352173 599578 253438 775191 192210 210326 48852 388857 974039 358114 111695 101282 373195
732061 496953 98795 766698 504895 132426 999164 278233 736719 308169 37729 858759 551774 849591 902146 43489 370212 168434 832865 518210
446738 478087 686756 997600 656851 314222 971859 780052 834601 813419 368970 201826 683840 525917 315379 471631 379545 566485 540667 947142
121207 521738 86931 633889 947942 286575 670881 852036 799946 813837 594667 356642 965898 449201 749537 66071 882763 800222 178348 839259
931555 127380 507424 303755 732346 608072 60026 909978 818092 367514 153293 994875 304363 70350 762631 365951 208245 575381 708007 476768
52324 386746 389429 171379 393927 733424 280668 728809 692737 709065 635711 644864 994555 828330 4788 23832 427663 702890 820341 777726
832718 799059 666640 968316 482697 276343 642652 466829 455621 907343 368473 741693 207387 49054 805221 119995 547118 495475 199309 479818
604913 56789 847581 728516 815079 330669 571583 450720 549879 218731 89242 708844 592879 748917 49823 279313 963339 589637 4812 348751
195600 461121 495147 834055 827796 952943 141500 144531 620434 884620 178486 944538 98587 994665 662860 205810 350051 667233 960981 920176
199385 300290 130725 457129 8856 430033 850779 256224 92955 931938 806221 59955 132791 89359 320592 656292 495516 690820 725375 248809
334381 548339 287472 462335 530608 296027 951189 128038 642655 269766 520828 278845 676747 249148 130587 88873 541248 68704 301267 743873
248878 454388 889659 896718 260837 284381 368742 782305 3678 204398 301942 113611 71029 222190 390073 137077 545983 647435 393911 867712
393112 434642 323612 441053 82630 779354 291409 831341 17133 663348 192931 464084 696650 632263 955835 753385 129529 994683 903188 367551
790012 62606 21724 785075 315043 957955 219572 787786 763411 3627 902105 870925 597870 208026 943576 628472 756688 234981 442591 937142
779412 272695 841316 159714 912050 246068 99273 753527 34211 806074 277803 347847 423626 801208 300757 100424 236009 634257 750343 981813
970239 744949 380598 42487 779381 896150 978204 509976 263995 517202 113879 978605 129163 32476 839498 198880 951693 484231 331873 904937
358076 690662 259834 576835 515542 747762 68794 831150 925155 144351 242567 568881 77586 561816 803392 141635 835978 295410 135171 885025
850251 123177 284428 447139 61750 316695 390412 366761 183130 236646 593052 312595 204707 149146 25487 923756 918325 445895 541817 840091
10898 679386 870087 391390 912613 711673 690371 698532 5063 140271 696989 729370 212610 559277 131595 985374 456308 493094 393346 532818
797067 467179 812709 803824 235166 303454 736329 958530 919741 587123 783159 175228 482265 266785 93628 409629 604434 659144 918533 497066
666996 882386 862231 180597 362689 149130 756580 284635 338075 456959 457698 612276 659344 163970 16051 854280 587699 364121 32571 262701
547818 573301 646725 536897 512078 15310 665664 813934 948722 167453 232974 397846 156707 927787 170177 76256 526705 639694 810764 229643
93377 547445 841364 988835 585986 29954 820399 908864 967288 870532 205568 549695 621900 708823 582356 252578 900799 11091 951100 170965
497651 940112 153800 683060 831980 885947 922378 229469 369785 574253 321002 224388 289340 349859 534585 271157 195236 125746 164307 759611
441678 150328 865663 734932 502806 375753 469528 514937 871613 894768 545873 232294 152253 642450 696896 657318 875971 234036 542617 370627
664507 329427 296584 362560 561042 848810 517075 124786 33327 757415 626272 477086 944536 113171 845136 577028 210126 383491 189389 216979
193561 79950 910480 14667 941842 147169 195196 916001 316320 629247 615006 58825 409249 198212 373635 734231 123624 220866 400062 599829
496827 980065 30430 635458 946389 437385 359868 475516 590157 273756 956929 967245 691558 135609 923676 647666 977042 148010 390310 873256
761149 567505 336392 985289 345543 134387 480516 72706 952879 574370 127060 859971 934662 554534 223099 882613 880766 896894 684545 254458
231340 4834 339084 914056 472670 47870 818303 889713 697191 145680 514466 591353 549497 236284 461349 914762 839930 80599 820370 584900
689517 700218 398017 557691 367441 321306 908609 947605 690746 33040 704930 412354 58588 947941 111136 109386 554179 483150 810002 708269
389726 93780 806570 97353 285306 126964 791276 90565 686377 742392 979725 427287 172890 488485 239212 295317 447294 645544 548624 38418
692375 398124 609446 256233 53030 355046 302056 841708 622605 449632 777112 720340 94475 937913 45545 5806 976474 650189 689964 444162
954529 194575 614648 263325 294497 482663 295756 729764 657809 386219 179284 165719 103752 936970 745057 263371 854608 151215 13808 682437
250856 73096 831220 640789 566875 70983 112423 80409 404901 764157 465533 937951 385841 288299 377519 238322 666186 355840 336983 424214
416509 113321 693287 439122 100178 477821 222505 183678 555890 297376 831500 578219 18132 322799 636785 494892 212675 307142 141791 928372
132393 726344 661237 29882 372285 509841 972196 23590 844544 827955 193198 985582 161160 929002 97919 334785 40840 836309 667696 152366
616565 126694 370261 358336 352331 296162 254326 706563 357230 147473 983737 439866 283472 835259 521590 84670 484301 328133 731148 632383
559671 146043 766321 681204 860254 122640 533453 510558 817580 569555 1189 577863 445459 241911 319540 746392 926095 577020 764091 919831
520741 551852 560710 809553 546095 779686 923245 654948 574569 448158 928301 950170 544075 468224 719336 285567 576379 685083 115429 652883
526454 182893 879483 516050 629126 761628 27839 295025 759160 678510 165368 409511 81858 546380 101773 752785 912900 289029 14763 857517
780932 239163 903925 838901 975803 60620 929902 291094 782759 503470 489655 281725 651048 648497 541064 247812 431253 363390 447359 884961
321925 853766 466422 996463 495667 245683 349071 656020 924305 379815 624722 611258 972054 736796 450139 78162 347445 618184 542216 274774
255601 696605 713385 710347 972806 959614 404915 123476 355416 601944 892955 719550 157936 43906 58868 764908 31131 96702 333769 40120
360221 86510 837412 68347 955020 196138 196407 984085 763306 573621 420081 807855 684350 786201 115100 704716 993329 782017 575157 425147
796577 189018 838260 674293 548799 221654 285007 670321 233620 108224 538427 227530 350537 519563 378770 792639 142101 477323 34248 954358
756559 415165 355684 638909 493033 278391 826015 45658 457620 952986 448716 19570 118471 505683 468713 819637 819493 667201 327581 418545
813910 715299 287191 15861 766789 327645 154036 691854 880144 452330 16284 258690 333683 258108 126440 280234 602935 570889 5691 786457
552512 428330 910020 733219 126478 851167 225372 536603 301473 132301 406705 389411 160628 591304 321110 221434 24864 336904 241185 275718
640816 385482 223431 384692 540817 506700 865685 390457 958514 705312 884861 471706 964088 15641 44329 476887 162365 475962 214592 512540
149429 124689 998352 97404 740823 520652 599888 885309 171663 995450 956503 833322 884274 36473 392835 264211 905745 289616 111533 202200
830384 963017 618019 153813 396276 909482 631631 445038 840887 284437 37960 566978 895794 38215 76298 304820 120406 504557 223554 875616
715876 348803 428318 595625 440307 227260 429632 63741 37560 348429 27156 852030 955659 967908 317243 268549 69697 701514 434635 415955
243326 767601 846279 243016 578685 315183 951572 324442 462635 639884 573344 18701 579646 879118 802238 796410 210437 605751 519722 386598
522586 980441 752784 784020 459915 803987 234628 11346 954123 751368 139949 627666 148720 910535 735442 568776 774046 209846 901671 973237
544175 896669 194216 929450 936177 60275 434698 471296 13095 956087 708698 714860 832528 796654 69083 536901 999907 186799 62723 102077
899754 436503 548506 753643 720377 85823 403683 664124 751942 936864 76079 592539 165111 117673 593165 103457 534193 616469 760089 947386
244242 692917 287578 743646 414513 528 506761 801544 73551 332835 507132 515449 77456 701758 983469 235085 698005 437828 272238 619024
781071 423216 105575 167814 536969 892899 902883 693265 675716 552027 957566 293451 859683 67862 801140 683529 958287 814929 254127 755541
667182 708826 307514 113217 560520 358380 256740 554491 483645 739523 718902 580409 954890 920148 455984 917444 482653 930982 51586 313410
438321 805166 697666 276278 46006 486042 426592 162832 468421 808470 686010 74150 58627 821524 559025 763698 881927 3157 211358 357018
522707 872240 183806 409161 768843 910389 630386 324421 941042 919845 741866 949559 211343 980086 22171 368755 491756 558785 301877 597942
594647 381990 756383 324172 460144 773012 553225 65951 438042 335209 531566 583390 809475 791897 239679 840465 235250 932471 389064 124722
774244 942998 182832 697419 850354 918713 843420 938280 278769 561718 243145 191802 346414 591747 500325 395067 456055 279021 735354 257754
938045 729714 201910 264489 724503 785492 566200 590653 377450 562158 427652 36134 197521 934399 317473 563011 917910 358089 259877 120347
411519 541009 802339 477247 867399 464831 61351 54511 735076 876801 302760 656876 420333 295090 731338 383281 515685 103142 675626 509122
723191 850970 702542 25530 619141 97415 892585 991409 990151 673417 342519 792128 752316 127610 607682 571463 136041 75362 375456 194252
906551 981486 913109 343207 571864 374273 649103 868993 986525 754265 194037 908713 926880 801430 175763 427869 188129 36712 466227 964435
38912 602411 94118 851667 445984 102468 43434 838090 687318 561493 43630 366097 899112 488208 856471 293936 235443 669616 917173 16117
429840 638300 711980 212594 202281 848655 238275 263957 738936 314149 237100 121711 894441 60422 593114 553626 259260 917691 274540 709449
608704 7312 342421 985655 6366 949593 957495 552143 108786 497192 785922 226257 344558 40137 328704 314104 416610 378690 251190 115153
962786 123150 513609 2969 11515 487156 1935 878881 138364 831174 295610 250030 131896 206959 402351 657265 735808 157808 782848 298846
67876 8477 205882 672466 547397 912578 851408 84037 212426 441313 235225 111097 958818 689591 640968 574658 877121 425308 964067 395844
156854 672120 437606 60056 813797 658979 984804 831041 344612 682156 166172 152257 662766 957102 62907 928452 903018 246028 872126 231083
101457 315287 11429 330342 664118 376482 581158 331623 853308 35061 38466 764187 561933 691553 928522 318987 42416 24414 790501 443486
234611 810621 501263 90584 886351 197381 243903 868588 86805 622740 179867 101049 317097 247483 148207 416321 231224 501965 1193 861408
61444 953099 454252 470778 9161 90142 593347 687002 982880 296164 102045 316812 617089 638572 996502 888715 199551 976496 749904 472573
511736 526416 146465 332257 674515 534804 443419 920928 965567 554688 927724 394259 289546 177316 691201 748365 839818 577581 344526 804411
669088 803679 380525 175847 101986 751464 848880 5685 687687 841357 71453 215677 258490 433107 617508 447650 956160 631483 551940 989978
355489 810346 735919 680147 304451 731809 778313 860655 179276 626758 657804 176184 163079 634481 741176 418655 749811 568521 703476 491430
714758 900283 519664 673706 583390 82875 634587 60730 324468 500647 423098 504107 174800 707304 463707 561539 853449 610875 287752 482106
799360 687707 696729 50016 467745 691645 665386 544248 351985 59409 887710 67651 934649 854986 260488 532821 126205 3840 197197 320462
975201 649204 705129 461748 990069 677213 350350 261920 607154 494756 77618 241335 193854 17876 649810 298861 729844 137106 25053 418343
3635 915714 382345 791455 609737 461709 411240 118994 101102 398014 598408 862287 64092 948102 165376 915410 190145 766067 127552 380491
853582 381487 221015 835398 944278 69913 497217 793131 392589 603994 605649 698217 952521 824581 572537 495435 447254 90657 997053 347682
599631 539920 65187 392067 825527 721490 506197 456814 922487 470439 985211 673073 274473 65553 656034 468452 327521 314853 143602 511382
524452 43049 883051 936817 38323 950119 63636 804653 146922 239310 328784 479063 337609 647384 407195 223452 62151 725431 48925 823562
165300 740167 965220 424299 112304 563797 406514 234785 622475 216407 483364 559756 896503 329962 69958 562660 168227 915889 731701 325535
527374 112100 245054 800766 132382 7521 543108 53408 626818 555394 212763 319069 959429 659491 768877 404668 846810 225988 259723 89251
622319 255557 184454 85153 50854 71232 617518 439379 746549 938812 599883 611471 961713 171753 865564 779237 810869 576317 84430 355654
315294 148394 266662 756418 976793 538172 542184 885644 900003 64681 868040 398509 140746 750161 23232 572928 350827 603131 528741 615986
696128 570224 796008 169014 692002 492502 900844 193937 959240 595260 863226 341298 776670 668510 270035 549835 391150 365500 257516 833717
314399 369497 385065 505916 916769 28777 294261 365743 273548 177676 79514 250438 668100 206726 247753 793141 669968 504785 25459 724930
518854 531685 112779 43817 514693 651463 173549 681313 337550 504520 214661 525540 661944 727434 202743 99910 275995 329935 196991 291146
555997 690209 307334 487 681839 153901 119322 218995 736758 559171 371507 255782 215322 358524 168446 840194 373059 773970 541658 516544
676245 685488 131149 941939 836397 606483 124940 822593 471855 281249 60893 968402 355821 602903 733336 604653 745190 986329 886582 158343
591752 766923 880935 851993 523233 330281 298088 550581 854995 469132 921748 402344 367719 725334 967126 46536 479582 526944 14847 592425
983599 763607 492203 311810 442437 819306 172892 443893 352133 459297 923602 348105 217586 365466 939258 907718 39767 622257 37408 417377
380267 636657 6447 11126 819911 866386 219252 525370 485188 669202 359150 868004 582828 8629 106861 229616 716161 242564 92988 678477
759988 875688 608721 332652 281917 771160 864087 468481 39964 304983 218098 322312 549742 469754 791973 258212 74297 674532 612392 764525
555930 688794 202521 816364 933268 281739 104893 569338 56187 630143 404118 93569 751177 283764 264440 941425 202784 699662 396310 303966
676684 561795 921095 450841 457624 940033 359745 393423 147486 910235 456175 408114 943986 413524 744757 173409 581230 417549 306063 542491
623851 694919 870287 393592 437092 577619 296156 861051 100599 854689 862940 793878 916566 948593 503373 242660 250822 417974 386616 831499
257249 520977 652997 291430 92941 432611 726865 198732 695934 126434 148429 621605 846448 529609 752278 898484 361174 450027 408656 587777
32592 227617 149250 219618 219418 48624 997793 831934 861438 254604 330541 677235 445110 737482 611736 377963 474606 976797 429219 42023
819285 447456 683772 279657 123195 402749 97129 442518 599539 416488 450597 122394 333475 231777 163050 390507 68772 570749 111361 986460
813931 311925 109880 207155 110279 25122 340866 811245 985127 945520 235030 176544 751811 631226 334950 899426 569096 431719 234690 98546
158210 648649 911250 193494 470708 154441 383265 85475 419940 767540 302378 70984 345577 398554 373840 476333 996736 190575 288299 296648
303171 615794 184365 509357 400118 827688 105395 497165 419677 951648 212115 829517 81728 45709 825681 689568 805241 373355 692871 396912
689263 255879 846770 24414 394149 728877 265674 636800 876516 12357 172502 144207 42810 883518 605079 121114 843725 871393 412451 360100
48947 962110 665944 723056 542257 719886 889392 643682 220906 844885 719910 734709 218525 548570 735809 222339 926845 517921 742817 167774
458796 702361 487331 386618 714357 559995 953355 859098 114121 949920 285342 159996 873720 699356 638501 751451 377928 62971 340368 173024
669199 300676 270348 565465 945212 608507 186800 23172 37126 956834 113934 837411 55408 419859 430918 630965 341126 911593 870578 409211
654450 149882 286794 101898 476061 464613 14838 449497 142842 872744 584036 712020 879936 608973 231934 487902 604715 136506 203919 177239
57687 654306 761514 938935 250752 487062 967949 916141 204517 478258 162350 104100 452107 399045 26303 812002 288671 452377 171615 945430
288336 862916 300099 737981 50694 214907 95566 376027 341555 786378 669478 322601 28099 123044 792864 598853 939646 563175 349016 298853
770985 730670 644013 500011 414694 962873 373392 17984 599088 125191 495153 17973 988344 497699 95743 912119 93498 492523 211434 917063
928538 929455 850889 566972 871179 758371 727614 433982 403635 728362 475991 183048 729463 696943 294236 182835 450894 185079 954555 67208
92317 924862 64084 125216 961952 99929 474297 536314 436389 720360 83740 83458 722449 690614 507646 741170 496925 736581 422346 133807
705965 530304 35269 780359 421805 21395 880590 679550 670520 264365 297130 223877 354275 220981 152625 810164 910351 9918 689173 366518
512927 913298 834127 620032 414949 750107 150227 49183 342108 941153 519515 657611 840132 159268 756915 157866 893916 514982 964588 778298
327051 250194 874119 636732 431640 502035 445989 150573 892192 829014 733110 220689 745439 767738 116930 138103 629862 986293 102044 816651
281089 276153 353239 647271 794598 671693 388520 254858 358575 876458 853886 742954 699287 116556 451482 790760 689108 964636 906199 660280
956592 319850 230500 742161 825538 379511 955383 344236 404227 49606 71791 574845 676172 260049 898281 457544 603030 51305 443718 516202
18863 588756 295135 54107 283014 978957 860464 326994 18862 967194 247299 380034 141044 923955 729332 383633 643789 751882 84236 887528
550932 452366 612587 676167 383375 809200 118035 4111 928736 444726 679574 451497 357803 618300 89619 526782 66827 707177 153326 402037
229189 180398 414089 861260 713828 179338 791833 902465 383043 520939 606591 454110 121267 50801 883234 153963 736749 313224 976261 178761
180762 983799 760755 397355 958219 542371 354181 826264 923427 334700 619928 222392 841731 214449 868720 447565 779405 352509 283695 781146
908356 657594 421182 198931 112191 733318 501038 740417 521778 941885 41533 169269 782506 195880 39765 615279 22013 144618 338209 143781
524215 637088 926251 994960 689283 821915 739548 986760 36035 830043 432710 484906 208738 517802 909494 29469 231677 208526 960623 171665
215695 542935 175856 876601 894020 188075 371549 523644 647540 374984 293908 149384 404997 344811 320581 775138 377608 950192 76629 868949
571759 71493 230928 19788 833335 82892 803865 730867 104734 694346 587003 966947 974206 143152 212467 84610 456677 796624 503496 71519
119440 513324 165110 592156 198204 851498 882972 502301 857869 472850 193353 840234 432355 867355 794938 732 351668 72006 433755 868542
329718 101397 242003 636066 407589 422357 763560 910078 548842 350593 894553 568266 531326 670887 73973 247760 362363 639442 976804 518910
456185 336196 232422 145378 35983 279703 729348 703635 266174 88317 524062 976876 641498 745298 445733 687619 501121 982766 284134 74973
454114 759807 505969 163335 766416 667346 337350 468607 874777 857174 53324 64446 658694 280369 712054 520659 593884 696549 238233 916374
669382 43427 181899 845075 51415 924308 111914 640567 953431 92023 688503 70246 178193 893973 713542 125797 210735 897726 251315 927358
825950 484522 980476 350743 599 449749 279857 865843 412447 561375 345929 161993 228956 681402 584285 536146 746106 286935 979029 497711
412811 728007 252133 616885 979510 792077 354084 577068 831281 509804 79692 196960 473901 254533 656196 263120 770155 110453 749493 152323
122006 460736 490237 423724 796798 608442 119306 153450 44438 30082 37 653634 137932 171041 417829 265516 688749 516437 591281 381092
63913 283208 665011 512761 850933 673066 399106 326538 707741 522588 939444 810195 928854 796020 268003 613066 616450 557930 668618 722196
877071 980189 543344 503601 889747 420843 163494 919698 370639 702263 816295 855950 215573 612710 597725 7465 577469 437925 865178 20791
774203 729956 760933 444606 849338 238827 459847 378247 708214 27157 11814 278097 388350 40985 551921 845873 236204 788576 894530 484357
472534 694332 940576 36663 752804 64423 603414 492919 672949 255593 447937 608040 320113 582477 934969 530362 805572 206931 526901 864616
356293 295010 566379 879035 166445 550998 827571 844991 997427 194405 811719 605928 414645 987863 512799 526727 867970 369116 542857 731325
788231 935814 691533 679191 87756 417382 330438 379583 196555 801723 391136 589399 37617 903925 736870 513772 593591 434042 179541 312055
985828 72202 776686 413800 273800 645597 733598 331596 353213 444688 233408 572444 454998 214166 6343 154151 742925 696614 620393 547193
675667 306090 658292 969048 812837 144145 586388 562116 988454 505749 307359 75575 616589 574375 816911 757214 345253 925699 46711 528978
457331 222484 406264 386869 719168 855564 536087 95038 250101 344244 848943 442001 66979 406202 935433 734612 481252 277844 970128 148947
608109 645518 558232 499061 33727 458337 266347 208139 634463 771641 103940 582861 62728 282724 334980 251808 818460 6836 240660 621363
840221 331964 61308 387597 707693 610919 399719 106045 972825 539969 539442 283989 29690 65662 103741 215279 378927 712784 432626 968365
842742 142901 647983 797586 74591 545197 541455 251372 953370 749520 890278 502055 666401 864947 684843 142390 997010 597715 828657 885379
415990 199728 941606 188390 323975 827067 135037 934856 980423 787680 199517 815094 959263 116710 874101 642696 520663 203570 313936 338983
416864 19566 520516 711630 671355 193455 952336 630859 605879 257570 266507 742653 733280 762617 75020 526120 629423 729032 266186 193130
523861 318690 765602 788973 704237 952650 191344 894810 451804 528587 474856 658847 333087 139218 897863 605872 612849 841313 478940 395404
874386 212493 132069 207284 228853 985462 180897 100609 534819 537002 647641 863370 820970 534473 28936 598377 773174 342382 959341 513005
409330 207538 405677 883505 760919 452628 431061 152551 482412 241022 440969 856630 741525 759923 160136 901358 352767 240174 226023 436995
461620 711587 484855 376273 962124 6830 568571 227992 497828 318083 44717 891677 836612 16825 520249 399947 616401 810478 955901 575512
186050 809416 341243 226957 301124 37782 40200 984998 412861 201690 837166 143043 597043 891287 821649 424460 917185 645091 529945 80432
727138 323959 738865 987151 252010 740182 680159 562304 948742 988595 665561 885779 612098 839818 893795 368138 889957 485348 481317 810553
655541 283210 360729 709476 164979 392402 359505 306103 616313 613445 408785 853234 323682 976460 128014 746932 313604 345448 946557 201578
987064 651058 75642 86959 444192 765233 32295 921687 843793 754766 547214 318673 794023 784669 123517 566115 818670 530302 804425 806273
751896 641211 551524 597668 612265 152186 874177 9880 493409 377644 389564 228664 568663 935455 584051 679607 335571 564202 526972 942213
450575 894613 58309 973201 599723 327287 703482 719232 362199 981949 202838 330708 3962 911098 444749 872491 462221 618769 93073 366877
564348 377524 698970 922825 428310 678697 803759 704119 130526 380330 714194 707399 123333 598737 297988 71419 755388 133818 403952 183304
733355 375410 193283 844996 347421 445620 785007 478675 71625 552956 175445 351384 26090 46050 218257 292856 223487 454416 290078 495167
81312 463738 549131 3687 669326 242811 341338 767275 495201 783909 756078 894231 292395 467477 591360 127389 657577 558228 676880 669069
244614 940704 811762 459871 980706 488625 700235 541488 348881 883613 645384 732180 929727 141769 887335 836246 77190 141788 61943 716130
551036 674094 143486 610606 814931 465055 825080 890187 532972 635747 285274 329706 230298 748980 970713 116135 417832 527235 719012 898462
389356 558063 851487 716423 108402 104713 489078 826772 672199 604901 608433 706591 27485 652773 96528 627967 262168 320817 338570 25441
730889 451373 226556 733910 921406 210446 566566 801800 238577 918777 134072 692530 237958 153599 974109 949609 227259 620917 471023 249052
156967 66596 993042 287857 416023 94396 659481 827069 42310 792424 465690 998805 496107 829052 991725 233350 24349 129121 419584 390341
113695 330764 428261 133876 267502 965217 783495 905522 636579 308651 614833 62163 229237 268844 552156 561725 784126 502679 851992 42879
698400 36136 288185 614851 512573 250059 347659 672191 40482 778546 854818 969792 178182 359190 403781 892401 268943 678982 929710 729928
494012 83455 267947 340323 720334 640755 198202 233359 509931 141656 223071 745979 974068 455945 467290 780308 973175 264362 273097 927582
230404 607094 994781 859783 830842 385362 924909 423062 75025 164275 725805 577814 613834 447900 609844 132642 218186 807993 76485 6113
937788 336275 804015 802717 986325 757763 346898 902396 643121 522397 572968 87192 306137 783659 767588 794940 158213 952445 744087 599199
69760 463178 457628 871760 671950 55598 347592 663449 961062 302065 479860 672503 924970 217491 989920 987140 273868 490592 484491 249727
855862 378307 269570 518589 142336 28144 678863 859138 197317 335910 832093 386999 447125 693595 710289 917083 484950 30065 183343 368304
954153 184307 94430 576112 115547 688727 855442 859814 223710 208005 369292 113981 905128 298396 760135 41193 33640 154624 617321 719272
412220 473670 843947 6930 288053 933684 224484 996762 915643 722241 180190 558659 226500 789037 238585 298451 355072 156913 290685 871491
322310 611959 20870 568505 86433 137721 770224 28614 533475 35322 812885 406391 297656 629298 84043 119904 584542 418110 500295 339973
613377 670244 685778 265499 215047 961789 856488 794914 413666 822719 75102 944084 131710 56543 904063 767024 432413 554223 675397 172218
364944 669087 262937 261648 549465 8242 989099 477164 575173 543296 185929 380913 392639 93453 876857 48275 112968 924976 831175 425720
985902 393261 443157 859367 291554 925024 11525 167640 415019 406550 906264 990449 590658 608736 632456 539097 450767 726462 924309 480976
290653 418137 483150 801557 3456 322600 208287 244362 667007 956211 231115 568215 679801 548634 448367 823670 668013 323317 984644 402538
233014 368618 336701 18873 29887 63567 57928 655648 676701 889018 698816 794058 716163 598359 855606 343808 6723 76791 193710 530486
596316 686644 355661 792227 359837 120520 739660 41044 899211 417553 392696 156632 924056 627318 672665 495506 508753 650971 479541 877676
381827 65867 303651 23012 176463 289570 427167 293786 834517 889517 930586 354082 828749 723604 359547 138875 141721 7817 990954 986514
318684 843283 696721 969930 762194 994178 196793 960544 135245 958873 630666 687067 325069 228103 810180 978025 989330 724654 453295 891415
677596 441376 509604 39869 50159 707799 365438 548697 218014 391591 972600 239683 564560 643993 120730 977767 424445 572734 360559 284661
10907 542662 813377 334903 520100 708378 484269 878706 994751 237537 561685 926012 896512 938016 786234 121273 186508 74121 750845 125186
469811 129383 379101 102753 632633 660869 93752 578942 507565 393973 563089 889702 645426 53994 26483 154988 283088 172037 608762 470720
669947 492914 457976 765173 363306 763065 14970 749717 880673 226392 60842 412860 926824 233098 917848 297054 940575 951197 644512 20461
199463 347099 112040 84549 398755 932776 201696 817750 66333 333835 83748 119227 985786 633570 852641 176405 348378 985051 284317 162922
183761 636994 731758 51829 284685 134557 452793 323554 696522 939927 875686 199590 439691 896988 455695 249179 616887 289866 858189 689943
589513 585415 99145 402098 894152 595144 428314 686942 604588 870192 445186 840922 71394 443549 62179 23110 716053 676040 31358 766307
395216 10565 987189 20053 169165 349551 344259 458870 539372 785900 146171 402646 1987 518692 157419 326606 757105 487312 407719 41112
918520 703240 595012 700789 472840 931811 114330 746338 878701 13680 306521 900093 470123 715801 346612 442516 453105 440398 906669 365544
79871 630266 644009 347384 996276 828886 234891 353360 808181 548340 882280 852307 902357 831413 184116 14498 500703 108190 546665 952668
286846 696523 663769 361033 176581 691639 962622 153294 663745 679840 273153 340182 955419 244050 472270 678268 550030 525755 894696 205833
531655 957205 434365 346199 448012 980421 655070 947333 1784 123631 347814 575716 797444 805056 369733 446314 16815 893016 107218 391117
549816 476697 287225 451193 481615 949069 742491 609866 877758 217193 322271 711317 897106 1943 684926 504392 67740 915949 682784 781648
398907 253317 937656 781600 553204 347215 984749 439572 675091 624996 358159 323907 847629 943612 481488 133762 646362 840830 193448 47632
372213 418133 696706 589163 879832 346873 506285 417613 667251 956500 914338 779438 116917 602661 477401 208317 576230 159535 578464 650255
456997 87823 837030 3945 551010 306406 945213 430273 848169 247061 894899 347569 674559 612811 852371 607385 776725 197198 773187 982409
375772 679567 104377 650507 258430 451888 234837 445866 736438 260562 223711 969194 328121 348497 777944 406812 595431 960519 918058 114311
269344 560941 818587 815624 362818 725392 404726 327436 380365 463312 409632 929243 680016 550852 222125 341783 767202 955007 38548 352695
605997 185875 470734 34197 926591 719738 323402 653179 457314 736223 864980 400048 664887 5986 142077 958365 734280 376225 209108 178813
566950 738323 789566 204777 260866 301783 425537 383509 559291 464593 875534 686736 489888 89652 745653 393360 161167 873493 578332 235195
138593 135912 777209 112572 846907 187713 466391 947130 251735 733077 307971 988786 216975 379801 373217 15471 334078 310883 476927 981688
305872 287452 733758 570249 169939 11703 235331 360699 442926 830919 426739 678690 864094 419079 997019 407743 768980 131795 443157 236912
946790 19100 67452 368864 920158 702411 372688 779472 870117 487559 351508 271773 843710 361 362098 401130 859528 679956 729814 304527
715430 907893 768499 58452 103977 111504 848366 343744 829584 261494 567870 119178 379102 3341 846260 968778 892767 836867 318657 8867
797541 971397 214699 354796 127025 609158 918573 782450 460315 929349 887693 941024 805445 688642 498882 630750 859551 173018 726628 435947
436625 621361 22109 180889 413715 860684 343693 895797 577563 968101 150829 765837 504519 951100 95840 326885 381865 389833 332928 511617
429476 19155 296956 636008 435491 670180 150344 942729 943176 750220 361838 407341 540858 135607 250185 212308 766546 814271 595966 542687
431416 766362 618529 220004 492194 133820 257089 613076 368481 978490 782058 569202 305403 889240 451385 894488 645210 125398 817713 721316
135781 749159 614374 471347 934259 645716 272767 450057 92511 104907 347445 965783 142827 11562 360930 922957 767724 819856 518865 846785
886599 233022 301055 748532 549232 933253 410304 745813 523521 303503 963402 88763 762254 748440 387216 50619 764353 113187 497100 985890
809665 455869 707462 889707 237853 103057 563701 770865 518487 782292 973802 709098 47623 853940 669638 535340 7441 969883 771440 251970
40322 74486 675806 760954 929690 934851 8300 805643 597615 579101 527575 427924 985987 391879 664914 233652 231570 802812 655930 860918
539966 424072 264358 207062 228807 443072 903445 808536 80595 857812 525581 63196 564112 517132 905793 540420 886580 450714 501446 66783
687517 459401 927153 408045 876256 934542 228591 821382 28504 661758 114258 517097 396565 596768 74331 766312 801654 809306 90581 144710
107984 712041 744793 250281 147829 179697 949589 891729 57137 855697 517681 105658 901171 633707 219055 336494 528172 214177 832779 477450
967874 934622 485858 976455 997782 769262 297731 813042 572446 747178 501969 214180 918494 979232 621452 760575 200832 257243 60613 92055
706851 792254 577867 740522 464482 530108 908430 245063 651884 819912 580939 785687 480184 963243 317568 448735 273198 613285 420962 839633
654289 443539 920441 267251 924063 443825 966999 680784 930141 15690 404418 147298 131344 29098 510367 279690 602840 847475 827717 455793
619486 426549 922958 699471 774325 36222 658919 51409 616228 531437 175310 630286 903757 138885 604586 808225 569520 128226 218498 217744
140600 576415 216419 503057 620980 508629 276216 77943 505362 893655 117048 132546 877790 855292 127671 76604 858403 289729 150519 836969
657891 916464 364768 762370 82041 487610 781748 393045 628034 737286 44322 710977 303081 143088 873748 632944 502458 618036 747161 113962
608026 513920 947913 143369 485215 440148 461978 119708 697081 361359 616710 374238 513567 261006 386817 310917 625454 563247 418865 532605
674103 878491 720876 831122 673546 695067 918440 664915 661390 70855 312867 854821 535692 561601 237068 323662 107745 598735 127059 819198
464227 881792 215871 137748 225699 445575 518889 393481 468479 960264 363288 420809 494396 364289 259320 103192 777592 445603 808951 947952
856167 529942 901687 643165 441866 514294 616601 608864 351757 757591 814993 557852 282481 576391 760859 959641 561501 656530 73567 179735
563323 74357 427013 911044 654958 959513 281191 13042 14398 747236 487343 496993 700491 126598 131984 981483 890744 199117 856320 293366
764273 33896 411423 926662 55129 500030 678053 788762 257317 131879 974839 545752 985187 835952 727420 773623 979404 805262 826488 831892
664109 596000 487803 546142 867127 630136 757059 241395 542759 617906 115027 56993 127533 543842 794395 631306 162506 645957 978841 275888
545209 227865 378845 740418 15903 427753 494435 69656 689887 977092 424169 501529 667426 982364 774929 79730 841717 202398 140673 378093
818677 601354 539531 897250 178271 233133 761018 735322 816960 112747 549014 1755 570668 13769 784487 51181 196209 990406 367948 839663
940056 580102 422002 609054 38228 630661 477991 58494 665514 784649 547675 691006 345251 311470 643604 823083 565976 385965 424697 41650
752473 635771 840915 841106 345164 351003 811415 769918 188450 989476 396435 798326 309239 439068 719182 725129 616038 350723 28452 285651
735911 680194 211182 137426 355541 164950 273689 110673 281536 640778 298579 269942 115220 206202 726366 246410 44175 648803 778261 311409
466454 253762 342024 880732 251732 375709 777054 583021 386718 284755 436688 730967 2376 35590 176605 269291 937364 831778 32630 644557
803861 18289 200095 231136 554971 473301 947774 188060 23675 547064 82237 236532 186301 98047 372825 734096 619740 737317 734154 343214
307949 607495 236749 75028 222699 547724 244322 894105 987069 616166 44037 262199 523596 823031 221931 842804 428434 278198 604182 897284
369287 225539 81422 168981 240595 706909 718068 720184 735624 827325 718151 286302 341973 944627 637818 154172 586921 559662 195676 376699
578436 643914 776095 735604 869769 212271 12706 972923 745481 792262 311650 576828 491516 766967 560254 608723 100304 144459 699202 590197
775577 453881 664927 56489 257771 362136 909258 249265 741693 258634 810374 723691 360827 600519 224368 941223 163890 939921 405023 339614
848781 458620 558444 868822 129207 150314 986742 922496 660060 553185 354114 486677 978534 635980 743584 800309 994088 59252 743590 978958
323540 673035 514956 847747 219459 840934 986547 43972 370053 834673 739113 323208 27407 481891 5276 46449 205411 829059 846026 229190
431539 976944 898820 974467 937409 515441 557290 691553 889316 130122 19633 725377 297898 739113 990686 31164 857026 527626 300649 502121
669655 891675 682068 605030 788294 245692 64605 56739 327665 215684 294467 737729 691105 337569 759922 474640 592304 466202 756888 900157
752308 178687 218673 91386 243927 810412 693599 431100 289750 246414 839848 910665 779327 25120 572347 635007 304582 613536 958006 956533
38860 464688 653875 216201 33840 853015 758967 831691 13569 291283 452283 617951 703163 141213 784169 958406 676891 881598 307503 792829
359623 105204 356876 32869 681360 980139 232288 222985 811264 318158 512924 557822 266654 162003 914369 538977 467519 903699 931436 282007
653044 781829 239424 812515 612648 304459 676967 417143 543328 572192 563158 231209 920516 858708 735092 500700 639967 69902 107860 496114
375027 522318 246273 284508 871012 117036 636033 624143 550487 23141 834223 729222 204273 293496 554568 306775 853744 780733 683223 231028
893732 116685 169389 134576 722328 89693 980621 128600 759913 532636 941258 460830 46998 409238 209974 775283 894003 399105 578621 906283
969557 215696 927051 112937 713181 87014 747781 856208 217626 967421 608639 154665 296048 540472 179710 69998 904895 193587 4039 265490
22285 416600 453848 732332 531221 383400 91709 135638 936936 730372 442838 828177 691997 930785 534244 19140 573549 609228 652554 394658
927706 786879 449752 112150 225221 860641 21630 8297 308666 939069 586613 250396 144018 348546 119698 445939 529117 202057 475431 596680
838434 224562 257385 832182 915160 825309 968948 396801 721387 995895 840414 253540 12567 854895 299057 971195 600169 712780 703281 466831
166727 930836 719559 366964 820730 812820 848373 65271 420145 975697 560585 76926 536730 405991 145570 163331 375519 297471 73436 123008
331727 935893 880273 680171 967655 459850 243212 36621 40898 575330 922932 521676 769831 728613 157210 397064 422434 127872 998292 286418
953145 194061 543293 517055 78652 794999 122241 55469 241214 778816 612493 520819 616101 742684 153281 43173 890195 213163 320752 51995
742844 340259 117437 402729 17703 608997 96353 381151 448226 939791 328541 213133 628992 221289 67990 876262 348109 685630 433036 265470
570074 988901 860194 132410 790943 516650 402196 787375 744979 869749 105174 993334 962274 4425 993019 53130 689231 360428 104799 236305
504856 723410 102422 614367 588777 147209 449488 341024 425143 138091 400794 813198 86617 122070 923617 270717 224064 203631 357201 411366
23425 152820 877496 466756 359141 308163 183887 340330 544296 673840 585102 800112 906517 402576 957739 464581 983518 901167 47785 687797
123172 222134 55015 201459 257755 319550 320062 251650 918251 816087 175072 153556 75621 148102 334792 634939 565456 405239 92518 605286
730398 837489 869633 2962 636065 302152 537987 620311 300194 877464 465023 497770 212266 876515 399864 726735 79436 317483 387797 635108
834925 23597 913100 339581 683767 473353 114581 861371 966948 865963 405333 860710 605120 795551 90174 114623 53856 213922 935543 437961
626915 254714 410023 443903 23890 232352 11262 116503 782610 35875 135797 225172 377398 906890 989365 473021 652904 463626 577649 83149
279878 232430 700304 484885 124157 324485 689073 767240 579158 878822 103395 949451 881387 231760 31262 275331 382334 684233 240302 437120
407482 376139 765338 100065 260855 177991 291105 66357 466977 319637 56132 749733 411545 865929 78409 740671 363380 439168 130191 679586
241089 845770 738677 829734 855464 749638 102870 240380 551459 91359 201906 942926 873493 825565 261507 846112 27299 571883 501928 441249
88361 619764 102564 53760 231042 851637 769398 721136 698821 514717 752053 822739 656516 754211 476468 538911 377226 7207 121123 880890
935406 740561 550218 19692 151034 433159 362392 260765 709703 304334 597193 566611 260987 321203 423492 389638 304756 648842 355392 892981
122666 73369 207255 505226 870882 176233 113697 533027 865349 852655 490229 136164 977319 376894 206108 341377 831984 598132 768281 695080
101856 764883 982704 464658 260315 278964 195712 649523 584058 30891 128662 266141 289158 420743 89879 526485 65671 29359 479379 114980
341598 877711 953619 562342 773343 783825 995421 691642 801648 366031 84930 3285 793576 980902 672743 454576 957347 576654 360576 800470
991592 551646 8174 698274 491069 909924 451940 332855 266760 291165 303412 452154 802127 262660 850656 188401 912832 379343 69140 29428
519553 249141 505085 233922 782237 735713 279895 954535 542874 629120 190997 315302 313619 645234 850031 518153 528527 469478 424589 306793
33748 224368 392115 357368 425364 152800 772307 903306 914739 671893 101528 130054 854698 458851 651599 283144 151480 485207 658258 158987
500539 882770 7824 26843 723557 348433 121083 201546 226905 440989 241093 309896 804219 253455 143458 494532 921275 481387 900983 202948
585293 291203 31444 846230 971355 768661 923372 569716 7181 587452 60182 983263 364474 940262 314475 72418 712882 296360 108811 729773
762232 183828 590071 942652 735090 874642 115587 376667 574502 929821 310485 829878 160628 979851 496534 752743 831714 77875 897246 878474
27217 321295 962012 727910 385062 141004 268378 520856 926393 387402 370758 484028 158461 307077 93438 447073 245484 679842 249187 582164
527100 62992 359564 725708 873855 222926 717140 79652 445098 749654 641916 984204 20410 489543 685903 450680 223206 745714 503339 320347
181863 615091 237636 284316 66279 943005 204884 766879 670469 967735 5196 513527 599327 673202 21856 787066 233434 886951 804451 25162
902792 596005 811445 570550 718005 397889 487465 63573 794105 642178 366656 829167 428086 799071 174346 552188 112588 397154 25738 643413
219855 744674 350835 981667 683812 356251 319766 251380 320495 853398 738377 651887 18280 438605 711944 947748 167802 210081 697706 148804
477999 397862 562674 206680 47927 337113 487042 131467 445819 162223 41256 519610 487341 738549 659675 142270 788315 326860 543486 676128
150155 148845 881299 455576 216688 653618 359763 242758 918428 657385 648456 500314 550470 566102 259293 430126 412179 996058 207427 379821
506661 71598 824759 947214 524902 901472 378528 862571 609708 476107 433061 29286 659432 509920 457228 819508 897525 870714 514358 554959
13372 78354 171766 563636 372003 736719 696674 41994 839404 209329 148770 773743 125187 527435 108833 18360 691548 769937 455004 852620
283547 808782 288531 616118 944937 734473 983706 281528 532200 555090 241443 978022 771417 888449 527513 309681 875746 567673 394777 567628
246907 319062 795088 828743 144700 567753 762389 297972 104366 859866 906781 299667 762851 701707 467466 419400 607505 600917 634749 462666
245250 416157 165005 191152 658902 434422 395791 408406 488632 452329 715106 283370 287693 319942 866928 383171 198237 504816 296326 116428
133068 656896 955432 784744 811576 404224 297195 493062 630662 680872 283860 1633 615030 812272 788679 49946 979731 690589 362799 196919
102773 359814 881519 802627 625236 343070 991376 403272 220299 935825 984159 197767 454326 768089 140958 481380 909062 775211 357730 855722
918838 669270 304101 413520 889819 834276 318309 202000 830 152530 371810 41166 250948 662646 723652 697490 690920 296797 515647 33455
796842 902442 295350 120279 921467 570341 218942 594888 3548 87034 126219 119622 738747 570728 248305 424188 878281 999937 763124 372908
252775 962287 376080 91805 302330 653278 262906 887159 963636 309018 177249 700902 181166 554258 590405 566859 233640 277009 605828 388626
304970 66114 828714 745012 63392 532583 659772 318612 507637 373804 659411 463016 797443 242509 863461 634098 4760 744085 497645 243435
305202 377739 217620 595587 853376 424715 262739 982753 325450 569691 690497 461169 329005 917950 373082 639341 858391 302477 713063 818321
97226 79317 621103 471492 873159 971130 843949 880710 370120 356930 766101 817872 303075 94848 38157 246667 517718 928890 138790 792817
753414 761533 762076 7856 153513 881279 124638 588333 297003 407420 38130 129380 699010 989158 624910 704477 485193 951028 230182 747656
499838 988587 691777 231412 772970 636163 607618 558382 736684 433602 211248 129845 899655 412624 621718 702965 683383 455457 99930 672580
728401 839037 139092 145584 310197 282776 17154 78593 704965 797915 701346 840953 659651 369216 501021 655410 548650 201440 619848 727076
29300 614161 972462 350295 554686 332427 390820 300900 158547 230976 265967 431037 723050 53392 74746 326799 389483 199339 46124 279217
573953 493897 728395 378703 441931 810098 280117 293126 98617 576575 114704 174857 283519 996385 120746 4920 974248 198631 892367 895753
555253 839199 313229 238941 142358 865033 646682 850176 355419 797429 151112 767709 394737 289511 857877 928337 615180 189379 48786 287465
677720 113552 423093 521610 925634 376560 35693 383410 813496 176606 319534 618670 89814 179222 412328 533155 976046 457267 707254 295383
911290 342456 498496 885052 431874 675483 5052 356985 236979 685566 786803 250609 556120 113597 89411 199885 117618 730578 902310 542864
794678 904203 270595 939339 766797 394013 471782 816218 248818 881779 482046 467485 493762 944952 495156 908926 684368 105837 214061 556148
49211 158687 674915 863206 746538 681724 991714 144609 116082 425281 371516 307773 339470 25434 700607 52939 961070 342726 491918 423925
136072 815520 555414 41493 892874 630304 239289 735762 931365 563524 936348 806856 754335 426450 306073 669 894094 270777 547455 923153
772011 241743 740847 961193 140455 345498 31161 504002 312852 9524 740500 555681 222922 238480 176673 696723 162011 437048 94928 911282
478886 676630 905456 640682 455781 244208 938625 727254 555802 532975 731244 507682 253613 62372 53202 508038 493969 38162 521514 274417
406172 762514 56872 82080 761212 357 25352 340581 729611 894687 389882 461634 175697 968792 328856 136401 305038 849831 169137 686828
972542 131695 329494 103153 165595 835836 189719 983594 866532 153429 771825 438511 206083 505551 524975 501170 963587 730032 707182 464440
733365 860633 106956 864897 126544 973816 710729 152912 101548 904683 780001 942418 330342 293723 895914 725245 333733 216429 888168 634229
706335 104847 50015 399668 201428 309377 705569 84884 283866 986812 226120 157430 572539 155159 603188 823594 729918 723462 231829 943667
37210 997322 83753 19509 111758 578339 550175 618 124842 475533 227890 880969 814505 1154 340622 57625 633350 232055 228138 242789
395593 488643 868705 747839 26054 224554 560403 960596 441762 59705 986686 682841 697832 356826 507238 579424 633171 387224 356647 597010
221743 982791 830317 394002 853803 182561 986737 842880 264845 35692 955458 318985 985822 798549 513019 487237 726937 846955 520430 609611
852380 5128 150461 793600 867384 280373 181603 174279 640985 953346 870343 164943 132183 225712 642243 716412 622658 883642 456414 284763
301559 995615 357510 556150 543461 588519 905187 304356 284369 605686 889224 691164 580354 989285 288829 718278 826542 535707 327729 864185
96563 421927 512268 261884 482133 190675 874973 291480 722688 976756 976951 274065 937797 378456 850440 34177 327196 740484 408684 840688
948448 264640 355342 354922 505679 200319 849702 426407 285295 957098 119502 94442 140148 773798 907982 594932 283874 852352 192813 473117
363101 69652 915180 825850 753267 971138 332240 690107 745121 795733 59334 194294 334697 60155 130743 995961 221487 612472 391071 669214
286066 246345 61246 678629 985298 769218 267042 713176 269573 399082 166639 843942 212252 134109 750015 326996 605200 181991 841583 610674
140030 716361 845197 819610 842322 564260 991996 750785 80965 340426 990087 3854 318128 758696 847289 843497 690894 809698 600032 131677
84296 522881 161927 812402 926859 98483 846908 851000 689501 440850 403717 576778 727761 743364 162258 174946 434782 561426 511276 191335
904701 427536 860960 528513 187365 880907 162005 676452 142524 627609 936345 334392 201981 970057 222108 319279 902332 70226 783866 778568
743895 400031 71179 476741 851758 491616 294711 47750 305192 717905 621386 132588 773937 399090 722922 291917 467857 148949 933555 640530
97498 260319 789680 938539 402581 24183 210705 263881 921497 946039 426109 143171 715780 279075 13634 163771 515996 856336 123435 360474
561532 714189 644698 100254 483098 838266 666649 816147 636538 883630 75488 227383 670239 629775 929728 544790 334256 648174 312968 301326
565644 39005 42620 500622 146714 101432 509212 662228 224805 643928 497285 886306 800333 599811 199461 771223 768017 797701 984998 714185
202288 960907 316312 898711 689615 191409 274660 19799 294527 178143 891820 280862 813271 106921 527869 585864 675052 103499 134499 477056
642206 646213 507631 454490 782715 373910 489604 515488 641366 380042 406605 47115 493456 300703 638913 387821 691800 202815 399067 587528
862258 751745 928859 48259 855498 958821 964066 708490 180316 980419 631995 63781 909260 97399 353524 865958 492311 157981 981963 372863
892181 350346 258336 106752 325209 652927 550383 4875 348009 333980 315317 318085 337075 534475 23976 694234 370322 42308 876894 885120
881783 778952 769530 45605 781160 261298 388738 342157 189004 9724 336458 953802 925257 100716 589858 878888 854459 136605 204593 185436
843922 188696 559350 704707 503893 554029 941675 245626 613262 855604 351263 199604 968520 456119 499852 343132 944678 597101 306317 748646
958751 868375 381849 283747 17 620605 733981 421162 609600 783444 796451 167730 622912 343324 556454 226284 219217 246097 60958 81680
707812 769892 971260 648372 58306 397446 628047 357897 55187 156297 673966 968230 911429 50927 909109 139720 221211 32432 933929 393024
765344 516272 110706 657452 461029 12861 410092 736382 592111 333669 673611 6069 690721 39212 384103 34358 85661 159221 949664 934116
851286 946797 236708 975322 603023 540226 865978 480615 341886 541691 894410 343128 622699 115846 319145 664896 272588 662101 793437 346008
267691 469346 142244 839152 387905 195806 622771 51792 330131 470296 922596 201730 163552 672558 495272 286441 251151 76423 498585 555879
602044 801114 763392 415425 402507 525368 165508 168674 150227 47300 848149 140239 845806 125192 444699 361803 931015 441581 759037 436813
285027 314098 510389 581729 173673 357290 44358 395256 289996 777574 369691 306746 277811 795502 10849 799723 99592 342315 596484 634348
286992 653110 662659 243339 951744 871507 663145 389176 911555 412484 109737 355718 557642 504083 101501 321052 562595 665754 107471 34844
383104 174984 845607 502842 246252 917888 500272 935519 242882 743668 298710 45898 643077 896961 47527 347700 975213 37403 234124 589666
440030 71402 862135 464977 746684 34104 186810 178700 872156 843350 303978 769460 709850 423881 9304 248113 851266 493724 617109 252333
920322 6476 219136 564880 585441 534997 961409 574667 578960 362416 471225 179665 831409 460226 925335 629926 183625 584981 101936 91944
88015 493036 466075 825526 524717 887368 335917 207415 633403 357987 434804 360375 751403 266979 497751 142944 264303 442395 721242 562331
747925 436635 858290 731293 568620 247276 356520 957658 412419 192797 332711 251708 580729 268376 95403 174655 730244 784576 119855 195306
783071 502121 720212 61978 861030 426357 807228 525080 366157 480811 526619 941901 648163 664195 322859 755413 587071 874767 468423 164847
818922 180737 120793 705166 753793 683139 992138 130530 271030 451366 166372 81377 943195 616081 506863 317551 829476 141447 185100 610106
502922 694797 464017 38200 591749 877478 417615 144670 430993 17678 18491 836333 759659 853761 768926 174895 902128 666387 653451 822508
862829 825995 219043 90470 337399 252846 792597 632668 19862 446377 598494 923748 71896 511413 777732 579807 103026 408465 721400 738081
377103 610822 55556 425229 740201 104431 113048 834425 658937 851028 264416 625699 85589 1468 65542 79385 579581 605013 412099 217220
468207 541946 364100 868164 135911 643552 640803 943182 892229 761272 868646 427191 456812 299285 560525 459849 695398 64187 419218 490316
893397 265828 480875 780641 198296 970359 413603 390704 259883 855005 855974 225204 972872 260147 353611 900407 141518 704991 509647 777067
816675 488866 95335 991727 359897 321125 117617 832652 857774 556463 252837 216411 196916 300376 469906 72891 182115 265762 752848 316759
932485 125667 493533 966007 144988 238377 108808 691463 902643 791089 918774 36545 642239 976133 524664 467307 984971 917529 303783 262550
999048 716385 837913 17886 113116 160378 801323 177238 30917 517648 159323 729156 499115 754993 897865 301999 4561 494334 161883 487292
410785 768515 528128 574939 834207 299612 823853 56590 313121 636066 195749 178990 793923 196506 585726 609687 912176 497442 152003 486769
463079 189446 550246 194406 588384 513396 357935 336544 85399 609000 581959 282616 881079 458478 59612 279707 682357 883858 789125 629662
94058 376114 318594 976099 614625 569311 904867 777705 784036 888197 607407 6832 733038 929899 809053 726537 115240 464225 762132 432793
214034 494434 993427 199865 595224 497017 268533 315301 144191 176046 445002 612748 798063 100553 25269 773540 995367 29031 534203 129498
765965 222783 618272 805910 51351 33141 445937 35504 248351 318787 141964 129169 27633 982603 908600 2684 808999 638606 159955 276507
49716 753827 657592 982133 899083 13543 407422 147071 939715 122241 95225 402407 235224 865643 309878 943398 122793 680054 384167 591917
433889 509669 180475 268375 909397 377791 419703 746593 795096 157150 356543 809678 299164 596337 407625 614609 47024 82936 893241 150864
488563 623293 994667 718192 391423 270749 763426 672822 579386 239223 890014 615617 639913 83797 69991 721458 826201 460291 546901 134406
888530 686581 11518 241694 312091 742263 782598 382034 588787 552533 983440 519385 835507 430841 80493 916731 701576 317780 190922 222280
997102 510016 270111 436290 215240 595282 104039 97009 134155 266878 217428 546208 946585 677560 471545 100627 283579 908867 138948 654353
479788 547993 218349 614843 875216 396443 859670 829006 457942 370399 511946 930363 170148 479650 875920 736251 783140 584827 158289 296037
783209 605002 63882 7712 91652 81294 944 81737 477853 959521 319284 75365 890413 373497 183993 545001 111449 903493 780805 87088
930551 987462 277793 29006 481721 89313 826046 551233 231242 546923 116726 891495 541405 684482 650433 133792 820132 510772 46004 752309
654191 680512 193788 952370 319194 681128 886093 397886 998497 914467 914372 655341 411389 631449 940371 261879 47681 983098 682110 98955
703645 62223 618982 251141 428840 935032 171303 309295 84558 39853 641722 533857 37983 986627 803393 520209 949818 279980 463925 628514
354522 123409 113799 603743 365619 80600 590573 540025 953530 167481 272184 895473 860936 953958 929243 664852 677704 576980 669963 860439
894587 274011 128904 580479 244835 790704 560183 432496 30584 809606 574153 572861 937453 380982 35980 724365 157314 846405 49801 837761
373984 676768 354107 744661 717967 879194 253454 942355 369042 692319 992713 61530 489659 223674 55749 581431 267062 272707 374757 530758
923636 982047 92749 354099 652146 817143 360177 242734 847982 669698 459218 332455 43221 346553 601870 955278 486867 82651 279156 147300
661357 92874 3286 801092 861967 954400 280298 608737 836245 587316 829992 305580 293364 23506 32432 55745 163453 897782 761280 379767
858838 7158 493402 585198 178772 791880 402090 620236 111716 260438 78798 449892 200356 456674 238455 429403 346477 492920 735614 808475
286656 260538 270962 777868 869753 121530 236646 197938 188264 226536 273204 312196 601437 555854 481586 904376 236408 599080 524435 594140
43017 638491 8341 793446 758115 965657 337331 595337 424966 897367 269911 565663 237266 693062 911954 694892 796676 912365 117262 350235
287075 601992 770673 417783 618427 200204 327441 44284 17523 460503 980120 291173 349924 416214 563969 989085 462917 27047 663692 849375
456749 547287 617348 321632 25605 563911 971056 103263 664910 844269 16923 7137 517359 177536 83002 870948 668872 685002 507518 577995
431816 181615 762030 906711 543126 94000 551270 891667 787501 371594 528935 839311 555328 470683 707572 965795 811223 493131 57497 178315
514119 54814 10378 383618 799782 534051 764680 212831 253829 334612 744924 957034 751962 486696 144365 307721 236628 476964 623138 219540
751178 551043 504174 542029 559581 85492 818336 674019 384720 821825 616801 70580 530831 140376 350099 806118 799319 232605 276196 89871
567113 740902 264367 594481 695281 897781 390574 171881 501575 397545 614613 402106 43923 576613 144797 927557 518034 576145 605933 85999
94760 734947 298233 696308 909379 37742 734507 860676 3505 644018 138537 615522 272119 561763 834039 704543 508114 595210 152197 161327
247195 319003 742158 171949 417885 938362 830028 284725 140208 31281 276310 809118 626023 120087 559531 52083 984200 359940 677682 736411
929497 64744 990263 899918 872776 460721 246472 456688 940998 240344 952709 336730 783252 951120 334105 573888 38841 732123 98974 292856
502473 29362 377250 400481 798782 282075 104031 1090 646013 443185 180834 725139 125312 49875 478045 328631 170585 934345 337937 619693
922966 919607 58289 391617 737477 557939 557438 39820 627709 253821 605576 483682 554792 673829 817371 103858 455800 68666 261679 351977
630659 701669 878836 879895 851932 593239 871067 885673 535024 85125 683798 534660 133217 879127 507633 485713 704656 193909 338758 497745
240173 605000 536694 472006 817425 476732 454735 191064 923926 489153 721250 542679 447349 442532 276900 328091 46185 190099 301165 901024
653303 389474 448072 384651 291156 720582 245796 864141 877781 704287 426043 965071 38473 32645 260488 789115 365005 45685 54307 35450
196358 451750 705246 128523 798576 245852 617886 60489 741381 470015 486222 745010 67215 866629 372995 227996 867818 770119 503398 824233
577803 995750 955898 909085 936177 5504 253795 365538 582867 264521 494914 568617 853982 672694 410583 69579 637019 609822 792339 255419
730716 799681 939687 256593 92586 810594 567674 392249 876391 268051 76476 504240 552750 88955 477369 513545 35374 104857 165439 578050
584176 950703 917661 277576 573038 312853 872767 588683 497488 460201 683279 216499 997182 458748 964899 617592 390734 312005 432876 878401
104565 205626 496325 243618 289249 664881 594220 960561 403420 102776 826853 74905 88065 885378 321765 988713 97958 25560 570351 588742
534328 178976 20326 82577 429115 117420 518145 346348 608709 928469 498340 453864 232714 88616 287090 111454 88979 769750 238023 345488
60016 11441 691461 24781 210633 171368 643633 581823 510497 500276 279661 927534 740132 915488 907810 170858 20153 227231 628627 163211
877246 301087 335247 165358 366049 407414 135944 194197 594278 827555 324420 760887 219300 62773 269579 277318 439598 402783 371267 466835
806107 643481 377001 358287 124640 695113 814578 591873 795833 732852 702093 706646 655541 369926 488123 897083 434528 667832 981828 85939
633573 720535 309788 998373 389541 92845 974087 484827 297948 570310 838670 385357 899507 799841 834439 984545 172374 43140 935956 756120
558950 955414 522190 459491 381604 933144 292962 941282 589232 769649 434781 288095 830636 604376 622533 6787 213660 940442 928524 538308
159806 784503 624201 651160 935557 485435 421710 241500 594636 890754 168854 996898 794009 579276 138485 292636 678134 29137 449 892511
556400 18612 898251 508715 271500 236586 603723 389779 90369 863898 382907 528410 966504 331089 174684 443040 3985 424220 715117 441742
170272 748418 641178 956108 804345 77938 359863 647936 181617 300616 295459 935876 191284 367397 376809 80839 322068 723798 850202 38153
251100 378144 982257 493281 87393 265009 736415 927048 782764 873547 778263 911605 395999 943343 348933 706690 680026 353275 327012 359889
564931 955392 541177 526699 797603 443615 178628 477177 691829 577616 538657 765382 998612 457024 412700 974339 543267 159646 459415 338989
336760 804246 322272 334853 384345 241146 834003 182204 271612 11123 717381 83589 583422 715079 42240 640329 380561 818518 241108 190873
619103 665831 971531 797760 292991 663258 807255 400977 154576 922706 494430 1156 302424 38584 66727 394214 406793 67494 657476 23491
36748 658240 244214 654430 64969 307151 131148 648432 284572 439201 439763 558397 733708 846658 191393 259777 294536 968097 908309 105725
652049 111685 480127 295386 674222 60084 951336 326928 423877 31217 780698 605557 580463 214063 961470 341863 350264 731590 766162 593775
196854 660737 459705 95127 101986 521817 547198 432122 193743 950767 187895 806344 359701 886266 420165 191261 947752 744246 950680 480040
504944 431792 825198 659437 432034 741161 885117 673141 686244 241917 953577 316739 368272 383760 924442 96881 232522 940058 311435 663399
631127 768858 546273 849148 560510 754050 6408 326602 690979 138723 348613 40486 334344 299240 170663 435924 72759 470415 805453 3576
299101 437446 743925 821996 481788 587439 341405 285338 949543 903768 122952 440819 60595 154608 776696 492893 585947 255614 85586 897311
600771 472766 121514 103311 847469 889594 807293 161284 926263 596174 880722 677288 222126 193778 231229 980872 651837 378592 47843 220287
183073 434071 8587 921679 353389 158580 165521 281621 827690 314926 149295 491676 736325 537192 606716 231096 162994 767363 599833 836961
612011 168026 848304 847868 184017 993707 266191 860303 885947 705996 972440 970075 659615 442277 164232 461939 217586 799190 764233 139017
902991 339563 795603 969051 638830 928230 14692 312862 711766 49518 499365 479463 294550 928226 166563 819713 492695 142108 326480 701214
434888 827327 66408 99639 303187 116642 599760 621765 42699 805131 54583 256773 214622 507071 891967 498101 795043 417013 412372 98888
402494 83255 160221 270799 138177 160257 835202 156342 386080 503541 75248 446287 715649 847411 677128 664836 740086 109003 126495 38885
554757 151142 107343 139947 399572 969890 542545 892856 554076 753381 927286 220954 170562 608620 461373 532492 955976 57938 600198 671828
249083 756957 746238 936004 870981 125704 670837 91680 838923 470302 861526 467621 937937 378829 192834 552397 589364 835446 448445 896821
251709 511693 920634 498508 954567 14590 919541 864560 985325 445418 875338 85071 496856 541396 490138 301290 143106 405317 717685 395518
973421 273375 170428 582982 605369 987358 603638 88440 734183 870832 106688 768683 857882 892419 393236 755545 945693 362826 744979 849366
799933 336348 528842 746162 126942 182478 452671 469811 913918 926275 464799 403590 941325 977966 270150 825935 274823 787330 103847 152534
262753 784474 977751 96722 292673 159135 926331 111692 231998 374538 933109 780183 509636 71807 110690 140427 697387 276092 355152 467814
65610 71989 767642 752646 474853 734065 552910 67679 153663 875403 792087 475324 999112 332799 967943 618199 83659 193686 861233 540003
796407 457102 884590 568518 840243 444904 309371 256919 275319 479328 52978 17510 960621 89144 347360 695504 182349 550659 564889 450757
844749 581005 493708 115264 898566 409462 527897 995491 850025 641407 541276 255340 917814 471633 989827 565458 161747 145494 477189 660701
279936 446974 861878 42760 723629 266834 134775 352026 400763 342256 668153 472712 312531 326892 134250 406699 120623 207149 727563 202257
732409 239195 943836 861347 19833 606113 802442 535435 20898 449712 244098 306969 276877 827816 205531 386495 907542 177239 290875 150044
692334 998802 309015 441952 175405 881423 207142 816462 231212 227104 531765 579497 124489 501142 430820 346125 587788 358333 490567 349887
132513 626780 303853 648682 290078 535881 515731 545085 133926 923337 556464 152033 267610 77851 849740 329209 666115 975864 384910 663488
46950 698963 796895 514625 631200 818154 547982 262666 895043 320632 185563 619415 719488 114508 139621 563976 911115 348067 440717 453481
891250 288631 379738 174649 490500 907266 726127 875779 979990 583447 415959 280897 746198 695146 509507 964114 687552 630032 251705 198993
986492 600334 121374 146730 969365 620461 922944 626686 595310 233470 197233 287892 811494 388809 187727 675840 33302 151225 491848 779440
33885 213567 740397 206478 286136 232449 796900 714300 826798 809424 55377 78690 977925 831777 172808 27037 383395 619839 304165 922192
177951 408668 138005 60233 134362 987200 874436 663513 684265 421047 98399 37804 210869 525216 251892 884284 243189 721691 628777 440335
479388 938710 924942 115553 284142 926800 938069 647482 228428 139889 24200 447807 911282 865568 130513 866377 472588 473604 938207 208473
255233 896316 764540 634364 378318 262069 952035 628630 18057 993579 597329 127895 111434 111326 454841 797143 625536 225942 511816 753711
611143 27516 537976 238645 916838 120957 579461 446870 19411 283161 638608 300534 819944 18622 558405 400863 353491 645860 840484 307539
88345 520278 53202 251136 909219 433431 704375 712458 174046 558789 20033 969884 616159 773400 155502 213407 154215 215458 426311 83365
541329 49993 616006 238202 789757 678234 166978 765362 364629 476662 787995 40133 339412 755240 919575 502001 242918 279250 861549 228046
309221 352602 367371 51006 262226 15767 804870 564291 136534 102807 199991 324442 877670 556900 903351 158513 870949 553527 367351 890529
730041 357728 212810 489839 656395 530370 920135 570444 517731 64692 3129 411400 973380 377882 777056 303388 961921 197546 549537 230251
15328 557037 876710 507368 11147 798188 295521 14978 913859 519025 421177 563897 434735 49189 696724 686628 892613 862220 218845 98734
80963 237673 35118 689484 904690 620902 164974 445294 865662 882933 705237 325625 856099 897093 589534 220987 285374 161055 861768 323964
720383 197603 155604 769888 965197 76031 174637 628830 522507 99671 919653 726791 894864 228207 215752 150388 829267 306709 909924 533985
104463 541148 565222 173366 130010 52619 723758 593837 745229 427937 439050 387250 198757 294726 533109 968632 920258 52267 420126 778575
747323 536703 416525 26287 919866 197474 787415 144202 786938 170948 615708 539933 618902 681043 96995 782686 629469 291123 59209 706457
814447 981633 660654 99787 983695 149666 994924 482303 600182 547097 779456 910372 2555 682853 426672 862485 416892 884995 101533 303072
716419 585722 198392 999869 616370 322300 726130 748698 978028 908895 665836 457394 923782 804004 961706 811577 672386 24429 394105 10856
110254 152008 175821 449959 968487 261311 462175 743754 770891 742245 906169 24093 294429 943774 865454 438817 964653 528605 623196 175268
835379 107187 782365 694848 624475 813411 498281 530123 257829 957306 628602 293842 618967 416004 155790 234144 777541 507756 517317 301195
453509 610274 803520 591707 512252 324676 463777 28540 185262 971647 697238 714148 580371 54107 761469 720290 463840 278260 137708 416031
608294 457476 989955 397177 883043 34724 719836 759880 395821 853896 459456 537001 447555 418981 514291 368770 133964 866083 80285 355479
437700 504751 503211 472601 208979 676362 242900 239262 636613 968172 318994 317714 121843 979039 263342 262074 885200 381677 145712 841383
887494 845796 190412 807196 965062 341178 134143 831477 178283 397721 716023 871358 224569 789313 473438 216540 74660 698098 763667 356784
708379 615604 146054 724158 982527 434988 626430 630101 70612 932032 213971 298868 904210 469642 149899 234881 932052 91324 665017 183026
611975 609752 108896 814289 67987 783161 610747 560271 944524 988451 343959 261329 506008 270048 450664 316532 153394 945182 925228 566933
839250 648389 279253 370368 361136 865543 306093 487866 300318 814299 331377 171000 676825 638327 687131 53337 997422 157507 369757 688105
671609 462777 202030 880043 139278 488889 19962 916573 542137 162606 822596 662662 167448 696676 384699 648508 528979 900542 781337 569387
89596 536569 822334 154947 157259 353799 300319 733987 828201 383206 807598 897917 377081 999029 63759 686780 392816 450315 945028 960661
490568 773431 851923 373520 644761 477201 104756 447029 639921 48738 325631 377626 836531 660313 828258 612081 290888 791951 471013 655410
379606 73387 637687 976412 753930 639000 338196 88232 207135 493214 759647 301271 923063 425315 997575 144375 722662 702639 191988 464575
311031 623201 374052 80617 640040 342474 713776 352372 66825 875002 947582 617117 906563 164595 733097 930025 259295 963709 258664 16352
597220 359184 12559 564156 599736 55277 493347 468958 698768 866509 852680 114363 359420 651158 281091 749150 141611 822485 758089 356121
958140 675658 78717 650058 222440 110954 259596 643456 599109 929934 53791 184385 389403 588940 210667 69375 78822 757740 732263 259138
735062 147060 22842 689795 316041 392516 699091 823760 557981 374882 561822 182314 412698 863963 818076 224917 967978 58347 125889 294158
886611 376817 969784 474264 154921 593005 688088 232840 472141 468700 778125 951909 645272 413294 121556 859887 251347 212269 778184 751106
11076 44562 554765 608148 23691 725032 73781 660986 194251 391995 246209 103776 700244 976318 279145 854232 236724 786742 227617 484291
408290 91397 974551 229114 591722 167728 900750 430487 288185 145435 420652 836708 332694 741914 68413 373185 74568 520750 942775 210024
986777 12637 855333 226171 658219 728613 391882 181963 446873 721141 5919 491977 892802 557939 701820 956852 236011 431640 453437 665803
589251 270275 802573 304638 404843 647540 536470 923272 297535 264317 343969 171607 18894 467128 35383 938851 319943 95295 670822 476954
628035 627954 28803 939515 787313 999682 276504 787366 646423 180737 617402 806109 745798 713246 852830 725471 343685 421058 907266 620130
303361 263681 213366 57669 561623 177820 345418 457029 142803 142987 588230 371635 563611 479674 199204 301337 961839 542226 682083 381563
110385 678455 783666 341015 120921 708272 12249 589496 392246 400840 206611 658176 361337 655798 487710 796568 92064 107409 440864 731697
858167 366256 544437 5365 998453 865113 307841 981075 380543 450228 726917 167970 220152 700054 713363 578306 381019 344122 225980 803698
746021 915518 454876 702335 920528 187821 748563 134222 321171 993489 422764 613193 385239 275141 857634 931929 374321 751807 335638 293786
233274 998189 711280 195035 805282 473146 381527 679110 366355 178971 578466 708952 455554 954309 121832 43390 548478 465890 309570 466084
451286 622317 599728 844014 912805 899136 522487 413376 428992 939061 533252 690192 494261 357818 994199 454177 840793 850707 746827 831844
91570 121153 830773 1211 374061 429370 771638 596498 523973 660952 897477 925808 280199 672149 584349 140052 185499 642873 948049 290766
823032 958333 271257 413109 765414 116243 305339 910402 242558 261972 517991 733150 586815 416879 382740 587542 954146 548836 522677 140880
534651 877146 193267 638068 184906 513858 937944 270943 179954 801960 307188 749213 550794 147032 694428 792009 525034 504197 877746 428556
474162 906024 986369 738554 16209 283301 139249 986172 688577 775742 156526 865410 512601 199034 325542 32289 342819 699652 801887 439261
227091 260795 163237 536556 895476 998948 255925 312628 649691 939568 400212 133005 820837 935670 562430 804866 495533 743430 530685 146192
455728 331623 285344 418182 149406 566001 714551 898365 537216 744355 759670 573717 862043 264127 760673 30701 459666 159861 579762 473414
157866 770845 219996 686727 243763 242179 967048 832440 800116 183799 246737 839176 269497 309356 377400 699955 942002 647129 611545 6360
806329 208329 237291 247350 582397 79030 195876 625831 878273 333225 161160 278053 44059 537514 951378 523325 975708 862947 905291 655251
309525 989455 851365 55712 554699 633677 28665 354955 945948 273792 818021 254169 495789 623740 844539 982079 295733 561975 549555 790747
523737 241157 399285 591502 994247 80941 173815 743159 76628 695382 714318 979781 135855 101413 1880 11096 787739 388940 918458 186520
366036 633409 310179 699490 482939 600555 368750 838125 242931 135360 246752 695116 451953 1564 886641 415898 329793 762884 717334 829557
594868 627627 373455 776105 526539 272490 378947 943737 580873 374052 81888 739341 879082 255677 9002 604482 714191 983603 98528 252207
279281 338083 297301 181880 716624 938898 871478 47451 973401 223704 994047 652870 54026 598594 976131 191546 547416 97771 294883 956667
170351 381756 476292 122046 161648 937253 229812 235176 941566 286137 712563 243781 113751 459885 162003 770208 417382 685697 282424 56197
534162 225213 739410 226213 657316 393748 262207 255926 662795 614733 199804 141476 591527 438635 276214 309148 769563 10079 431107 951970
871930 851353 909941 48587 336036 537883 267930 835502 637389 981159 297275 402738 535841 172052 378583 144172 126479 697509 330097 991067
380640 729801 390143 822666 244752 839038 643986 524065 738486 333584 311078 495371 56639 335205 700113 149995 448096 41240 863261 288501
441429 783631 199747 84025 996275 699892 467859 172309 407129 239371 914440 186374 404065 109987 898807 486812 687434 457483 859567 560740
923196 45049 515112 536998 70745 25036 980511 332342 913702 14713 152831 318789 950458 59753 776570 647847 99753 62744 242046 913693
335672 706997 489309 412159 621900 525690 168741 283472 444389 636451 253243 744227 314803 66292 280587 536790 670933 142227 826570 338035
444712 850494 641864 214744 967137 357623 825485 514112 344863 124084 571275 581500 158348 18169 16295 750294 836748 801308 982431 734489
651097 513871 860007 961858 56223 382764 832238 312504 201462 20165 558452 934732 960949 622805 888823 385755 506839 952599 397702 837038
179731 87595 775732 125803 656880 299980 890856 210297 838480 802594 484241 871136 918881 484694 949688 342400 103201 479607 723808 46626
248544 678309 817679 860527 213136 727691 34134 761205 135388 723918 766148 407011 181836 731621 821827 824489 161712 83919 47603 622049
868470 157863 923492 972203 439012 749645 32022 134069 335154 312401 215222 106215 74038 80051 788882 31662 761193 158424 118922 206639
769195 416366 50393 806770 207130 221039 287874 912137 213904 530567 996298 330184 712954 851177 121195 386502 233031 968051 404511 65565
394564 998700 120506 608370 505476 44491 569739 790001 855708 507478 578473 931708 770815 991089 312385 316493 920366 435026 722003 605008
205343 954189 930470 381887 734227 513883 855345 223442 244096 801011 273190 628933 245276 347655 699647 660984 799342 988288 257746 578731
938044 950050 941608 237428 796587 835961 296319 375121 979985 606947 966099 193781 461899 538137 209284 661797 312463 112713 354062 402956
48230 229824 251888 823802 466722 255642 419218 599322 841359 832990 659443 785895 20179 117472 523975 563294 233947 392680 518443 542808
114620 20520 563679 194893 523985 567030 317495 214802 313819 550727 619875 932998 723607 889695 576669 502988 812059 269976 672201 175507
896026 86244 300845 9326 243095 203886 873813 872216 744855 644915 361558 365022 938226 158770 191449 891975 579916 713226 929545 459465
149039 553196 173413 622304 876001 918478 537071 728995 855775 414122 868777 688576 191268 338818 406025 578701 545209 338883 853791 260382
401886 161730 231212 340831 763058 33967 333621 799997 813634 57738 528048 167215 858420 98678 493489 518315 912481 658473 664116 154463
484107 448900 10154 755297 546302 615874 389198 11185 653694 171296 503799 725407 763337 899294 285622 487329 799749 768978 383423 420796
360564 301305 850018 892967 667893 182290 671654 547301 227757 71942 202101 786018 214506 706955 81411 39486 126972 392676 675026 403310
902620 234910 39834 64627 359097 409335 494278 226893 609901 320617 692609 210455 290626 429021 725928 138243 395487 374361 934473 623371
173993 876434 636139 262211 643308 182495 639291 867933 409000 991686 799535 744133 283909 502520 799830 120424 879108 654336 251 950339
564280 487989 819185 86102 956169 668374 225104 782662 353341 325175 463116 145469 621494 911229 780458 887657 55655 943383 208455 161851
97572 305420 629918 893086 700680 751909 39535 651905 129535 390021 466327 253055 399824 815550 536651 961270 569572 683598 187583 527333
387588 330071 542239 141140 404101 954298 450466 905661 579032 454644 520637 590763 370629 421704 757165 523207 309186 82747 279283 564260
309285 222063 148185 150860 821776 646966 761357 104524 557552 854990 376822 674941 11230 903772 242515 757783 73344 618638 389933 10837
700277 823610 136094 307884 275011 369113 290868 468327 94514 44297 361323 925611 367654 578177 518113 593465 16167 603400 237579 279507
700422 966749 509853 902711 663114 559194 253209 357312 349286 649515 171994 962711 836609 858557 349671 719158 199936 38897 67507 77891
89341 381629 114679 896762 767342 598606 880562 375153 813170 643978 313902 209279 630176 699691 842554 787005 821831 256189 943883 282430
917335 776803 403892 701548 547447 110164 41374 667551 763908 984677 177087 368318 671101 205160 71301 691390 83848 219566 85553 168900
439384 233363 170125 638995 61276 345548 483631 998686 551134 342373 371818 739705 308643 770254 704873 675632 784351 784440 857969 459207
507281 869335 607146 608720 354526 458683 894335 414705 355913 901955 721874 32629 334339 848372 290999 552584 44130 70799 508743 736791
138988 596188 86920 13161 118664 380658 744844 157271 862635 732232 133640 523240 800894 220522 157833 378794 488778 880674 360837 12756
280566 931130 957981 796088 570678 50197 414821 325251 817799 759515 116738 859501 686807 551979 324467 930978 906972 429419 954723 282993
357451 223368 347956 704820 131923 465173 901022 826469 684435 461780 363435 998880 960074 797515 272396 378831 282422 87642 316578 625652
922796 351909 923149 563832 571734 946060 237483 299018 93899 698081 322692 254399 542765 182344 199560 791571 312822 139157 773159 289732
722471 151083 356817 868901 912126 4272 84175 198652 534697 439780 877557 15965 193875 819406 641997 857508 867974 412023 184668 43410
604478 874116 620353 531323 675502 147893 227035 502061 671449 56207 18184 432013 797075 354371 664228 657913 436781 515430 794915 192518
862350 394089 341973 183963 322914 948779 876655 969480 544697 214546 481290 546478 597656 80019 963526 419875 14309 726290 309773 844386
331935 777417 397208 279867 7552 212859 189621 583844 297643 927583 128871 851525 90426 453031 646797 918039 592900 934639 362185 827812
123071 422921 723279 508975 192442 8765 802341 969191 653839 397805 238785 133823 611812 57355 842459 44384 115433 946593 238859 199
429140 619418 98851 44623 587022 179447 244639 756605 360804 464164 285299 622236 383949 992222 970033 339886 760636 194618 664587 635385
44868 635919 704871 13428 439984 871828 273179 456993 789741 516554 808560 776516 554552 389290 217375 917853 820705 672968 880555 195001
127364 506620 263973 559421 854357 59301 230353 734944 468663 504347 705265 168670 705331 221182 43294 95636 825611 489453 836479 140146
923987 135346 978964 309015 559272 927738 842371 446246 829118 304938 652614 602100 730447 137773 805534 833854 28873 193211 499675 973631
931826 15315 463724 492335 359411 884509 590407 567857 775041 595662 430780 605 104955 657577 536743 356755 100284 132309 369242 275983
943237 39381 54548 103316 149560 394123 319659 860154 453889 175889 936626 815404 868157 331798 587075 942058 753748 427648 134479 139836
492652 499922 367937 518429 326182 409193 340459 393591 177654 816886 791137 419271 614257 411503 29186 141615 378834 173023 744092 133426
918389 498382 584671 431372 542879 718598 592910 367585 508652 641211 195400 759255 841658 723845 633821 76028 599014 960084 110055 113491
833076 621504 398492 233942 690677 467187 13431 714746 578048 841840 749439 304324 287786 230560 242186 53095 809082 737953 951343 470430
140995 581156 458688 623494 923141 742920 660524 297806 496162 395445 78440 620931 351890 538842 422126 805978 922534 315702 273010 694372
853408 269990 765621 677740 692939 590962 60131 343933 557503 900781 44204 549096 531256 652634 890548 335797 278483 548088 457437 660093
588008 177223 792012 459193 724174 272135 301923 468711 207394 966490 185877 712648 16238 266351 376669 641480 569637 305418 406902 166569
995102 463969 297 935326 32815 61016 935902 473243 408072 153990 748077 127850 63707 477545 583754 92344 296390 63720 803420 939871
137518 842860 127941 313833 615677 66474 864740 299015 298290 977356 532505 336205 337870 942654 598774 483306 230860 746082 749709 289793
130468 973245 993987 787590 737035 219239 727996 326551 700648 879547 161738 806463 782316 271639 971453 362535 970513 999408 672543 630511

